obs_id,norad_id,sat_name,altitude_km,elevation_deg,frequency_hz,station_lat,station_lng,status,band,distance_km,fspl_db,gas_att_db,rain_att_db,snr_db,received_ok,rain_zone
13936676,62715,,585.2259758810051,90.0,401530000.0,63.854,20.208,good,UHF,585.2259758810051,139.86861508800024,0.0500255,0.0012060623728852977,37.23346104024162,1,polar
13928753,57175,,481.7631162633661,80.0,436990000.0,50.77,-2.02,good,UHF,488.6621526619174,139.03738727362625,0.05139734110051482,0.0012246678290217998,38.06329840805897,1,polar
13925585,57175,,481.7631162633661,21.0,436990000.0,48.363,10.312,good,UHF,1120.4676349917204,146.24519952403332,0.14124170441085082,0.009759303284560083,30.757107158886015,1,temperate
13936477,57175,,481.7631162633661,40.0,436990000.0,51.721268,5.029968,good,UHF,715.3818272796561,142.34797127015617,0.07874529508228008,0.001876299970177465,34.724714825406124,1,polar
13931120,57175,,481.7631162633661,21.0,436990000.0,52.512,13.327,good,UHF,1120.4676349917204,146.24519952403332,0.14124170441085082,0.003365430347260568,30.763501031823324,1,polar
13925556,57175,,481.7631162633661,8.0,436990000.0,53.91,27.09,good,UHF,1789.1888981669108,150.3103370918833,0.36369456202979905,0.008665915788075794,26.47061012091359,1,polar
13937393,39086,,782.2412474129687,76.0,465988000.0,-34.747,-58.333,good,UHF,803.4689320354719,143.91465965051066,0.052664150337053926,0.003604490272776574,33.182379399494266,1,temperate
13931136,57166,,811.7137315693353,14.0,137900000.0,47.9183,19.8933,good,VHF,2116.7984110754323,141.7526585624141,0.17056469085219092,0.0144568208611677,32.215627616487296,1,temperate
13935668,39086,,782.2412474129687,81.0,465988000.0,-38.28,-57.854,good,UHF,790.9096393592672,143.77781525419863,0.05173676543474179,0.003541017306097911,33.32021465367529,1,temperate
13936490,63217,,469.1826959130867,28.0,436400000.0,51.721268,5.029968,good,UHF,900.6827653677924,144.33691511152568,0.1077949564535106,0.002568978546279574,32.70602864408926,1,polar
13936672,98492,,587.5337487022234,74.0,436650000.0,63.854,20.208,good,UHF,609.105842673669,140.94430781911453,0.05265042136515223,0.0012546660061264802,36.155094784128934,1,polar
13936654,57197,,460.16021298554824,29.0,401523000.0,59.589261,150.832095,good,UHF,862.9749372463866,143.24195543267263,0.10318562430323658,0.0024877030539791766,33.80567893058492,1,polar
13933772,41789,,663.5406803610595,69.0,437646970.0,-8.7356,115.1948,good,UHF,705.8797011072693,142.2448756048554,0.05422933907253651,0.007333721398419748,34.846869025288385,1,tropical
13932742,57172,,505.06217913152705,47.0,437625000.0,50.469,5.718,good,UHF,669.8346685901661,141.78917812809163,0.06922380131699368,0.0016490822022438012,35.29325667900386,1,polar
13935350,46907,,493.6946668929286,37.0,401090000.0,-38.28,-57.854,good,UHF,774.0464881906769,142.28796079926238,0.08311219351868789,0.005811455966586745,34.77642324186709,1,temperate
13936557,40974,BISONSAT,520.5738840995682,24.0,437375500.0,40.44,-3.8,good,UHF,1099.2273343692132,146.08662264935387,0.12446118603227449,0.008598737208997235,30.93362511801962,1,temperate
13936494,63215,,467.7939352753601,47.0,436400000.0,51.721268,5.029968,good,UHF,621.6595286646752,141.11652995639912,0.06919588504799624,0.0016490822022438012,35.96593276696538,1,polar
13936585,40974,BISONSAT,520.5674914086931,70.0,437375500.0,53.109,6.108,good,UHF,551.2343144985425,140.09159715527636,0.05387179156271517,0.001283464769444089,37.006555279006236,1,polar
13934316,40974,BISONSAT,520.5738840995682,68.0,437375500.0,51.4901,3.8236,good,UHF,558.0402340727424,140.19818250545936,0.0545985833884616,0.00130078017099296,36.899225821595934,1,polar
13936488,40974,BISONSAT,520.5738840995682,63.0,437375500.0,51.721268,5.029968,good,UHF,578.6382536381288,140.51301508859615,0.05681543695329643,0.0013535954453127257,36.582123569619995,1,polar
13935349,46914,,494.30083110808755,39.0,401060080.0,-38.28,-57.854,good,UHF,746.4755940527411,141.97228420555606,0.07947886118318861,0.005557457785920593,35.09598716608957,1,temperate
13933771,98457,,514.0635395582931,79.0,401510000.0,-8.7356,115.1948,good,UHF,522.9492333482822,138.89090116049476,0.05096147245125042,0.0069747648255845136,38.204470292843155,1,tropical
13936493,63237,,474.6854839275593,51.0,436400000.0,51.721268,5.029968,good,UHF,597.520684966602,140.7725369458802,0.06511861243130022,0.001551912295373969,36.31410022000787,1,polar
13932741,63237,,474.6854839275593,49.0,436400000.0,50.469,5.718,good,UHF,613.2995711029989,140.99893127968355,0.06705449088340551,0.0015980483148621183,36.08572387173294,1,polar
13936570,32785,CUTE-1.7+APD II (CO-65),539.3248681594314,77.0,437274600.0,33.797628,-79.159123,good,UHF,552.3659092837452,140.10740558768822,0.051952789974608844,0.00358941805939963,36.99035989489252,1,temperate
13936713,67290,,493.9101265296222,87.0,437350000.0,47.25833,16.60462,good,UHF,494.539135053019,139.14837913755548,0.05069197158527976,0.0035022211794867933,37.950734360294504,1,temperate
13936577,40086,,697.0771149316688,71.0,137250000.0,36.717165,-4.464836,good,VHF,732.9856336905732,132.4999395378565,0.043618039593273615,0.0036989453167132875,41.606051167848264,1,temperate
13927721,49263,,344.93083864068467,18.0,437250000.0,53.907,27.17,good,UHF,927.9546925527652,144.61291503051035,0.16381245774435396,0.003902899823761522,32.37267730253629,1,polar
13933770,98459,,513.9994733155818,84.0,401530000.0,-8.7356,115.1948,good,UHF,516.6180020298098,138.78553390771373,0.050301054439304695,0.006884331841093402,38.31058839662063,1,tropical
13926909,68460,,515.1444472635849,51.0,401200000.0,40.009,-105.249,good,UHF,647.3624733219658,140.73795211615794,0.06436371348597623,0.004500340580193772,36.34649152039064,1,temperate
13926902,68460,,514.9710410873886,5.0,401200000.0,42.28,-73.32,good,UHF,2116.808112578705,151.02863153409265,0.5739151365484062,0.04012841147145734,25.51063260850222,1,temperate
13927233,39472,,353.31180249740646,48.0,437478000.0,42.29361,-83.71195,good,UHF,465.7164367962414,138.62933890203243,0.06812216353765527,0.004706244849154102,38.45114038019551,1,temperate
13927206,39472,,353.31180249740646,48.0,437478000.0,42.293,-83.711,good,UHF,465.7164367962414,138.62933890203243,0.06812216353765527,0.004706244849154102,38.45114038019551,1,temperate
13936726,60524,,445.0574523267169,65.0,401540000.0,42.48304,23.445813,good,UHF,487.63188516209084,138.2842014234585,0.055197215981377966,0.003858977664214949,38.81005007351065,1,temperate
13933769,39086,,782.2413873379292,42.0,465988000.0,-8.7356,115.1948,good,UHF,1099.1813878819448,146.6366652017428,0.07636745280277153,0.010232111169155646,30.43004292490002,1,tropical
13936492,63214,,467.6839575111617,73.0,436400000.0,51.721268,5.029968,good,UHF,487.50152293156134,139.00499759524888,0.052918974156626275,0.0012611694811354845,38.09412995172811,1,polar
13936481,63216,,486.7794937849967,56.0,401357500.0,51.721268,5.029,good,UHF,577.9798904218951,139.75666544590334,0.060338188106280166,0.0014547740811894556,37.33484928252393,1,polar
13936473,63216,,486.7794937849967,56.0,401357500.0,51.721268,5.029968,good,UHF,577.9798904218951,139.75666544590334,0.060338188106280166,0.0014547740811894556,37.33484928252393,1,polar
13936576,5580,,888.4946011322327,11.0,137560000.0,36.717165,-4.464836,good,VHF,2471.4092787024447,143.0765200222021,0.2161952580830521,0.01832943724784388,30.842262973081773,1,temperate
13936547,60475,,496.31791526856705,79.0,401530000.0,38.65,20.74,good,UHF,504.9195678143269,138.58658723405077,0.050961812023482066,0.003562881678556305,38.512195762861936,1,temperate
13932321,43784,,487.5416538963318,80.0,437275000.0,50.7060925,2.8352674531249953,good,UHF,494.51744433851763,139.14650851399935,0.05140216437692127,0.0012246678290217998,37.95417234440946,1,polar
13933422,63214,,467.6839575111617,72.0,436400000.0,43.81477,4.06576,good,UHF,489.9911234240999,139.0492423104593,0.053210998294617916,0.003677406596931524,38.047176975263895,1,temperate
13936491,43784,,487.5416538963318,67.0,437275000.0,51.721268,5.029968,good,UHF,526.2995196742322,139.6875356642313,0.05499292025472785,0.0013102183745819988,37.409468887754144,1,polar
13928746,43784,,487.5416538963318,61.0,437275000.0,50.77,-2.02,good,UHF,551.4784221408217,140.0934466778371,0.0578780121083323,0.001378956320147354,37.00060404434916,1,polar
13927774,55104,,424.68021804115324,29.0,437325000.0,53.91,27.09,good,UHF,801.309973667117,143.33988028431892,0.10441641671139221,0.0024877030539791766,33.706523286530484,1,polar
13932739,43784,,487.5416538963318,58.0,437275000.0,50.469,5.718,good,UHF,567.138409301806,140.33665740630005,0.05969148475119353,0.0014221627032139864,36.7555366368603,1,polar
13936582,43784,,487.5416538963318,64.0,437275000.0,53.109,6.108,good,UHF,537.9327198928804,139.8774354141601,0.056321300979279655,0.0013418673364062929,37.21820910813898,1,polar
13936486,43784,,487.5416538963318,67.0,437275000.0,51.721268,5.029968,good,UHF,526.2995196742322,139.6875356642313,0.05499292025472785,0.0013102183745819988,37.409468887754144,1,polar
13936472,43784,,487.5416538963318,67.0,437275000.0,51.721268,5.029968,good,UHF,526.2995196742322,139.6875356642313,0.05499292025472785,0.0013102183745819988,37.409468887754144,1,polar
13936529,62709,,585.1427009513163,87.0,401520000.0,42.99996628871616,24.930953710839745,good,UHF,585.8781157634012,139.87807239855525,0.050093985399328,0.0035022211794867933,37.22163908548069,1,temperate
13936651,57204,SITRO-AIS 12 (SMIRENNIY),456.19073223545183,15.0,401349000.0,59.589261,150.832095,good,UHF,1307.6773455882649,146.8482389267362,0.1932720341871246,0.004659867176341542,30.10713686251509,1,polar
13936525,62709,,585.1427009513163,82.0,401520000.0,42.48304,23.445813,good,UHF,590.403649316996,139.94490753978423,0.050516960924434716,0.0035317926705674993,37.154351397235516,1,temperate
13936575,41183,,696.9780786457186,49.0,137288000.0,36.717165,-4.464836,good,VHF,891.4235296700044,134.20211665535842,0.05464742255048547,0.004634128940096609,39.891909483765744,1,temperate
13933767,46507,NETSAT-2,434.60322440155414,14.0,435600000.0,-8.7356,115.1948,good,UHF,1305.4413407761288,147.54468788026338,0.20913085691530447,0.028300947022497486,29.371188006413576,1,tropical
13935347,46912,,490.20282774055795,41.0,401030000.0,-38.28,-57.854,good,UHF,714.8463322767248,141.5955743320816,0.07623882067994583,0.005330955527675721,35.47616358232551,1,temperate
13936528,98518,,509.3836838253201,69.0,401496000.0,42.99996628871616,24.930953710839745,good,UHF,542.682130667703,139.21231810835712,0.053583956897026136,0.00374624553794562,37.88365937982266,1,temperate
13936524,98518,,509.3836838253201,81.0,401496000.0,42.48304,23.445813,good,UHF,515.2556725245295,138.76186331312576,0.05064850041986979,0.003541017306097911,38.337254859763036,1,temperate
13936335,63213,,467.2859585363003,74.0,436400000.0,53.109,6.108,good,UHF,484.76056797542697,138.95602377317726,0.052646086784169474,0.0012546660061264802,38.14338316464719,1,polar
13935889,63213,,467.2859585363003,61.0,436400000.0,51.721268,5.029968,good,UHF,528.782949971047,139.71102692724722,0.05786133819484249,0.001378956320147354,37.38304046885254,1,polar
13935885,63213,,467.2859585363003,61.0,436400000.0,51.721268,5.029,good,UHF,528.782949971047,139.71102692724722,0.05786133819484249,0.001378956320147354,37.38304046885254,1,polar
13935879,63213,,467.2859585363003,61.0,436400000.0,51.721268,5.029968,good,UHF,528.782949971047,139.71102692724722,0.05786133819484249,0.001378956320147354,37.38304046885254,1,polar
13935713,62083,,653.6538903280198,63.0,400639000.0,33.797628,-79.159123,good,UHF,724.9634906060837,141.70917040395238,0.056128264656148855,0.003925247921460921,35.38408377408476,1,temperate
13936553,43689,,820.2422986721886,27.0,465987500.0,40.44,-3.8,good,UHF,1522.5999581017245,149.4669848320877,0.11255696252671035,0.007703732807371461,27.56606216319301,1,temperate
13936326,43017,,530.6987426393534,31.0,145960000.0,36.717165,-4.464836,good,VHF,939.0544386722963,135.1862757122755,0.08063869842487492,0.006790607680197814,38.879602672234185,1,temperate
13936527,60472,,496.339573111597,55.0,401510000.0,42.99996628871616,24.930953710839745,good,UHF,595.5516765265584,140.0200995785878,0.061069452265223305,0.004269563302029241,37.06786909645969,1,temperate
13936363,57194,SITRO-AIS 7 (FARTUSHNIY),491.3527136666271,17.0,401199000.0,59.589261,150.832095,good,UHF,1295.3852169739787,146.7629587899968,0.17108353005899976,0.004125099499724285,30.215140271059227,1,polar
13936523,60472,,496.339573111597,46.0,401510000.0,42.48304,23.445813,good,UHF,668.1846134089674,141.0196399618778,0.0695431653345412,0.004861988041579228,36.05926257536083,1,temperate
13934315,40908,,417.2818961617795,20.0,437225000.0,51.4901,3.8236,good,UHF,1021.0190112964497,145.4425595242154,0.1480041969880889,0.0035262904727131673,31.559217678938552,1,polar
13935888,63238,,475.45600580236624,45.0,436400000.0,51.721268,5.029968,good,UHF,650.5401239911262,141.51095982268234,0.07156863434649444,0.0017056297648022649,35.569073603821124,1,polar
13936482,66673,,501.10582397294,30.0,400600000.0,51.721268,5.029,bad,UHF,911.3592994017208,143.69579470954142,0.10002000000000003,0.0024121247457705958,33.35508085632756,0,polar
13936474,66673,,501.10582397294,30.0,400600000.0,51.721268,5.029968,bad,UHF,911.3592994017208,143.69579470954142,0.10002000000000003,0.0024121247457705958,33.35508085632756,0,polar
13936487,50993,,475.9706516191036,70.0,437515000.0,51.721268,5.029968,bad,UHF,504.2083794714963,139.31984334524213,0.05387426577603618,0.001283464769444089,37.778306614827144,0,polar
13936480,43784,,487.5416538963318,67.0,437275000.0,51.721268,5.029,bad,UHF,526.2995196742322,139.6875356642313,0.05499292025472785,0.0013102183745819988,37.409468887754144,0,polar
13933768,44530,,656.1292369809689,12.0,435840000.0,-8.7356,115.1948,bad,UHF,1923.3387933426225,150.91544076623532,0.24335973188580037,0.032930417351805505,25.96157677514185,0,tropical
13933787,27848,CUBESAT XI-IV (CO-57),813.2248575014492,13.0,436848700.0,-8.7356,115.1948,bad,UHF,2183.7413865746285,152.03842827465533,0.2250007013642627,0.03043603761235311,24.85944267698281,0,tropical
13935731,43770,,488.90109466601643,79.0,145920000.0,49.45262,11.09435,bad,VHF,497.38358604662153,129.6639086254677,0.04230798348595335,0.003562881678556305,44.443528199982524,0,temperate
13933766,25397,,810.4486473732777,78.0,435225000.0,-8.7356,115.1948,bad,UHF,826.4547413988421,143.56644141248037,0.051717228867486816,0.006999576286658615,33.52814947298023,0,tropical
13935878,56192,,488.5349857191695,89.0,401415000.0,51.721268,5.029968,bad,UHF,488.60410770145063,138.2987974391116,0.050031203327931754,0.0012062460900073898,38.8032728020852,0,polar
13935884,35933,BEESAT-1,687.8941844436995,27.0,435950000.0,51.721268,5.029,bad,UHF,1303.5224086024105,147.5388868906989,0.11145424121362735,0.002656580641174678,29.50030997806104,0,polar
13935883,63217,,469.1826959130867,26.0,436400000.0,51.721268,5.029,bad,UHF,948.7013319443136,144.78806826652448,0.11544251266841725,0.0027512357547236003,32.24704567566715,0,polar
13935877,63217,,469.1826959130867,26.0,436400000.0,51.721268,5.029968,bad,UHF,948.7013319443136,144.78806826652448,0.11544251266841725,0.0027512357547236003,32.24704567566715,0,polar
13935876,43440,,492.6948797459936,11.0,401440000.0,51.721268,5.029968,bad,UHF,1612.9768643561094,148.67275886439214,0.2621679334419325,0.00632078362188973,28.212060109158784,0,polar
13935882,61781,,461.0974337214411,25.0,435400000.0,51.721268,5.029,bad,UHF,959.6584562041526,144.8678856063957,0.1197061380916849,0.0028537866961018503,32.162862159431256,0,polar
13933763,40012,,604.3384074273326,32.0,437421500.0,-8.7356,115.1948,bad,UHF,1035.760773772935,145.57097492117867,0.09553095175718765,0.012920116729206753,31.473881700949676,0,tropical
13934551,25544,,419.6307747912688,23.0,145800000.0,-33.933,151.058,bad,VHF,934.1966931646521,135.13170021461715,0.10627939173217586,0.008950967179402807,38.90637711708602,0,temperate
13934311,40974,BISONSAT,520.5738840995682,16.0,437375500.0,51.4901,3.8236,bad,UHF,1404.5932234174052,148.2158836371388,0.1836577079690516,0.004375540351961674,28.749390805154945,0,polar
13935712,40974,BISONSAT,520.5738840995682,17.0,437375500.0,51.721268,5.029968,bad,UHF,1358.4119395512869,147.92550206287933,0.17314577362404804,0.004125099499724285,29.050534754611647,0,polar
13934310,27848,CUBESAT XI-IV (CO-57),813.2248575014492,19.0,437490000.0,51.4901,3.8236,bad,UHF,1841.00413829922,150.56824112683086,0.15549688334150424,0.0037044850866825487,26.425865195355726,0,polar
13935704,44408,,380.01522461782315,36.0,400500000.0,51.721268,5.029,bad,UHF,615.2893843182073,140.2814220743603,0.08507925834867652,0.0020518758648357155,36.78475448204094,0,polar
13936062,59117,,458.6756181443179,38.0,401050000.0,-5.362,105.311,bad,UHF,707.9784545307252,141.5121544609297,0.08124188698593314,0.011120752272710907,35.54879059042639,0,tropical
13933761,44530,,656.1292369809689,31.0,435840000.0,-8.7356,115.1948,bad,UHF,1141.2323466270159,146.38180639234153,0.09823998612562695,0.013293422534137988,30.659967889613455,0,tropical
13933719,48274,,378.647425336193,81.0,436510000.0,-8.7356,115.1948,bad,UHF,383.09821931382976,136.91386983659453,0.05123934131844214,0.006931962714901434,40.18126654998689,0,tropical
13934550,43678,,566.2535568738604,61.0,145900000.0,-33.933,151.058,bad,VHF,639.5111038769292,131.84585085107673,0.04748349443877898,0.003998791107185853,42.25597455399206,0,temperate
13935708,60209,,392.7027015479098,23.0,435800000.0,51.721268,5.029968,bad,UHF,880.4563768041103,144.1276846046984,0.12949228504597027,0.003086681057504754,32.893044119812856,0,polar
13936676,62715,,585.2259758810051,90.0,401530000.0,63.854,20.208,good,UHF,585.2259758810051,139.86861508800024,0.0500255,0.0012060623728852977,37.23346104024162,1,polar
13928753,57175,,481.7631162633661,80.0,436990000.0,50.77,-2.02,good,UHF,488.6621526619174,139.03738727362625,0.05139734110051482,0.0012246678290217998,38.06329840805897,1,polar
13925585,57175,,481.7631162633661,21.0,436990000.0,48.363,10.312,good,UHF,1120.4676349917204,146.24519952403332,0.14124170441085082,0.009759303284560083,30.757107158886015,1,temperate
13936477,57175,,481.7631162633661,40.0,436990000.0,51.721268,5.029968,good,UHF,715.3818272796561,142.34797127015617,0.07874529508228008,0.001876299970177465,34.724714825406124,1,polar
13931120,57175,,481.7631162633661,21.0,436990000.0,52.512,13.327,good,UHF,1120.4676349917204,146.24519952403332,0.14124170441085082,0.003365430347260568,30.763501031823324,1,polar
13925556,57175,,481.7631162633661,8.0,436990000.0,53.91,27.09,good,UHF,1789.1888981669108,150.3103370918833,0.36369456202979905,0.008665915788075794,26.47061012091359,1,polar
13937393,39086,,782.2412474129687,76.0,465988000.0,-34.747,-58.333,good,UHF,803.4689320354719,143.91465965051066,0.052664150337053926,0.003604490272776574,33.182379399494266,1,temperate
13931136,57166,,811.7137315693353,14.0,137900000.0,47.9183,19.8933,good,VHF,2116.7984110754323,141.7526585624141,0.17056469085219092,0.0144568208611677,32.215627616487296,1,temperate
13935668,39086,,782.2412474129687,81.0,465988000.0,-38.28,-57.854,good,UHF,790.9096393592672,143.77781525419863,0.05173676543474179,0.003541017306097911,33.32021465367529,1,temperate
13936490,63217,,469.1826959130867,28.0,436400000.0,51.721268,5.029968,good,UHF,900.6827653677924,144.33691511152568,0.1077949564535106,0.002568978546279574,32.70602864408926,1,polar
13936672,98492,,587.5337487022234,74.0,436650000.0,63.854,20.208,good,UHF,609.105842673669,140.94430781911453,0.05265042136515223,0.0012546660061264802,36.155094784128934,1,polar
13936654,57197,,460.16021298554824,29.0,401523000.0,59.589261,150.832095,good,UHF,862.9749372463866,143.24195543267263,0.10318562430323658,0.0024877030539791766,33.80567893058492,1,polar
13933772,41789,,663.5406803610595,69.0,437646970.0,-8.7356,115.1948,good,UHF,705.8797011072693,142.2448756048554,0.05422933907253651,0.007333721398419748,34.846869025288385,1,tropical
13932742,57172,,505.06217913152705,47.0,437625000.0,50.469,5.718,good,UHF,669.8346685901661,141.78917812809163,0.06922380131699368,0.0016490822022438012,35.29325667900386,1,polar
13935350,46907,,493.6946668929286,37.0,401090000.0,-38.28,-57.854,good,UHF,774.0464881906769,142.28796079926238,0.08311219351868789,0.005811455966586745,34.77642324186709,1,temperate
13936557,40974,BISONSAT,520.5738840995682,24.0,437375500.0,40.44,-3.8,good,UHF,1099.2273343692132,146.08662264935387,0.12446118603227449,0.008598737208997235,30.93362511801962,1,temperate
13936494,63215,,467.7939352753601,47.0,436400000.0,51.721268,5.029968,good,UHF,621.6595286646752,141.11652995639912,0.06919588504799624,0.0016490822022438012,35.96593276696538,1,polar
13936585,40974,BISONSAT,520.5674914086931,70.0,437375500.0,53.109,6.108,good,UHF,551.2343144985425,140.09159715527636,0.05387179156271517,0.001283464769444089,37.006555279006236,1,polar
13934316,40974,BISONSAT,520.5738840995682,68.0,437375500.0,51.4901,3.8236,good,UHF,558.0402340727424,140.19818250545936,0.0545985833884616,0.00130078017099296,36.899225821595934,1,polar
13936488,40974,BISONSAT,520.5738840995682,63.0,437375500.0,51.721268,5.029968,good,UHF,578.6382536381288,140.51301508859615,0.05681543695329643,0.0013535954453127257,36.582123569619995,1,polar
13935349,46914,,494.30083110808755,39.0,401060080.0,-38.28,-57.854,good,UHF,746.4755940527411,141.97228420555606,0.07947886118318861,0.005557457785920593,35.09598716608957,1,temperate
13933771,98457,,514.0635395582931,79.0,401510000.0,-8.7356,115.1948,good,UHF,522.9492333482822,138.89090116049476,0.05096147245125042,0.0069747648255845136,38.204470292843155,1,tropical
13936493,63237,,474.6854839275593,51.0,436400000.0,51.721268,5.029968,good,UHF,597.520684966602,140.7725369458802,0.06511861243130022,0.001551912295373969,36.31410022000787,1,polar
13932741,63237,,474.6854839275593,49.0,436400000.0,50.469,5.718,good,UHF,613.2995711029989,140.99893127968355,0.06705449088340551,0.0015980483148621183,36.08572387173294,1,polar
13936570,32785,CUTE-1.7+APD II (CO-65),539.3248681594314,77.0,437274600.0,33.797628,-79.159123,good,UHF,552.3659092837452,140.10740558768822,0.051952789974608844,0.00358941805939963,36.99035989489252,1,temperate
13936713,67290,,493.9101265296222,87.0,437350000.0,47.25833,16.60462,good,UHF,494.539135053019,139.14837913755548,0.05069197158527976,0.0035022211794867933,37.950734360294504,1,temperate
13936577,40086,,697.0771149316688,71.0,137250000.0,36.717165,-4.464836,good,VHF,732.9856336905732,132.4999395378565,0.043618039593273615,0.0036989453167132875,41.606051167848264,1,temperate
13927721,49263,,344.93083864068467,18.0,437250000.0,53.907,27.17,good,UHF,927.9546925527652,144.61291503051035,0.16381245774435396,0.003902899823761522,32.37267730253629,1,polar
13933770,98459,,513.9994733155818,84.0,401530000.0,-8.7356,115.1948,good,UHF,516.6180020298098,138.78553390771373,0.050301054439304695,0.006884331841093402,38.31058839662063,1,tropical
13926909,68460,,515.1444472635849,51.0,401200000.0,40.009,-105.249,good,UHF,647.3624733219658,140.73795211615794,0.06436371348597623,0.004500340580193772,36.34649152039064,1,temperate
13926902,68460,,514.9710410873886,5.0,401200000.0,42.28,-73.32,good,UHF,2116.808112578705,151.02863153409265,0.5739151365484062,0.04012841147145734,25.51063260850222,1,temperate
13927233,39472,,353.31180249740646,48.0,437478000.0,42.29361,-83.71195,good,UHF,465.7164367962414,138.62933890203243,0.06812216353765527,0.004706244849154102,38.45114038019551,1,temperate
13927206,39472,,353.31180249740646,48.0,437478000.0,42.293,-83.711,good,UHF,465.7164367962414,138.62933890203243,0.06812216353765527,0.004706244849154102,38.45114038019551,1,temperate
13936726,60524,,445.0574523267169,65.0,401540000.0,42.48304,23.445813,good,UHF,487.63188516209084,138.2842014234585,0.055197215981377966,0.003858977664214949,38.81005007351065,1,temperate
13933769,39086,,782.2413873379292,42.0,465988000.0,-8.7356,115.1948,good,UHF,1099.1813878819448,146.6366652017428,0.07636745280277153,0.010232111169155646,30.43004292490002,1,tropical
13936492,63214,,467.6839575111617,73.0,436400000.0,51.721268,5.029968,good,UHF,487.50152293156134,139.00499759524888,0.052918974156626275,0.0012611694811354845,38.09412995172811,1,polar
13936481,63216,,486.7794937849967,56.0,401357500.0,51.721268,5.029,good,UHF,577.9798904218951,139.75666544590334,0.060338188106280166,0.0014547740811894556,37.33484928252393,1,polar
13936473,63216,,486.7794937849967,56.0,401357500.0,51.721268,5.029968,good,UHF,577.9798904218951,139.75666544590334,0.060338188106280166,0.0014547740811894556,37.33484928252393,1,polar
13936576,5580,,888.4946011322327,11.0,137560000.0,36.717165,-4.464836,good,VHF,2471.4092787024447,143.0765200222021,0.2161952580830521,0.01832943724784388,30.842262973081773,1,temperate
13936547,60475,,496.31791526856705,79.0,401530000.0,38.65,20.74,good,UHF,504.9195678143269,138.58658723405077,0.050961812023482066,0.003562881678556305,38.512195762861936,1,temperate
13932321,43784,,487.5416538963318,80.0,437275000.0,50.7060925,2.8352674531249953,good,UHF,494.51744433851763,139.14650851399935,0.05140216437692127,0.0012246678290217998,37.95417234440946,1,polar
13933422,63214,,467.6839575111617,72.0,436400000.0,43.81477,4.06576,good,UHF,489.9911234240999,139.0492423104593,0.053210998294617916,0.003677406596931524,38.047176975263895,1,temperate
13936491,43784,,487.5416538963318,67.0,437275000.0,51.721268,5.029968,good,UHF,526.2995196742322,139.6875356642313,0.05499292025472785,0.0013102183745819988,37.409468887754144,1,polar
13928746,43784,,487.5416538963318,61.0,437275000.0,50.77,-2.02,good,UHF,551.4784221408217,140.0934466778371,0.0578780121083323,0.001378956320147354,37.00060404434916,1,polar
13927774,55104,,424.68021804115324,29.0,437325000.0,53.91,27.09,good,UHF,801.309973667117,143.33988028431892,0.10441641671139221,0.0024877030539791766,33.706523286530484,1,polar
13932739,43784,,487.5416538963318,58.0,437275000.0,50.469,5.718,good,UHF,567.138409301806,140.33665740630005,0.05969148475119353,0.0014221627032139864,36.7555366368603,1,polar
13936582,43784,,487.5416538963318,64.0,437275000.0,53.109,6.108,good,UHF,537.9327198928804,139.8774354141601,0.056321300979279655,0.0013418673364062929,37.21820910813898,1,polar
13936486,43784,,487.5416538963318,67.0,437275000.0,51.721268,5.029968,good,UHF,526.2995196742322,139.6875356642313,0.05499292025472785,0.0013102183745819988,37.409468887754144,1,polar
13936472,43784,,487.5416538963318,67.0,437275000.0,51.721268,5.029968,good,UHF,526.2995196742322,139.6875356642313,0.05499292025472785,0.0013102183745819988,37.409468887754144,1,polar
13936529,62709,,585.1427009513163,87.0,401520000.0,42.99996628871616,24.930953710839745,good,UHF,585.8781157634012,139.87807239855525,0.050093985399328,0.0035022211794867933,37.22163908548069,1,temperate
13936651,57204,SITRO-AIS 12 (SMIRENNIY),456.19073223545183,15.0,401349000.0,59.589261,150.832095,good,UHF,1307.6773455882649,146.8482389267362,0.1932720341871246,0.004659867176341542,30.10713686251509,1,polar
13936525,62709,,585.1427009513163,82.0,401520000.0,42.48304,23.445813,good,UHF,590.403649316996,139.94490753978423,0.050516960924434716,0.0035317926705674993,37.154351397235516,1,temperate
13936575,41183,,696.9780786457186,49.0,137288000.0,36.717165,-4.464836,good,VHF,891.4235296700044,134.20211665535842,0.05464742255048547,0.004634128940096609,39.891909483765744,1,temperate
13933767,46507,NETSAT-2,434.60322440155414,14.0,435600000.0,-8.7356,115.1948,good,UHF,1305.4413407761288,147.54468788026338,0.20913085691530447,0.028300947022497486,29.371188006413576,1,tropical
13935347,46912,,490.20282774055795,41.0,401030000.0,-38.28,-57.854,good,UHF,714.8463322767248,141.5955743320816,0.07623882067994583,0.005330955527675721,35.47616358232551,1,temperate
13936528,98518,,509.3836838253201,69.0,401496000.0,42.99996628871616,24.930953710839745,good,UHF,542.682130667703,139.21231810835712,0.053583956897026136,0.00374624553794562,37.88365937982266,1,temperate
13936524,98518,,509.3836838253201,81.0,401496000.0,42.48304,23.445813,good,UHF,515.2556725245295,138.76186331312576,0.05064850041986979,0.003541017306097911,38.337254859763036,1,temperate
13936335,63213,,467.2859585363003,74.0,436400000.0,53.109,6.108,good,UHF,484.76056797542697,138.95602377317726,0.052646086784169474,0.0012546660061264802,38.14338316464719,1,polar
13935889,63213,,467.2859585363003,61.0,436400000.0,51.721268,5.029968,good,UHF,528.782949971047,139.71102692724722,0.05786133819484249,0.001378956320147354,37.38304046885254,1,polar
13935885,63213,,467.2859585363003,61.0,436400000.0,51.721268,5.029,good,UHF,528.782949971047,139.71102692724722,0.05786133819484249,0.001378956320147354,37.38304046885254,1,polar
13935879,63213,,467.2859585363003,61.0,436400000.0,51.721268,5.029968,good,UHF,528.782949971047,139.71102692724722,0.05786133819484249,0.001378956320147354,37.38304046885254,1,polar
13935713,62083,,653.6538903280198,63.0,400639000.0,33.797628,-79.159123,good,UHF,724.9634906060837,141.70917040395238,0.056128264656148855,0.003925247921460921,35.38408377408476,1,temperate
13936553,43689,,820.2422986721886,27.0,465987500.0,40.44,-3.8,good,UHF,1522.5999581017245,149.4669848320877,0.11255696252671035,0.007703732807371461,27.56606216319301,1,temperate
13936326,43017,,530.6987426393534,31.0,145960000.0,36.717165,-4.464836,good,VHF,939.0544386722963,135.1862757122755,0.08063869842487492,0.006790607680197814,38.879602672234185,1,temperate
13936527,60472,,496.339573111597,55.0,401510000.0,42.99996628871616,24.930953710839745,good,UHF,595.5516765265584,140.0200995785878,0.061069452265223305,0.004269563302029241,37.06786909645969,1,temperate
13936363,57194,SITRO-AIS 7 (FARTUSHNIY),491.3527136666271,17.0,401199000.0,59.589261,150.832095,good,UHF,1295.3852169739787,146.7629587899968,0.17108353005899976,0.004125099499724285,30.215140271059227,1,polar
13936523,60472,,496.339573111597,46.0,401510000.0,42.48304,23.445813,good,UHF,668.1846134089674,141.0196399618778,0.0695431653345412,0.004861988041579228,36.05926257536083,1,temperate
13934315,40908,,417.2818961617795,20.0,437225000.0,51.4901,3.8236,good,UHF,1021.0190112964497,145.4425595242154,0.1480041969880889,0.0035262904727131673,31.559217678938552,1,polar
13935888,63238,,475.45600580236624,45.0,436400000.0,51.721268,5.029968,good,UHF,650.5401239911262,141.51095982268234,0.07156863434649444,0.0017056297648022649,35.569073603821124,1,polar
13936482,66673,,501.10582397294,30.0,400600000.0,51.721268,5.029,bad,UHF,911.3592994017208,143.69579470954142,0.10002000000000003,0.0024121247457705958,33.35508085632756,0,polar
13936474,66673,,501.10582397294,30.0,400600000.0,51.721268,5.029968,bad,UHF,911.3592994017208,143.69579470954142,0.10002000000000003,0.0024121247457705958,33.35508085632756,0,polar
13936487,50993,,475.9706516191036,70.0,437515000.0,51.721268,5.029968,bad,UHF,504.2083794714963,139.31984334524213,0.05387426577603618,0.001283464769444089,37.778306614827144,0,polar
13936480,43784,,487.5416538963318,67.0,437275000.0,51.721268,5.029,bad,UHF,526.2995196742322,139.6875356642313,0.05499292025472785,0.0013102183745819988,37.409468887754144,0,polar
13933768,44530,,656.1292369809689,12.0,435840000.0,-8.7356,115.1948,bad,UHF,1923.3387933426225,150.91544076623532,0.24335973188580037,0.032930417351805505,25.96157677514185,0,tropical
13933787,27848,CUBESAT XI-IV (CO-57),813.2248575014492,13.0,436848700.0,-8.7356,115.1948,bad,UHF,2183.7413865746285,152.03842827465533,0.2250007013642627,0.03043603761235311,24.85944267698281,0,tropical
13935731,43770,,488.90109466601643,79.0,145920000.0,49.45262,11.09435,bad,VHF,497.38358604662153,129.6639086254677,0.04230798348595335,0.003562881678556305,44.443528199982524,0,temperate
13933766,25397,,810.4486473732777,78.0,435225000.0,-8.7356,115.1948,bad,UHF,826.4547413988421,143.56644141248037,0.051717228867486816,0.006999576286658615,33.52814947298023,0,tropical
13935878,56192,,488.5349857191695,89.0,401415000.0,51.721268,5.029968,bad,UHF,488.60410770145063,138.2987974391116,0.050031203327931754,0.0012062460900073898,38.8032728020852,0,polar
13935884,35933,BEESAT-1,687.8941844436995,27.0,435950000.0,51.721268,5.029,bad,UHF,1303.5224086024105,147.5388868906989,0.11145424121362735,0.002656580641174678,29.50030997806104,0,polar
13935883,63217,,469.1826959130867,26.0,436400000.0,51.721268,5.029,bad,UHF,948.7013319443136,144.78806826652448,0.11544251266841725,0.0027512357547236003,32.24704567566715,0,polar
13935877,63217,,469.1826959130867,26.0,436400000.0,51.721268,5.029968,bad,UHF,948.7013319443136,144.78806826652448,0.11544251266841725,0.0027512357547236003,32.24704567566715,0,polar
13935876,43440,,492.6948797459936,11.0,401440000.0,51.721268,5.029968,bad,UHF,1612.9768643561094,148.67275886439214,0.2621679334419325,0.00632078362188973,28.212060109158784,0,polar
13935882,61781,,461.0974337214411,25.0,435400000.0,51.721268,5.029,bad,UHF,959.6584562041526,144.8678856063957,0.1197061380916849,0.0028537866961018503,32.162862159431256,0,polar
13933763,40012,,604.3384074273326,32.0,437421500.0,-8.7356,115.1948,bad,UHF,1035.760773772935,145.57097492117867,0.09553095175718765,0.012920116729206753,31.473881700949676,0,tropical
13934551,25544,,419.6307747912688,23.0,145800000.0,-33.933,151.058,bad,VHF,934.1966931646521,135.13170021461715,0.10627939173217586,0.008950967179402807,38.90637711708602,0,temperate
13934311,40974,BISONSAT,520.5738840995682,16.0,437375500.0,51.4901,3.8236,bad,UHF,1404.5932234174052,148.2158836371388,0.1836577079690516,0.004375540351961674,28.749390805154945,0,polar
13935712,40974,BISONSAT,520.5738840995682,17.0,437375500.0,51.721268,5.029968,bad,UHF,1358.4119395512869,147.92550206287933,0.17314577362404804,0.004125099499724285,29.050534754611647,0,polar
13934310,27848,CUBESAT XI-IV (CO-57),813.2248575014492,19.0,437490000.0,51.4901,3.8236,bad,UHF,1841.00413829922,150.56824112683086,0.15549688334150424,0.0037044850866825487,26.425865195355726,0,polar
13935704,44408,,380.01522461782315,36.0,400500000.0,51.721268,5.029,bad,UHF,615.2893843182073,140.2814220743603,0.08507925834867652,0.0020518758648357155,36.78475448204094,0,polar
13936062,59117,,458.6756181443179,38.0,401050000.0,-5.362,105.311,bad,UHF,707.9784545307252,141.5121544609297,0.08124188698593314,0.011120752272710907,35.54879059042639,0,tropical
13933761,44530,,656.1292369809689,31.0,435840000.0,-8.7356,115.1948,bad,UHF,1141.2323466270159,146.38180639234153,0.09823998612562695,0.013293422534137988,30.659967889613455,0,tropical
13933719,48274,,378.647425336193,81.0,436510000.0,-8.7356,115.1948,bad,UHF,383.09821931382976,136.91386983659453,0.05123934131844214,0.006931962714901434,40.18126654998689,0,tropical
13934550,43678,,566.2535568738604,61.0,145900000.0,-33.933,151.058,bad,VHF,639.5111038769292,131.84585085107673,0.04748349443877898,0.003998791107185853,42.25597455399206,0,temperate
13935708,60209,,392.7027015479098,23.0,435800000.0,51.721268,5.029968,bad,UHF,880.4563768041103,144.1276846046984,0.12949228504597027,0.003086681057504754,32.893044119812856,0,polar
13936676,62715,,585.2259758810051,90.0,401530000.0,63.854,20.208,good,UHF,585.2259758810051,139.86861508800024,0.0500255,0.0012060623728852977,37.23346104024162,1,polar
13928753,57175,,481.7631162633661,80.0,436990000.0,50.77,-2.02,good,UHF,488.6621526619174,139.03738727362625,0.05139734110051482,0.0012246678290217998,38.06329840805897,1,polar
13925585,57175,,481.7631162633661,21.0,436990000.0,48.363,10.312,good,UHF,1120.4676349917204,146.24519952403332,0.14124170441085082,0.009759303284560083,30.757107158886015,1,temperate
13936477,57175,,481.7631162633661,40.0,436990000.0,51.721268,5.029968,good,UHF,715.3818272796561,142.34797127015617,0.07874529508228008,0.001876299970177465,34.724714825406124,1,polar
13931120,57175,,481.7631162633661,21.0,436990000.0,52.512,13.327,good,UHF,1120.4676349917204,146.24519952403332,0.14124170441085082,0.003365430347260568,30.763501031823324,1,polar
13925556,57175,,481.7631162633661,8.0,436990000.0,53.91,27.09,good,UHF,1789.1888981669108,150.3103370918833,0.36369456202979905,0.008665915788075794,26.47061012091359,1,polar
13937393,39086,,782.2412474129687,76.0,465988000.0,-34.747,-58.333,good,UHF,803.4689320354719,143.91465965051066,0.052664150337053926,0.003604490272776574,33.182379399494266,1,temperate
13931136,57166,,811.7137315693353,14.0,137900000.0,47.9183,19.8933,good,VHF,2116.7984110754323,141.7526585624141,0.17056469085219092,0.0144568208611677,32.215627616487296,1,temperate
13935668,39086,,782.2412474129687,81.0,465988000.0,-38.28,-57.854,good,UHF,790.9096393592672,143.77781525419863,0.05173676543474179,0.003541017306097911,33.32021465367529,1,temperate
13936490,63217,,469.1826959130867,28.0,436400000.0,51.721268,5.029968,good,UHF,900.6827653677924,144.33691511152568,0.1077949564535106,0.002568978546279574,32.70602864408926,1,polar
13936672,98492,,587.5337487022234,74.0,436650000.0,63.854,20.208,good,UHF,609.105842673669,140.94430781911453,0.05265042136515223,0.0012546660061264802,36.155094784128934,1,polar
13936654,57197,,460.16021298554824,29.0,401523000.0,59.589261,150.832095,good,UHF,862.9749372463866,143.24195543267263,0.10318562430323658,0.0024877030539791766,33.80567893058492,1,polar
13933772,41789,,663.5406803610595,69.0,437646970.0,-8.7356,115.1948,good,UHF,705.8797011072693,142.2448756048554,0.05422933907253651,0.007333721398419748,34.846869025288385,1,tropical
13932742,57172,,505.06217913152705,47.0,437625000.0,50.469,5.718,good,UHF,669.8346685901661,141.78917812809163,0.06922380131699368,0.0016490822022438012,35.29325667900386,1,polar
13935350,46907,,493.6946668929286,37.0,401090000.0,-38.28,-57.854,good,UHF,774.0464881906769,142.28796079926238,0.08311219351868789,0.005811455966586745,34.77642324186709,1,temperate
13936557,40974,BISONSAT,520.5738840995682,24.0,437375500.0,40.44,-3.8,good,UHF,1099.2273343692132,146.08662264935387,0.12446118603227449,0.008598737208997235,30.93362511801962,1,temperate
13936494,63215,,467.7939352753601,47.0,436400000.0,51.721268,5.029968,good,UHF,621.6595286646752,141.11652995639912,0.06919588504799624,0.0016490822022438012,35.96593276696538,1,polar
13936585,40974,BISONSAT,520.5674914086931,70.0,437375500.0,53.109,6.108,good,UHF,551.2343144985425,140.09159715527636,0.05387179156271517,0.001283464769444089,37.006555279006236,1,polar
13934316,40974,BISONSAT,520.5738840995682,68.0,437375500.0,51.4901,3.8236,good,UHF,558.0402340727424,140.19818250545936,0.0545985833884616,0.00130078017099296,36.899225821595934,1,polar
13936488,40974,BISONSAT,520.5738840995682,63.0,437375500.0,51.721268,5.029968,good,UHF,578.6382536381288,140.51301508859615,0.05681543695329643,0.0013535954453127257,36.582123569619995,1,polar
13935349,46914,,494.30083110808755,39.0,401060080.0,-38.28,-57.854,good,UHF,746.4755940527411,141.97228420555606,0.07947886118318861,0.005557457785920593,35.09598716608957,1,temperate
13933771,98457,,514.0635395582931,79.0,401510000.0,-8.7356,115.1948,good,UHF,522.9492333482822,138.89090116049476,0.05096147245125042,0.0069747648255845136,38.204470292843155,1,tropical
13936493,63237,,474.6854839275593,51.0,436400000.0,51.721268,5.029968,good,UHF,597.520684966602,140.7725369458802,0.06511861243130022,0.001551912295373969,36.31410022000787,1,polar
13932741,63237,,474.6854839275593,49.0,436400000.0,50.469,5.718,good,UHF,613.2995711029989,140.99893127968355,0.06705449088340551,0.0015980483148621183,36.08572387173294,1,polar
13936570,32785,CUTE-1.7+APD II (CO-65),539.3248681594314,77.0,437274600.0,33.797628,-79.159123,good,UHF,552.3659092837452,140.10740558768822,0.051952789974608844,0.00358941805939963,36.99035989489252,1,temperate
13936713,67290,,493.9101265296222,87.0,437350000.0,47.25833,16.60462,good,UHF,494.539135053019,139.14837913755548,0.05069197158527976,0.0035022211794867933,37.950734360294504,1,temperate
13936577,40086,,697.0771149316688,71.0,137250000.0,36.717165,-4.464836,good,VHF,732.9856336905732,132.4999395378565,0.043618039593273615,0.0036989453167132875,41.606051167848264,1,temperate
13927721,49263,,344.93083864068467,18.0,437250000.0,53.907,27.17,good,UHF,927.9546925527652,144.61291503051035,0.16381245774435396,0.003902899823761522,32.37267730253629,1,polar
13933770,98459,,513.9994733155818,84.0,401530000.0,-8.7356,115.1948,good,UHF,516.6180020298098,138.78553390771373,0.050301054439304695,0.006884331841093402,38.31058839662063,1,tropical
13926909,68460,,515.1444472635849,51.0,401200000.0,40.009,-105.249,good,UHF,647.3624733219658,140.73795211615794,0.06436371348597623,0.004500340580193772,36.34649152039064,1,temperate
13926902,68460,,514.9710410873886,5.0,401200000.0,42.28,-73.32,good,UHF,2116.808112578705,151.02863153409265,0.5739151365484062,0.04012841147145734,25.51063260850222,1,temperate
13927233,39472,,353.31180249740646,48.0,437478000.0,42.29361,-83.71195,good,UHF,465.7164367962414,138.62933890203243,0.06812216353765527,0.004706244849154102,38.45114038019551,1,temperate
13927206,39472,,353.31180249740646,48.0,437478000.0,42.293,-83.711,good,UHF,465.7164367962414,138.62933890203243,0.06812216353765527,0.004706244849154102,38.45114038019551,1,temperate
13936726,60524,,445.0574523267169,65.0,401540000.0,42.48304,23.445813,good,UHF,487.63188516209084,138.2842014234585,0.055197215981377966,0.003858977664214949,38.81005007351065,1,temperate
13933769,39086,,782.2413873379292,42.0,465988000.0,-8.7356,115.1948,good,UHF,1099.1813878819448,146.6366652017428,0.07636745280277153,0.010232111169155646,30.43004292490002,1,tropical
13936492,63214,,467.6839575111617,73.0,436400000.0,51.721268,5.029968,good,UHF,487.50152293156134,139.00499759524888,0.052918974156626275,0.0012611694811354845,38.09412995172811,1,polar
13936481,63216,,486.7794937849967,56.0,401357500.0,51.721268,5.029,good,UHF,577.9798904218951,139.75666544590334,0.060338188106280166,0.0014547740811894556,37.33484928252393,1,polar
13936473,63216,,486.7794937849967,56.0,401357500.0,51.721268,5.029968,good,UHF,577.9798904218951,139.75666544590334,0.060338188106280166,0.0014547740811894556,37.33484928252393,1,polar
13936576,5580,,888.4946011322327,11.0,137560000.0,36.717165,-4.464836,good,VHF,2471.4092787024447,143.0765200222021,0.2161952580830521,0.01832943724784388,30.842262973081773,1,temperate
13936547,60475,,496.31791526856705,79.0,401530000.0,38.65,20.74,good,UHF,504.9195678143269,138.58658723405077,0.050961812023482066,0.003562881678556305,38.512195762861936,1,temperate
13932321,43784,,487.5416538963318,80.0,437275000.0,50.7060925,2.8352674531249953,good,UHF,494.51744433851763,139.14650851399935,0.05140216437692127,0.0012246678290217998,37.95417234440946,1,polar
13933422,63214,,467.6839575111617,72.0,436400000.0,43.81477,4.06576,good,UHF,489.9911234240999,139.0492423104593,0.053210998294617916,0.003677406596931524,38.047176975263895,1,temperate
13936491,43784,,487.5416538963318,67.0,437275000.0,51.721268,5.029968,good,UHF,526.2995196742322,139.6875356642313,0.05499292025472785,0.0013102183745819988,37.409468887754144,1,polar
13928746,43784,,487.5416538963318,61.0,437275000.0,50.77,-2.02,good,UHF,551.4784221408217,140.0934466778371,0.0578780121083323,0.001378956320147354,37.00060404434916,1,polar
13927774,55104,,424.68021804115324,29.0,437325000.0,53.91,27.09,good,UHF,801.309973667117,143.33988028431892,0.10441641671139221,0.0024877030539791766,33.706523286530484,1,polar
13932739,43784,,487.5416538963318,58.0,437275000.0,50.469,5.718,good,UHF,567.138409301806,140.33665740630005,0.05969148475119353,0.0014221627032139864,36.7555366368603,1,polar
13936582,43784,,487.5416538963318,64.0,437275000.0,53.109,6.108,good,UHF,537.9327198928804,139.8774354141601,0.056321300979279655,0.0013418673364062929,37.21820910813898,1,polar
13936486,43784,,487.5416538963318,67.0,437275000.0,51.721268,5.029968,good,UHF,526.2995196742322,139.6875356642313,0.05499292025472785,0.0013102183745819988,37.409468887754144,1,polar
13936472,43784,,487.5416538963318,67.0,437275000.0,51.721268,5.029968,good,UHF,526.2995196742322,139.6875356642313,0.05499292025472785,0.0013102183745819988,37.409468887754144,1,polar
13936529,62709,,585.1427009513163,87.0,401520000.0,42.99996628871616,24.930953710839745,good,UHF,585.8781157634012,139.87807239855525,0.050093985399328,0.0035022211794867933,37.22163908548069,1,temperate
13936651,57204,SITRO-AIS 12 (SMIRENNIY),456.19073223545183,15.0,401349000.0,59.589261,150.832095,good,UHF,1307.6773455882649,146.8482389267362,0.1932720341871246,0.004659867176341542,30.10713686251509,1,polar
13936525,62709,,585.1427009513163,82.0,401520000.0,42.48304,23.445813,good,UHF,590.403649316996,139.94490753978423,0.050516960924434716,0.0035317926705674993,37.154351397235516,1,temperate
13936575,41183,,696.9780786457186,49.0,137288000.0,36.717165,-4.464836,good,VHF,891.4235296700044,134.20211665535842,0.05464742255048547,0.004634128940096609,39.891909483765744,1,temperate
13933767,46507,NETSAT-2,434.60322440155414,14.0,435600000.0,-8.7356,115.1948,good,UHF,1305.4413407761288,147.54468788026338,0.20913085691530447,0.028300947022497486,29.371188006413576,1,tropical
13935347,46912,,490.20282774055795,41.0,401030000.0,-38.28,-57.854,good,UHF,714.8463322767248,141.5955743320816,0.07623882067994583,0.005330955527675721,35.47616358232551,1,temperate
13936528,98518,,509.3836838253201,69.0,401496000.0,42.99996628871616,24.930953710839745,good,UHF,542.682130667703,139.21231810835712,0.053583956897026136,0.00374624553794562,37.88365937982266,1,temperate
13936524,98518,,509.3836838253201,81.0,401496000.0,42.48304,23.445813,good,UHF,515.2556725245295,138.76186331312576,0.05064850041986979,0.003541017306097911,38.337254859763036,1,temperate
13936335,63213,,467.2859585363003,74.0,436400000.0,53.109,6.108,good,UHF,484.76056797542697,138.95602377317726,0.052646086784169474,0.0012546660061264802,38.14338316464719,1,polar
13935889,63213,,467.2859585363003,61.0,436400000.0,51.721268,5.029968,good,UHF,528.782949971047,139.71102692724722,0.05786133819484249,0.001378956320147354,37.38304046885254,1,polar
13935885,63213,,467.2859585363003,61.0,436400000.0,51.721268,5.029,good,UHF,528.782949971047,139.71102692724722,0.05786133819484249,0.001378956320147354,37.38304046885254,1,polar
13935879,63213,,467.2859585363003,61.0,436400000.0,51.721268,5.029968,good,UHF,528.782949971047,139.71102692724722,0.05786133819484249,0.001378956320147354,37.38304046885254,1,polar
13935713,62083,,653.6538903280198,63.0,400639000.0,33.797628,-79.159123,good,UHF,724.9634906060837,141.70917040395238,0.056128264656148855,0.003925247921460921,35.38408377408476,1,temperate
13936553,43689,,820.2422986721886,27.0,465987500.0,40.44,-3.8,good,UHF,1522.5999581017245,149.4669848320877,0.11255696252671035,0.007703732807371461,27.56606216319301,1,temperate
13936326,43017,,530.6987426393534,31.0,145960000.0,36.717165,-4.464836,good,VHF,939.0544386722963,135.1862757122755,0.08063869842487492,0.006790607680197814,38.879602672234185,1,temperate
13936527,60472,,496.339573111597,55.0,401510000.0,42.99996628871616,24.930953710839745,good,UHF,595.5516765265584,140.0200995785878,0.061069452265223305,0.004269563302029241,37.06786909645969,1,temperate
13936363,57194,SITRO-AIS 7 (FARTUSHNIY),491.3527136666271,17.0,401199000.0,59.589261,150.832095,good,UHF,1295.3852169739787,146.7629587899968,0.17108353005899976,0.004125099499724285,30.215140271059227,1,polar
13936523,60472,,496.339573111597,46.0,401510000.0,42.48304,23.445813,good,UHF,668.1846134089674,141.0196399618778,0.0695431653345412,0.004861988041579228,36.05926257536083,1,temperate
13934315,40908,,417.2818961617795,20.0,437225000.0,51.4901,3.8236,good,UHF,1021.0190112964497,145.4425595242154,0.1480041969880889,0.0035262904727131673,31.559217678938552,1,polar
13935888,63238,,475.45600580236624,45.0,436400000.0,51.721268,5.029968,good,UHF,650.5401239911262,141.51095982268234,0.07156863434649444,0.0017056297648022649,35.569073603821124,1,polar
13936482,66673,,501.10582397294,30.0,400600000.0,51.721268,5.029,bad,UHF,911.3592994017208,143.69579470954142,0.10002000000000003,0.0024121247457705958,33.35508085632756,0,polar
13936474,66673,,501.10582397294,30.0,400600000.0,51.721268,5.029968,bad,UHF,911.3592994017208,143.69579470954142,0.10002000000000003,0.0024121247457705958,33.35508085632756,0,polar
13936487,50993,,475.9706516191036,70.0,437515000.0,51.721268,5.029968,bad,UHF,504.2083794714963,139.31984334524213,0.05387426577603618,0.001283464769444089,37.778306614827144,0,polar
13936480,43784,,487.5416538963318,67.0,437275000.0,51.721268,5.029,bad,UHF,526.2995196742322,139.6875356642313,0.05499292025472785,0.0013102183745819988,37.409468887754144,0,polar
13933768,44530,,656.1292369809689,12.0,435840000.0,-8.7356,115.1948,bad,UHF,1923.3387933426225,150.91544076623532,0.24335973188580037,0.032930417351805505,25.96157677514185,0,tropical
13933787,27848,CUBESAT XI-IV (CO-57),813.2248575014492,13.0,436848700.0,-8.7356,115.1948,bad,UHF,2183.7413865746285,152.03842827465533,0.2250007013642627,0.03043603761235311,24.85944267698281,0,tropical
13935731,43770,,488.90109466601643,79.0,145920000.0,49.45262,11.09435,bad,VHF,497.38358604662153,129.6639086254677,0.04230798348595335,0.003562881678556305,44.443528199982524,0,temperate
13933766,25397,,810.4486473732777,78.0,435225000.0,-8.7356,115.1948,bad,UHF,826.4547413988421,143.56644141248037,0.051717228867486816,0.006999576286658615,33.52814947298023,0,tropical
13935878,56192,,488.5349857191695,89.0,401415000.0,51.721268,5.029968,bad,UHF,488.60410770145063,138.2987974391116,0.050031203327931754,0.0012062460900073898,38.8032728020852,0,polar
13935884,35933,BEESAT-1,687.8941844436995,27.0,435950000.0,51.721268,5.029,bad,UHF,1303.5224086024105,147.5388868906989,0.11145424121362735,0.002656580641174678,29.50030997806104,0,polar
13935883,63217,,469.1826959130867,26.0,436400000.0,51.721268,5.029,bad,UHF,948.7013319443136,144.78806826652448,0.11544251266841725,0.0027512357547236003,32.24704567566715,0,polar
13935877,63217,,469.1826959130867,26.0,436400000.0,51.721268,5.029968,bad,UHF,948.7013319443136,144.78806826652448,0.11544251266841725,0.0027512357547236003,32.24704567566715,0,polar
13935876,43440,,492.6948797459936,11.0,401440000.0,51.721268,5.029968,bad,UHF,1612.9768643561094,148.67275886439214,0.2621679334419325,0.00632078362188973,28.212060109158784,0,polar
13935882,61781,,461.0974337214411,25.0,435400000.0,51.721268,5.029,bad,UHF,959.6584562041526,144.8678856063957,0.1197061380916849,0.0028537866961018503,32.162862159431256,0,polar
13933763,40012,,604.3384074273326,32.0,437421500.0,-8.7356,115.1948,bad,UHF,1035.760773772935,145.57097492117867,0.09553095175718765,0.012920116729206753,31.473881700949676,0,tropical
13934551,25544,,419.6307747912688,23.0,145800000.0,-33.933,151.058,bad,VHF,934.1966931646521,135.13170021461715,0.10627939173217586,0.008950967179402807,38.90637711708602,0,temperate
13934311,40974,BISONSAT,520.5738840995682,16.0,437375500.0,51.4901,3.8236,bad,UHF,1404.5932234174052,148.2158836371388,0.1836577079690516,0.004375540351961674,28.749390805154945,0,polar
13935712,40974,BISONSAT,520.5738840995682,17.0,437375500.0,51.721268,5.029968,bad,UHF,1358.4119395512869,147.92550206287933,0.17314577362404804,0.004125099499724285,29.050534754611647,0,polar
13934310,27848,CUBESAT XI-IV (CO-57),813.2248575014492,19.0,437490000.0,51.4901,3.8236,bad,UHF,1841.00413829922,150.56824112683086,0.15549688334150424,0.0037044850866825487,26.425865195355726,0,polar
13935704,44408,,380.01522461782315,36.0,400500000.0,51.721268,5.029,bad,UHF,615.2893843182073,140.2814220743603,0.08507925834867652,0.0020518758648357155,36.78475448204094,0,polar
13936062,59117,,458.6756181443179,38.0,401050000.0,-5.362,105.311,bad,UHF,707.9784545307252,141.5121544609297,0.08124188698593314,0.011120752272710907,35.54879059042639,0,tropical
13933761,44530,,656.1292369809689,31.0,435840000.0,-8.7356,115.1948,bad,UHF,1141.2323466270159,146.38180639234153,0.09823998612562695,0.013293422534137988,30.659967889613455,0,tropical
13933719,48274,,378.647425336193,81.0,436510000.0,-8.7356,115.1948,bad,UHF,383.09821931382976,136.91386983659453,0.05123934131844214,0.006931962714901434,40.18126654998689,0,tropical
13934550,43678,,566.2535568738604,61.0,145900000.0,-33.933,151.058,bad,VHF,639.5111038769292,131.84585085107673,0.04748349443877898,0.003998791107185853,42.25597455399206,0,temperate
13935708,60209,,392.7027015479098,23.0,435800000.0,51.721268,5.029968,bad,UHF,880.4563768041103,144.1276846046984,0.12949228504597027,0.003086681057504754,32.893044119812856,0,polar
13936676,62715,,585.2259758810051,90.0,401530000.0,63.854,20.208,good,UHF,585.2259758810051,139.86861508800024,0.0500255,0.0012060623728852977,37.23346104024162,1,polar
13928753,57175,,481.7631162633661,80.0,436990000.0,50.77,-2.02,good,UHF,488.6621526619174,139.03738727362625,0.05139734110051482,0.0012246678290217998,38.06329840805897,1,polar
13925585,57175,,481.7631162633661,21.0,436990000.0,48.363,10.312,good,UHF,1120.4676349917204,146.24519952403332,0.14124170441085082,0.009759303284560083,30.757107158886015,1,temperate
13936477,57175,,481.7631162633661,40.0,436990000.0,51.721268,5.029968,good,UHF,715.3818272796561,142.34797127015617,0.07874529508228008,0.001876299970177465,34.724714825406124,1,polar
13931120,57175,,481.7631162633661,21.0,436990000.0,52.512,13.327,good,UHF,1120.4676349917204,146.24519952403332,0.14124170441085082,0.003365430347260568,30.763501031823324,1,polar
13925556,57175,,481.7631162633661,8.0,436990000.0,53.91,27.09,good,UHF,1789.1888981669108,150.3103370918833,0.36369456202979905,0.008665915788075794,26.47061012091359,1,polar
13937393,39086,,782.2412474129687,76.0,465988000.0,-34.747,-58.333,good,UHF,803.4689320354719,143.91465965051066,0.052664150337053926,0.003604490272776574,33.182379399494266,1,temperate
13931136,57166,,811.7137315693353,14.0,137900000.0,47.9183,19.8933,good,VHF,2116.7984110754323,141.7526585624141,0.17056469085219092,0.0144568208611677,32.215627616487296,1,temperate
13935668,39086,,782.2412474129687,81.0,465988000.0,-38.28,-57.854,good,UHF,790.9096393592672,143.77781525419863,0.05173676543474179,0.003541017306097911,33.32021465367529,1,temperate
13936490,63217,,469.1826959130867,28.0,436400000.0,51.721268,5.029968,good,UHF,900.6827653677924,144.33691511152568,0.1077949564535106,0.002568978546279574,32.70602864408926,1,polar
13936672,98492,,587.5337487022234,74.0,436650000.0,63.854,20.208,good,UHF,609.105842673669,140.94430781911453,0.05265042136515223,0.0012546660061264802,36.155094784128934,1,polar
13936654,57197,,460.16021298554824,29.0,401523000.0,59.589261,150.832095,good,UHF,862.9749372463866,143.24195543267263,0.10318562430323658,0.0024877030539791766,33.80567893058492,1,polar
13933772,41789,,663.5406803610595,69.0,437646970.0,-8.7356,115.1948,good,UHF,705.8797011072693,142.2448756048554,0.05422933907253651,0.007333721398419748,34.846869025288385,1,tropical
13932742,57172,,505.06217913152705,47.0,437625000.0,50.469,5.718,good,UHF,669.8346685901661,141.78917812809163,0.06922380131699368,0.0016490822022438012,35.29325667900386,1,polar
13935350,46907,,493.6946668929286,37.0,401090000.0,-38.28,-57.854,good,UHF,774.0464881906769,142.28796079926238,0.08311219351868789,0.005811455966586745,34.77642324186709,1,temperate
13936557,40974,BISONSAT,520.5738840995682,24.0,437375500.0,40.44,-3.8,good,UHF,1099.2273343692132,146.08662264935387,0.12446118603227449,0.008598737208997235,30.93362511801962,1,temperate
13936494,63215,,467.7939352753601,47.0,436400000.0,51.721268,5.029968,good,UHF,621.6595286646752,141.11652995639912,0.06919588504799624,0.0016490822022438012,35.96593276696538,1,polar
13936585,40974,BISONSAT,520.5674914086931,70.0,437375500.0,53.109,6.108,good,UHF,551.2343144985425,140.09159715527636,0.05387179156271517,0.001283464769444089,37.006555279006236,1,polar
13934316,40974,BISONSAT,520.5738840995682,68.0,437375500.0,51.4901,3.8236,good,UHF,558.0402340727424,140.19818250545936,0.0545985833884616,0.00130078017099296,36.899225821595934,1,polar
13936488,40974,BISONSAT,520.5738840995682,63.0,437375500.0,51.721268,5.029968,good,UHF,578.6382536381288,140.51301508859615,0.05681543695329643,0.0013535954453127257,36.582123569619995,1,polar
13935349,46914,,494.30083110808755,39.0,401060080.0,-38.28,-57.854,good,UHF,746.4755940527411,141.97228420555606,0.07947886118318861,0.005557457785920593,35.09598716608957,1,temperate
13933771,98457,,514.0635395582931,79.0,401510000.0,-8.7356,115.1948,good,UHF,522.9492333482822,138.89090116049476,0.05096147245125042,0.0069747648255845136,38.204470292843155,1,tropical
13936493,63237,,474.6854839275593,51.0,436400000.0,51.721268,5.029968,good,UHF,597.520684966602,140.7725369458802,0.06511861243130022,0.001551912295373969,36.31410022000787,1,polar
13932741,63237,,474.6854839275593,49.0,436400000.0,50.469,5.718,good,UHF,613.2995711029989,140.99893127968355,0.06705449088340551,0.0015980483148621183,36.08572387173294,1,polar
13936570,32785,CUTE-1.7+APD II (CO-65),539.3248681594314,77.0,437274600.0,33.797628,-79.159123,good,UHF,552.3659092837452,140.10740558768822,0.051952789974608844,0.00358941805939963,36.99035989489252,1,temperate
13936713,67290,,493.9101265296222,87.0,437350000.0,47.25833,16.60462,good,UHF,494.539135053019,139.14837913755548,0.05069197158527976,0.0035022211794867933,37.950734360294504,1,temperate
13936577,40086,,697.0771149316688,71.0,137250000.0,36.717165,-4.464836,good,VHF,732.9856336905732,132.4999395378565,0.043618039593273615,0.0036989453167132875,41.606051167848264,1,temperate
13927721,49263,,344.93083864068467,18.0,437250000.0,53.907,27.17,good,UHF,927.9546925527652,144.61291503051035,0.16381245774435396,0.003902899823761522,32.37267730253629,1,polar
13933770,98459,,513.9994733155818,84.0,401530000.0,-8.7356,115.1948,good,UHF,516.6180020298098,138.78553390771373,0.050301054439304695,0.006884331841093402,38.31058839662063,1,tropical
13926909,68460,,515.1444472635849,51.0,401200000.0,40.009,-105.249,good,UHF,647.3624733219658,140.73795211615794,0.06436371348597623,0.004500340580193772,36.34649152039064,1,temperate
13926902,68460,,514.9710410873886,5.0,401200000.0,42.28,-73.32,good,UHF,2116.808112578705,151.02863153409265,0.5739151365484062,0.04012841147145734,25.51063260850222,1,temperate
13927233,39472,,353.31180249740646,48.0,437478000.0,42.29361,-83.71195,good,UHF,465.7164367962414,138.62933890203243,0.06812216353765527,0.004706244849154102,38.45114038019551,1,temperate
13927206,39472,,353.31180249740646,48.0,437478000.0,42.293,-83.711,good,UHF,465.7164367962414,138.62933890203243,0.06812216353765527,0.004706244849154102,38.45114038019551,1,temperate
13936726,60524,,445.0574523267169,65.0,401540000.0,42.48304,23.445813,good,UHF,487.63188516209084,138.2842014234585,0.055197215981377966,0.003858977664214949,38.81005007351065,1,temperate
13933769,39086,,782.2413873379292,42.0,465988000.0,-8.7356,115.1948,good,UHF,1099.1813878819448,146.6366652017428,0.07636745280277153,0.010232111169155646,30.43004292490002,1,tropical
13936492,63214,,467.6839575111617,73.0,436400000.0,51.721268,5.029968,good,UHF,487.50152293156134,139.00499759524888,0.052918974156626275,0.0012611694811354845,38.09412995172811,1,polar
13936481,63216,,486.7794937849967,56.0,401357500.0,51.721268,5.029,good,UHF,577.9798904218951,139.75666544590334,0.060338188106280166,0.0014547740811894556,37.33484928252393,1,polar
13936473,63216,,486.7794937849967,56.0,401357500.0,51.721268,5.029968,good,UHF,577.9798904218951,139.75666544590334,0.060338188106280166,0.0014547740811894556,37.33484928252393,1,polar
13936576,5580,,888.4946011322327,11.0,137560000.0,36.717165,-4.464836,good,VHF,2471.4092787024447,143.0765200222021,0.2161952580830521,0.01832943724784388,30.842262973081773,1,temperate
13936547,60475,,496.31791526856705,79.0,401530000.0,38.65,20.74,good,UHF,504.9195678143269,138.58658723405077,0.050961812023482066,0.003562881678556305,38.512195762861936,1,temperate
13932321,43784,,487.5416538963318,80.0,437275000.0,50.7060925,2.8352674531249953,good,UHF,494.51744433851763,139.14650851399935,0.05140216437692127,0.0012246678290217998,37.95417234440946,1,polar
13933422,63214,,467.6839575111617,72.0,436400000.0,43.81477,4.06576,good,UHF,489.9911234240999,139.0492423104593,0.053210998294617916,0.003677406596931524,38.047176975263895,1,temperate
13936491,43784,,487.5416538963318,67.0,437275000.0,51.721268,5.029968,good,UHF,526.2995196742322,139.6875356642313,0.05499292025472785,0.0013102183745819988,37.409468887754144,1,polar
13928746,43784,,487.5416538963318,61.0,437275000.0,50.77,-2.02,good,UHF,551.4784221408217,140.0934466778371,0.0578780121083323,0.001378956320147354,37.00060404434916,1,polar
13927774,55104,,424.68021804115324,29.0,437325000.0,53.91,27.09,good,UHF,801.309973667117,143.33988028431892,0.10441641671139221,0.0024877030539791766,33.706523286530484,1,polar
13932739,43784,,487.5416538963318,58.0,437275000.0,50.469,5.718,good,UHF,567.138409301806,140.33665740630005,0.05969148475119353,0.0014221627032139864,36.7555366368603,1,polar
13936582,43784,,487.5416538963318,64.0,437275000.0,53.109,6.108,good,UHF,537.9327198928804,139.8774354141601,0.056321300979279655,0.0013418673364062929,37.21820910813898,1,polar
13936486,43784,,487.5416538963318,67.0,437275000.0,51.721268,5.029968,good,UHF,526.2995196742322,139.6875356642313,0.05499292025472785,0.0013102183745819988,37.409468887754144,1,polar
13936472,43784,,487.5416538963318,67.0,437275000.0,51.721268,5.029968,good,UHF,526.2995196742322,139.6875356642313,0.05499292025472785,0.0013102183745819988,37.409468887754144,1,polar
13936529,62709,,585.1427009513163,87.0,401520000.0,42.99996628871616,24.930953710839745,good,UHF,585.8781157634012,139.87807239855525,0.050093985399328,0.0035022211794867933,37.22163908548069,1,temperate
13936651,57204,SITRO-AIS 12 (SMIRENNIY),456.19073223545183,15.0,401349000.0,59.589261,150.832095,good,UHF,1307.6773455882649,146.8482389267362,0.1932720341871246,0.004659867176341542,30.10713686251509,1,polar
13936525,62709,,585.1427009513163,82.0,401520000.0,42.48304,23.445813,good,UHF,590.403649316996,139.94490753978423,0.050516960924434716,0.0035317926705674993,37.154351397235516,1,temperate
13936575,41183,,696.9780786457186,49.0,137288000.0,36.717165,-4.464836,good,VHF,891.4235296700044,134.20211665535842,0.05464742255048547,0.004634128940096609,39.891909483765744,1,temperate
13933767,46507,NETSAT-2,434.60322440155414,14.0,435600000.0,-8.7356,115.1948,good,UHF,1305.4413407761288,147.54468788026338,0.20913085691530447,0.028300947022497486,29.371188006413576,1,tropical
13935347,46912,,490.20282774055795,41.0,401030000.0,-38.28,-57.854,good,UHF,714.8463322767248,141.5955743320816,0.07623882067994583,0.005330955527675721,35.47616358232551,1,temperate
13936528,98518,,509.3836838253201,69.0,401496000.0,42.99996628871616,24.930953710839745,good,UHF,542.682130667703,139.21231810835712,0.053583956897026136,0.00374624553794562,37.88365937982266,1,temperate
13936524,98518,,509.3836838253201,81.0,401496000.0,42.48304,23.445813,good,UHF,515.2556725245295,138.76186331312576,0.05064850041986979,0.003541017306097911,38.337254859763036,1,temperate
13936335,63213,,467.2859585363003,74.0,436400000.0,53.109,6.108,good,UHF,484.76056797542697,138.95602377317726,0.052646086784169474,0.0012546660061264802,38.14338316464719,1,polar
13935889,63213,,467.2859585363003,61.0,436400000.0,51.721268,5.029968,good,UHF,528.782949971047,139.71102692724722,0.05786133819484249,0.001378956320147354,37.38304046885254,1,polar
13935885,63213,,467.2859585363003,61.0,436400000.0,51.721268,5.029,good,UHF,528.782949971047,139.71102692724722,0.05786133819484249,0.001378956320147354,37.38304046885254,1,polar
13935879,63213,,467.2859585363003,61.0,436400000.0,51.721268,5.029968,good,UHF,528.782949971047,139.71102692724722,0.05786133819484249,0.001378956320147354,37.38304046885254,1,polar
13935713,62083,,653.6538903280198,63.0,400639000.0,33.797628,-79.159123,good,UHF,724.9634906060837,141.70917040395238,0.056128264656148855,0.003925247921460921,35.38408377408476,1,temperate
13936553,43689,,820.2422986721886,27.0,465987500.0,40.44,-3.8,good,UHF,1522.5999581017245,149.4669848320877,0.11255696252671035,0.007703732807371461,27.56606216319301,1,temperate
13936326,43017,,530.6987426393534,31.0,145960000.0,36.717165,-4.464836,good,VHF,939.0544386722963,135.1862757122755,0.08063869842487492,0.006790607680197814,38.879602672234185,1,temperate
13936527,60472,,496.339573111597,55.0,401510000.0,42.99996628871616,24.930953710839745,good,UHF,595.5516765265584,140.0200995785878,0.061069452265223305,0.004269563302029241,37.06786909645969,1,temperate
13936363,57194,SITRO-AIS 7 (FARTUSHNIY),491.3527136666271,17.0,401199000.0,59.589261,150.832095,good,UHF,1295.3852169739787,146.7629587899968,0.17108353005899976,0.004125099499724285,30.215140271059227,1,polar
13936523,60472,,496.339573111597,46.0,401510000.0,42.48304,23.445813,good,UHF,668.1846134089674,141.0196399618778,0.0695431653345412,0.004861988041579228,36.05926257536083,1,temperate
13934315,40908,,417.2818961617795,20.0,437225000.0,51.4901,3.8236,good,UHF,1021.0190112964497,145.4425595242154,0.1480041969880889,0.0035262904727131673,31.559217678938552,1,polar
13936482,66673,,501.10582397294,30.0,400600000.0,51.721268,5.029,bad,UHF,911.3592994017208,143.69579470954142,0.10002000000000003,0.0024121247457705958,33.35508085632756,0,polar
13936474,66673,,501.10582397294,30.0,400600000.0,51.721268,5.029968,bad,UHF,911.3592994017208,143.69579470954142,0.10002000000000003,0.0024121247457705958,33.35508085632756,0,polar
13936487,50993,,475.9706516191036,70.0,437515000.0,51.721268,5.029968,bad,UHF,504.2083794714963,139.31984334524213,0.05387426577603618,0.001283464769444089,37.778306614827144,0,polar
13936480,43784,,487.5416538963318,67.0,437275000.0,51.721268,5.029,bad,UHF,526.2995196742322,139.6875356642313,0.05499292025472785,0.0013102183745819988,37.409468887754144,0,polar
13933768,44530,,656.1292369809689,12.0,435840000.0,-8.7356,115.1948,bad,UHF,1923.3387933426225,150.91544076623532,0.24335973188580037,0.032930417351805505,25.96157677514185,0,tropical
13933787,27848,CUBESAT XI-IV (CO-57),813.2248575014492,13.0,436848700.0,-8.7356,115.1948,bad,UHF,2183.7413865746285,152.03842827465533,0.2250007013642627,0.03043603761235311,24.85944267698281,0,tropical
13935731,43770,,488.90109466601643,79.0,145920000.0,49.45262,11.09435,bad,VHF,497.38358604662153,129.6639086254677,0.04230798348595335,0.003562881678556305,44.443528199982524,0,temperate
13933766,25397,,810.4486473732777,78.0,435225000.0,-8.7356,115.1948,bad,UHF,826.4547413988421,143.56644141248037,0.051717228867486816,0.006999576286658615,33.52814947298023,0,tropical
13935878,56192,,488.5349857191695,89.0,401415000.0,51.721268,5.029968,bad,UHF,488.60410770145063,138.2987974391116,0.050031203327931754,0.0012062460900073898,38.8032728020852,0,polar
13935884,35933,BEESAT-1,687.8941844436995,27.0,435950000.0,51.721268,5.029,bad,UHF,1303.5224086024105,147.5388868906989,0.11145424121362735,0.002656580641174678,29.50030997806104,0,polar
13935883,63217,,469.1826959130867,26.0,436400000.0,51.721268,5.029,bad,UHF,948.7013319443136,144.78806826652448,0.11544251266841725,0.0027512357547236003,32.24704567566715,0,polar
13935877,63217,,469.1826959130867,26.0,436400000.0,51.721268,5.029968,bad,UHF,948.7013319443136,144.78806826652448,0.11544251266841725,0.0027512357547236003,32.24704567566715,0,polar
13935876,43440,,492.6948797459936,11.0,401440000.0,51.721268,5.029968,bad,UHF,1612.9768643561094,148.67275886439214,0.2621679334419325,0.00632078362188973,28.212060109158784,0,polar
13935882,61781,,461.0974337214411,25.0,435400000.0,51.721268,5.029,bad,UHF,959.6584562041526,144.8678856063957,0.1197061380916849,0.0028537866961018503,32.162862159431256,0,polar
13933763,40012,,604.3384074273326,32.0,437421500.0,-8.7356,115.1948,bad,UHF,1035.760773772935,145.57097492117867,0.09553095175718765,0.012920116729206753,31.473881700949676,0,tropical
13934551,25544,,419.6307747912688,23.0,145800000.0,-33.933,151.058,bad,VHF,934.1966931646521,135.13170021461715,0.10627939173217586,0.008950967179402807,38.90637711708602,0,temperate
13934311,40974,BISONSAT,520.5738840995682,16.0,437375500.0,51.4901,3.8236,bad,UHF,1404.5932234174052,148.2158836371388,0.1836577079690516,0.004375540351961674,28.749390805154945,0,polar
13935712,40974,BISONSAT,520.5738840995682,17.0,437375500.0,51.721268,5.029968,bad,UHF,1358.4119395512869,147.92550206287933,0.17314577362404804,0.004125099499724285,29.050534754611647,0,polar
13934310,27848,CUBESAT XI-IV (CO-57),813.2248575014492,19.0,437490000.0,51.4901,3.8236,bad,UHF,1841.00413829922,150.56824112683086,0.15549688334150424,0.0037044850866825487,26.425865195355726,0,polar
13935704,44408,,380.01522461782315,36.0,400500000.0,51.721268,5.029,bad,UHF,615.2893843182073,140.2814220743603,0.08507925834867652,0.0020518758648357155,36.78475448204094,0,polar
13936062,59117,,458.6756181443179,38.0,401050000.0,-5.362,105.311,bad,UHF,707.9784545307252,141.5121544609297,0.08124188698593314,0.011120752272710907,35.54879059042639,0,tropical
13933761,44530,,656.1292369809689,31.0,435840000.0,-8.7356,115.1948,bad,UHF,1141.2323466270159,146.38180639234153,0.09823998612562695,0.013293422534137988,30.659967889613455,0,tropical
13933719,48274,,378.647425336193,81.0,436510000.0,-8.7356,115.1948,bad,UHF,383.09821931382976,136.91386983659453,0.05123934131844214,0.006931962714901434,40.18126654998689,0,tropical
13934550,43678,,566.2535568738604,61.0,145900000.0,-33.933,151.058,bad,VHF,639.5111038769292,131.84585085107673,0.04748349443877898,0.003998791107185853,42.25597455399206,0,temperate
13935708,60209,,392.7027015479098,23.0,435800000.0,51.721268,5.029968,bad,UHF,880.4563768041103,144.1276846046984,0.12949228504597027,0.003086681057504754,32.893044119812856,0,polar
13936676,62715,,585.2259758810051,90.0,401530000.0,63.854,20.208,good,UHF,585.2259758810051,139.86861508800024,0.0500255,0.0012060623728852977,37.23346104024162,1,polar
13928753,57175,,481.7631162633661,80.0,436990000.0,50.77,-2.02,good,UHF,488.6621526619174,139.03738727362625,0.05139734110051482,0.0012246678290217998,38.06329840805897,1,polar
13925585,57175,,481.7631162633661,21.0,436990000.0,48.363,10.312,good,UHF,1120.4676349917204,146.24519952403332,0.14124170441085082,0.009759303284560083,30.757107158886015,1,temperate
13936477,57175,,481.7631162633661,40.0,436990000.0,51.721268,5.029968,good,UHF,715.3818272796561,142.34797127015617,0.07874529508228008,0.001876299970177465,34.724714825406124,1,polar
13931120,57175,,481.7631162633661,21.0,436990000.0,52.512,13.327,good,UHF,1120.4676349917204,146.24519952403332,0.14124170441085082,0.003365430347260568,30.763501031823324,1,polar
13925556,57175,,481.7631162633661,8.0,436990000.0,53.91,27.09,good,UHF,1789.1888981669108,150.3103370918833,0.36369456202979905,0.008665915788075794,26.47061012091359,1,polar
13937393,39086,,782.2412474129687,76.0,465988000.0,-34.747,-58.333,good,UHF,803.4689320354719,143.91465965051066,0.052664150337053926,0.003604490272776574,33.182379399494266,1,temperate
13931136,57166,,811.7137315693353,14.0,137900000.0,47.9183,19.8933,good,VHF,2116.7984110754323,141.7526585624141,0.17056469085219092,0.0144568208611677,32.215627616487296,1,temperate
13935668,39086,,782.2412474129687,81.0,465988000.0,-38.28,-57.854,good,UHF,790.9096393592672,143.77781525419863,0.05173676543474179,0.003541017306097911,33.32021465367529,1,temperate
13936490,63217,,469.1826959130867,28.0,436400000.0,51.721268,5.029968,good,UHF,900.6827653677924,144.33691511152568,0.1077949564535106,0.002568978546279574,32.70602864408926,1,polar
13936672,98492,,587.5337487022234,74.0,436650000.0,63.854,20.208,good,UHF,609.105842673669,140.94430781911453,0.05265042136515223,0.0012546660061264802,36.155094784128934,1,polar
13936654,57197,,460.16021298554824,29.0,401523000.0,59.589261,150.832095,good,UHF,862.9749372463866,143.24195543267263,0.10318562430323658,0.0024877030539791766,33.80567893058492,1,polar
13933772,41789,,663.5406803610595,69.0,437646970.0,-8.7356,115.1948,good,UHF,705.8797011072693,142.2448756048554,0.05422933907253651,0.007333721398419748,34.846869025288385,1,tropical
13932742,57172,,505.06217913152705,47.0,437625000.0,50.469,5.718,good,UHF,669.8346685901661,141.78917812809163,0.06922380131699368,0.0016490822022438012,35.29325667900386,1,polar
13935350,46907,,493.6946668929286,37.0,401090000.0,-38.28,-57.854,good,UHF,774.0464881906769,142.28796079926238,0.08311219351868789,0.005811455966586745,34.77642324186709,1,temperate
13936557,40974,BISONSAT,520.5738840995682,24.0,437375500.0,40.44,-3.8,good,UHF,1099.2273343692132,146.08662264935387,0.12446118603227449,0.008598737208997235,30.93362511801962,1,temperate
13936494,63215,,467.7939352753601,47.0,436400000.0,51.721268,5.029968,good,UHF,621.6595286646752,141.11652995639912,0.06919588504799624,0.0016490822022438012,35.96593276696538,1,polar
13936585,40974,BISONSAT,520.5674914086931,70.0,437375500.0,53.109,6.108,good,UHF,551.2343144985425,140.09159715527636,0.05387179156271517,0.001283464769444089,37.006555279006236,1,polar
13934316,40974,BISONSAT,520.5738840995682,68.0,437375500.0,51.4901,3.8236,good,UHF,558.0402340727424,140.19818250545936,0.0545985833884616,0.00130078017099296,36.899225821595934,1,polar
13936488,40974,BISONSAT,520.5738840995682,63.0,437375500.0,51.721268,5.029968,good,UHF,578.6382536381288,140.51301508859615,0.05681543695329643,0.0013535954453127257,36.582123569619995,1,polar
13935349,46914,,494.30083110808755,39.0,401060080.0,-38.28,-57.854,good,UHF,746.4755940527411,141.97228420555606,0.07947886118318861,0.005557457785920593,35.09598716608957,1,temperate
13933771,98457,,514.0635395582931,79.0,401510000.0,-8.7356,115.1948,good,UHF,522.9492333482822,138.89090116049476,0.05096147245125042,0.0069747648255845136,38.204470292843155,1,tropical
13936493,63237,,474.6854839275593,51.0,436400000.0,51.721268,5.029968,good,UHF,597.520684966602,140.7725369458802,0.06511861243130022,0.001551912295373969,36.31410022000787,1,polar
13932741,63237,,474.6854839275593,49.0,436400000.0,50.469,5.718,good,UHF,613.2995711029989,140.99893127968355,0.06705449088340551,0.0015980483148621183,36.08572387173294,1,polar
13936570,32785,CUTE-1.7+APD II (CO-65),539.3248681594314,77.0,437274600.0,33.797628,-79.159123,good,UHF,552.3659092837452,140.10740558768822,0.051952789974608844,0.00358941805939963,36.99035989489252,1,temperate
13936713,67290,,493.9101265296222,87.0,437350000.0,47.25833,16.60462,good,UHF,494.539135053019,139.14837913755548,0.05069197158527976,0.0035022211794867933,37.950734360294504,1,temperate
13936577,40086,,697.0771149316688,71.0,137250000.0,36.717165,-4.464836,good,VHF,732.9856336905732,132.4999395378565,0.043618039593273615,0.0036989453167132875,41.606051167848264,1,temperate
13927721,49263,,344.93083864068467,18.0,437250000.0,53.907,27.17,good,UHF,927.9546925527652,144.61291503051035,0.16381245774435396,0.003902899823761522,32.37267730253629,1,polar
13933770,98459,,513.9994733155818,84.0,401530000.0,-8.7356,115.1948,good,UHF,516.6180020298098,138.78553390771373,0.050301054439304695,0.006884331841093402,38.31058839662063,1,tropical
13926909,68460,,515.1444472635849,51.0,401200000.0,40.009,-105.249,good,UHF,647.3624733219658,140.73795211615794,0.06436371348597623,0.004500340580193772,36.34649152039064,1,temperate
13926902,68460,,514.9710410873886,5.0,401200000.0,42.28,-73.32,good,UHF,2116.808112578705,151.02863153409265,0.5739151365484062,0.04012841147145734,25.51063260850222,1,temperate
13927233,39472,,353.31180249740646,48.0,437478000.0,42.29361,-83.71195,good,UHF,465.7164367962414,138.62933890203243,0.06812216353765527,0.004706244849154102,38.45114038019551,1,temperate
13927206,39472,,353.31180249740646,48.0,437478000.0,42.293,-83.711,good,UHF,465.7164367962414,138.62933890203243,0.06812216353765527,0.004706244849154102,38.45114038019551,1,temperate
13936726,60524,,445.0574523267169,65.0,401540000.0,42.48304,23.445813,good,UHF,487.63188516209084,138.2842014234585,0.055197215981377966,0.003858977664214949,38.81005007351065,1,temperate
13933769,39086,,782.2413873379292,42.0,465988000.0,-8.7356,115.1948,good,UHF,1099.1813878819448,146.6366652017428,0.07636745280277153,0.010232111169155646,30.43004292490002,1,tropical
13936492,63214,,467.6839575111617,73.0,436400000.0,51.721268,5.029968,good,UHF,487.50152293156134,139.00499759524888,0.052918974156626275,0.0012611694811354845,38.09412995172811,1,polar
13936481,63216,,486.7794937849967,56.0,401357500.0,51.721268,5.029,good,UHF,577.9798904218951,139.75666544590334,0.060338188106280166,0.0014547740811894556,37.33484928252393,1,polar
13936473,63216,,486.7794937849967,56.0,401357500.0,51.721268,5.029968,good,UHF,577.9798904218951,139.75666544590334,0.060338188106280166,0.0014547740811894556,37.33484928252393,1,polar
13936576,5580,,888.4946011322327,11.0,137560000.0,36.717165,-4.464836,good,VHF,2471.4092787024447,143.0765200222021,0.2161952580830521,0.01832943724784388,30.842262973081773,1,temperate
13936547,60475,,496.31791526856705,79.0,401530000.0,38.65,20.74,good,UHF,504.9195678143269,138.58658723405077,0.050961812023482066,0.003562881678556305,38.512195762861936,1,temperate
13932321,43784,,487.5416538963318,80.0,437275000.0,50.7060925,2.8352674531249953,good,UHF,494.51744433851763,139.14650851399935,0.05140216437692127,0.0012246678290217998,37.95417234440946,1,polar
13933422,63214,,467.6839575111617,72.0,436400000.0,43.81477,4.06576,good,UHF,489.9911234240999,139.0492423104593,0.053210998294617916,0.003677406596931524,38.047176975263895,1,temperate
13936491,43784,,487.5416538963318,67.0,437275000.0,51.721268,5.029968,good,UHF,526.2995196742322,139.6875356642313,0.05499292025472785,0.0013102183745819988,37.409468887754144,1,polar
13928746,43784,,487.5416538963318,61.0,437275000.0,50.77,-2.02,good,UHF,551.4784221408217,140.0934466778371,0.0578780121083323,0.001378956320147354,37.00060404434916,1,polar
13927774,55104,,424.68021804115324,29.0,437325000.0,53.91,27.09,good,UHF,801.309973667117,143.33988028431892,0.10441641671139221,0.0024877030539791766,33.706523286530484,1,polar
13932739,43784,,487.5416538963318,58.0,437275000.0,50.469,5.718,good,UHF,567.138409301806,140.33665740630005,0.05969148475119353,0.0014221627032139864,36.7555366368603,1,polar
13936582,43784,,487.5416538963318,64.0,437275000.0,53.109,6.108,good,UHF,537.9327198928804,139.8774354141601,0.056321300979279655,0.0013418673364062929,37.21820910813898,1,polar
13936486,43784,,487.5416538963318,67.0,437275000.0,51.721268,5.029968,good,UHF,526.2995196742322,139.6875356642313,0.05499292025472785,0.0013102183745819988,37.409468887754144,1,polar
13936472,43784,,487.5416538963318,67.0,437275000.0,51.721268,5.029968,good,UHF,526.2995196742322,139.6875356642313,0.05499292025472785,0.0013102183745819988,37.409468887754144,1,polar
13936529,62709,,585.1427009513163,87.0,401520000.0,42.99996628871616,24.930953710839745,good,UHF,585.8781157634012,139.87807239855525,0.050093985399328,0.0035022211794867933,37.22163908548069,1,temperate
13936651,57204,SITRO-AIS 12 (SMIRENNIY),456.19073223545183,15.0,401349000.0,59.589261,150.832095,good,UHF,1307.6773455882649,146.8482389267362,0.1932720341871246,0.004659867176341542,30.10713686251509,1,polar
13936525,62709,,585.1427009513163,82.0,401520000.0,42.48304,23.445813,good,UHF,590.403649316996,139.94490753978423,0.050516960924434716,0.0035317926705674993,37.154351397235516,1,temperate
13936575,41183,,696.9780786457186,49.0,137288000.0,36.717165,-4.464836,good,VHF,891.4235296700044,134.20211665535842,0.05464742255048547,0.004634128940096609,39.891909483765744,1,temperate
13933767,46507,NETSAT-2,434.60322440155414,14.0,435600000.0,-8.7356,115.1948,good,UHF,1305.4413407761288,147.54468788026338,0.20913085691530447,0.028300947022497486,29.371188006413576,1,tropical
13935347,46912,,490.20282774055795,41.0,401030000.0,-38.28,-57.854,good,UHF,714.8463322767248,141.5955743320816,0.07623882067994583,0.005330955527675721,35.47616358232551,1,temperate
13936528,98518,,509.3836838253201,69.0,401496000.0,42.99996628871616,24.930953710839745,good,UHF,542.682130667703,139.21231810835712,0.053583956897026136,0.00374624553794562,37.88365937982266,1,temperate
13936524,98518,,509.3836838253201,81.0,401496000.0,42.48304,23.445813,good,UHF,515.2556725245295,138.76186331312576,0.05064850041986979,0.003541017306097911,38.337254859763036,1,temperate
13936335,63213,,467.2859585363003,74.0,436400000.0,53.109,6.108,good,UHF,484.76056797542697,138.95602377317726,0.052646086784169474,0.0012546660061264802,38.14338316464719,1,polar
13935889,63213,,467.2859585363003,61.0,436400000.0,51.721268,5.029968,good,UHF,528.782949971047,139.71102692724722,0.05786133819484249,0.001378956320147354,37.38304046885254,1,polar
13935885,63213,,467.2859585363003,61.0,436400000.0,51.721268,5.029,good,UHF,528.782949971047,139.71102692724722,0.05786133819484249,0.001378956320147354,37.38304046885254,1,polar
13935879,63213,,467.2859585363003,61.0,436400000.0,51.721268,5.029968,good,UHF,528.782949971047,139.71102692724722,0.05786133819484249,0.001378956320147354,37.38304046885254,1,polar
13935713,62083,,653.6538903280198,63.0,400639000.0,33.797628,-79.159123,good,UHF,724.9634906060837,141.70917040395238,0.056128264656148855,0.003925247921460921,35.38408377408476,1,temperate
13936553,43689,,820.2422986721886,27.0,465987500.0,40.44,-3.8,good,UHF,1522.5999581017245,149.4669848320877,0.11255696252671035,0.007703732807371461,27.56606216319301,1,temperate
13936326,43017,,530.6987426393534,31.0,145960000.0,36.717165,-4.464836,good,VHF,939.0544386722963,135.1862757122755,0.08063869842487492,0.006790607680197814,38.879602672234185,1,temperate
13936527,60472,,496.339573111597,55.0,401510000.0,42.99996628871616,24.930953710839745,good,UHF,595.5516765265584,140.0200995785878,0.061069452265223305,0.004269563302029241,37.06786909645969,1,temperate
13936363,57194,SITRO-AIS 7 (FARTUSHNIY),491.3527136666271,17.0,401199000.0,59.589261,150.832095,good,UHF,1295.3852169739787,146.7629587899968,0.17108353005899976,0.004125099499724285,30.215140271059227,1,polar
13936523,60472,,496.339573111597,46.0,401510000.0,42.48304,23.445813,good,UHF,668.1846134089674,141.0196399618778,0.0695431653345412,0.004861988041579228,36.05926257536083,1,temperate
13934315,40908,,417.2818961617795,20.0,437225000.0,51.4901,3.8236,good,UHF,1021.0190112964497,145.4425595242154,0.1480041969880889,0.0035262904727131673,31.559217678938552,1,polar
13936482,66673,,501.10582397294,30.0,400600000.0,51.721268,5.029,bad,UHF,911.3592994017208,143.69579470954142,0.10002000000000003,0.0024121247457705958,33.35508085632756,0,polar
13936474,66673,,501.10582397294,30.0,400600000.0,51.721268,5.029968,bad,UHF,911.3592994017208,143.69579470954142,0.10002000000000003,0.0024121247457705958,33.35508085632756,0,polar
13936487,50993,,475.9706516191036,70.0,437515000.0,51.721268,5.029968,bad,UHF,504.2083794714963,139.31984334524213,0.05387426577603618,0.001283464769444089,37.778306614827144,0,polar
13936480,43784,,487.5416538963318,67.0,437275000.0,51.721268,5.029,bad,UHF,526.2995196742322,139.6875356642313,0.05499292025472785,0.0013102183745819988,37.409468887754144,0,polar
13933768,44530,,656.1292369809689,12.0,435840000.0,-8.7356,115.1948,bad,UHF,1923.3387933426225,150.91544076623532,0.24335973188580037,0.032930417351805505,25.96157677514185,0,tropical
13933787,27848,CUBESAT XI-IV (CO-57),813.2248575014492,13.0,436848700.0,-8.7356,115.1948,bad,UHF,2183.7413865746285,152.03842827465533,0.2250007013642627,0.03043603761235311,24.85944267698281,0,tropical
13935731,43770,,488.90109466601643,79.0,145920000.0,49.45262,11.09435,bad,VHF,497.38358604662153,129.6639086254677,0.04230798348595335,0.003562881678556305,44.443528199982524,0,temperate
13933766,25397,,810.4486473732777,78.0,435225000.0,-8.7356,115.1948,bad,UHF,826.4547413988421,143.56644141248037,0.051717228867486816,0.006999576286658615,33.52814947298023,0,tropical
13935878,56192,,488.5349857191695,89.0,401415000.0,51.721268,5.029968,bad,UHF,488.60410770145063,138.2987974391116,0.050031203327931754,0.0012062460900073898,38.8032728020852,0,polar
13935884,35933,BEESAT-1,687.8941844436995,27.0,435950000.0,51.721268,5.029,bad,UHF,1303.5224086024105,147.5388868906989,0.11145424121362735,0.002656580641174678,29.50030997806104,0,polar
13935883,63217,,469.1826959130867,26.0,436400000.0,51.721268,5.029,bad,UHF,948.7013319443136,144.78806826652448,0.11544251266841725,0.0027512357547236003,32.24704567566715,0,polar
13935877,63217,,469.1826959130867,26.0,436400000.0,51.721268,5.029968,bad,UHF,948.7013319443136,144.78806826652448,0.11544251266841725,0.0027512357547236003,32.24704567566715,0,polar
13935876,43440,,492.6948797459936,11.0,401440000.0,51.721268,5.029968,bad,UHF,1612.9768643561094,148.67275886439214,0.2621679334419325,0.00632078362188973,28.212060109158784,0,polar
13935882,61781,,461.0974337214411,25.0,435400000.0,51.721268,5.029,bad,UHF,959.6584562041526,144.8678856063957,0.1197061380916849,0.0028537866961018503,32.162862159431256,0,polar
13933763,40012,,604.3384074273326,32.0,437421500.0,-8.7356,115.1948,bad,UHF,1035.760773772935,145.57097492117867,0.09553095175718765,0.012920116729206753,31.473881700949676,0,tropical
13934551,25544,,419.6307747912688,23.0,145800000.0,-33.933,151.058,bad,VHF,934.1966931646521,135.13170021461715,0.10627939173217586,0.008950967179402807,38.90637711708602,0,temperate
13934311,40974,BISONSAT,520.5738840995682,16.0,437375500.0,51.4901,3.8236,bad,UHF,1404.5932234174052,148.2158836371388,0.1836577079690516,0.004375540351961674,28.749390805154945,0,polar
13935712,40974,BISONSAT,520.5738840995682,17.0,437375500.0,51.721268,5.029968,bad,UHF,1358.4119395512869,147.92550206287933,0.17314577362404804,0.004125099499724285,29.050534754611647,0,polar
13934310,27848,CUBESAT XI-IV (CO-57),813.2248575014492,19.0,437490000.0,51.4901,3.8236,bad,UHF,1841.00413829922,150.56824112683086,0.15549688334150424,0.0037044850866825487,26.425865195355726,0,polar
13935704,44408,,380.01522461782315,36.0,400500000.0,51.721268,5.029,bad,UHF,615.2893843182073,140.2814220743603,0.08507925834867652,0.0020518758648357155,36.78475448204094,0,polar
13936062,59117,,458.6756181443179,38.0,401050000.0,-5.362,105.311,bad,UHF,707.9784545307252,141.5121544609297,0.08124188698593314,0.011120752272710907,35.54879059042639,0,tropical
13933761,44530,,656.1292369809689,31.0,435840000.0,-8.7356,115.1948,bad,UHF,1141.2323466270159,146.38180639234153,0.09823998612562695,0.013293422534137988,30.659967889613455,0,tropical
13933719,48274,,378.647425336193,81.0,436510000.0,-8.7356,115.1948,bad,UHF,383.09821931382976,136.91386983659453,0.05123934131844214,0.006931962714901434,40.18126654998689,0,tropical
13934550,43678,,566.2535568738604,61.0,145900000.0,-33.933,151.058,bad,VHF,639.5111038769292,131.84585085107673,0.04748349443877898,0.003998791107185853,42.25597455399206,0,temperate
13935708,60209,,392.7027015479098,23.0,435800000.0,51.721268,5.029968,bad,UHF,880.4563768041103,144.1276846046984,0.12949228504597027,0.003086681057504754,32.893044119812856,0,polar
13936676,62715,,585.2259758810051,90.0,401530000.0,63.854,20.208,good,UHF,585.2259758810051,139.86861508800024,0.0500255,0.0012060623728852977,37.23346104024162,1,polar
13934470,63235,,495.8572977365284,24.0,400496500.0,43.5649,1.4751,good,UHF,1052.8526813690642,144.9471098736174,0.1229500116385638,0.008598737208997235,32.074649068149824,1,temperate
13928753,57175,,481.7631162633661,80.0,436990000.0,50.77,-2.02,good,UHF,488.6621526619174,139.03738727362625,0.05139734110051482,0.0012246678290217998,38.06329840805897,1,polar
13925585,57175,,481.7631162633661,21.0,436990000.0,48.363,10.312,good,UHF,1120.4676349917204,146.24519952403332,0.14124170441085082,0.009759303284560083,30.757107158886015,1,temperate
13936477,57175,,481.7631162633661,40.0,436990000.0,51.721268,5.029968,good,UHF,715.3818272796561,142.34797127015617,0.07874529508228008,0.001876299970177465,34.724714825406124,1,polar
13931120,57175,,481.7631162633661,21.0,436990000.0,52.512,13.327,good,UHF,1120.4676349917204,146.24519952403332,0.14124170441085082,0.003365430347260568,30.763501031823324,1,polar
13925556,57175,,481.7631162633661,8.0,436990000.0,53.91,27.09,good,UHF,1789.1888981669108,150.3103370918833,0.36369456202979905,0.008665915788075794,26.47061012091359,1,polar
13937393,39086,,782.2412474129687,76.0,465988000.0,-34.747,-58.333,good,UHF,803.4689320354719,143.91465965051066,0.052664150337053926,0.003604490272776574,33.182379399494266,1,temperate
13931136,57166,,811.7137315693353,14.0,137900000.0,47.9183,19.8933,good,VHF,2116.7984110754323,141.7526585624141,0.17056469085219092,0.0144568208611677,32.215627616487296,1,temperate
13935668,39086,,782.2412474129687,81.0,465988000.0,-38.28,-57.854,good,UHF,790.9096393592672,143.77781525419863,0.05173676543474179,0.003541017306097911,33.32021465367529,1,temperate
13936490,63217,,469.1826959130867,28.0,436400000.0,51.721268,5.029968,good,UHF,900.6827653677924,144.33691511152568,0.1077949564535106,0.002568978546279574,32.70602864408926,1,polar
13936672,98492,,587.5337487022234,74.0,436650000.0,63.854,20.208,good,UHF,609.105842673669,140.94430781911453,0.05265042136515223,0.0012546660061264802,36.155094784128934,1,polar
13936654,57197,,460.16021298554824,29.0,401523000.0,59.589261,150.832095,good,UHF,862.9749372463866,143.24195543267263,0.10318562430323658,0.0024877030539791766,33.80567893058492,1,polar
13933772,41789,,663.5406803610595,69.0,437646970.0,-8.7356,115.1948,good,UHF,705.8797011072693,142.2448756048554,0.05422933907253651,0.007333721398419748,34.846869025288385,1,tropical
13932742,57172,,505.06217913152705,47.0,437625000.0,50.469,5.718,good,UHF,669.8346685901661,141.78917812809163,0.06922380131699368,0.0016490822022438012,35.29325667900386,1,polar
13935350,46907,,493.6946668929286,37.0,401090000.0,-38.28,-57.854,good,UHF,774.0464881906769,142.28796079926238,0.08311219351868789,0.005811455966586745,34.77642324186709,1,temperate
13936557,40974,BISONSAT,520.5738840995682,24.0,437375500.0,40.44,-3.8,good,UHF,1099.2273343692132,146.08662264935387,0.12446118603227449,0.008598737208997235,30.93362511801962,1,temperate
13936494,63215,,467.7939352753601,47.0,436400000.0,51.721268,5.029968,good,UHF,621.6595286646752,141.11652995639912,0.06919588504799624,0.0016490822022438012,35.96593276696538,1,polar
13936585,40974,BISONSAT,520.5674914086931,70.0,437375500.0,53.109,6.108,good,UHF,551.2343144985425,140.09159715527636,0.05387179156271517,0.001283464769444089,37.006555279006236,1,polar
13934316,40974,BISONSAT,520.5738840995682,68.0,437375500.0,51.4901,3.8236,good,UHF,558.0402340727424,140.19818250545936,0.0545985833884616,0.00130078017099296,36.899225821595934,1,polar
13936488,40974,BISONSAT,520.5738840995682,63.0,437375500.0,51.721268,5.029968,good,UHF,578.6382536381288,140.51301508859615,0.05681543695329643,0.0013535954453127257,36.582123569619995,1,polar
13935349,46914,,494.30083110808755,39.0,401060080.0,-38.28,-57.854,good,UHF,746.4755940527411,141.97228420555606,0.07947886118318861,0.005557457785920593,35.09598716608957,1,temperate
13933771,98457,,514.0635395582931,79.0,401510000.0,-8.7356,115.1948,good,UHF,522.9492333482822,138.89090116049476,0.05096147245125042,0.0069747648255845136,38.204470292843155,1,tropical
13936493,63237,,474.6854839275593,51.0,436400000.0,51.721268,5.029968,good,UHF,597.520684966602,140.7725369458802,0.06511861243130022,0.001551912295373969,36.31410022000787,1,polar
13932741,63237,,474.6854839275593,49.0,436400000.0,50.469,5.718,good,UHF,613.2995711029989,140.99893127968355,0.06705449088340551,0.0015980483148621183,36.08572387173294,1,polar
13936570,32785,CUTE-1.7+APD II (CO-65),539.3248681594314,77.0,437274600.0,33.797628,-79.159123,good,UHF,552.3659092837452,140.10740558768822,0.051952789974608844,0.00358941805939963,36.99035989489252,1,temperate
13936713,67290,,493.9101265296222,87.0,437350000.0,47.25833,16.60462,good,UHF,494.539135053019,139.14837913755548,0.05069197158527976,0.0035022211794867933,37.950734360294504,1,temperate
13936577,40086,,697.0771149316688,71.0,137250000.0,36.717165,-4.464836,good,VHF,732.9856336905732,132.4999395378565,0.043618039593273615,0.0036989453167132875,41.606051167848264,1,temperate
13927721,49263,,344.93083864068467,18.0,437250000.0,53.907,27.17,good,UHF,927.9546925527652,144.61291503051035,0.16381245774435396,0.003902899823761522,32.37267730253629,1,polar
13933770,98459,,513.9994733155818,84.0,401530000.0,-8.7356,115.1948,good,UHF,516.6180020298098,138.78553390771373,0.050301054439304695,0.006884331841093402,38.31058839662063,1,tropical
13926909,68460,,515.1444472635849,51.0,401200000.0,40.009,-105.249,good,UHF,647.3624733219658,140.73795211615794,0.06436371348597623,0.004500340580193772,36.34649152039064,1,temperate
13926902,68460,,514.9710410873886,5.0,401200000.0,42.28,-73.32,good,UHF,2116.808112578705,151.02863153409265,0.5739151365484062,0.04012841147145734,25.51063260850222,1,temperate
13927233,39472,,353.31180249740646,48.0,437478000.0,42.29361,-83.71195,good,UHF,465.7164367962414,138.62933890203243,0.06812216353765527,0.004706244849154102,38.45114038019551,1,temperate
13927206,39472,,353.31180249740646,48.0,437478000.0,42.293,-83.711,good,UHF,465.7164367962414,138.62933890203243,0.06812216353765527,0.004706244849154102,38.45114038019551,1,temperate
13936726,60524,,445.0574523267169,65.0,401540000.0,42.48304,23.445813,good,UHF,487.63188516209084,138.2842014234585,0.055197215981377966,0.003858977664214949,38.81005007351065,1,temperate
13933769,39086,,782.2413873379292,42.0,465988000.0,-8.7356,115.1948,good,UHF,1099.1813878819448,146.6366652017428,0.07636745280277153,0.010232111169155646,30.43004292490002,1,tropical
13936492,63214,,467.6839575111617,73.0,436400000.0,51.721268,5.029968,good,UHF,487.50152293156134,139.00499759524888,0.052918974156626275,0.0012611694811354845,38.09412995172811,1,polar
13936481,63216,,486.7794937849967,56.0,401357500.0,51.721268,5.029,good,UHF,577.9798904218951,139.75666544590334,0.060338188106280166,0.0014547740811894556,37.33484928252393,1,polar
13936473,63216,,486.7794937849967,56.0,401357500.0,51.721268,5.029968,good,UHF,577.9798904218951,139.75666544590334,0.060338188106280166,0.0014547740811894556,37.33484928252393,1,polar
13936576,5580,,888.4946011322327,11.0,137560000.0,36.717165,-4.464836,good,VHF,2471.4092787024447,143.0765200222021,0.2161952580830521,0.01832943724784388,30.842262973081773,1,temperate
13936547,60475,,496.31791526856705,79.0,401530000.0,38.65,20.74,good,UHF,504.9195678143269,138.58658723405077,0.050961812023482066,0.003562881678556305,38.512195762861936,1,temperate
13932321,43784,,487.5416538963318,80.0,437275000.0,50.7060925,2.8352674531249953,good,UHF,494.51744433851763,139.14650851399935,0.05140216437692127,0.0012246678290217998,37.95417234440946,1,polar
13933422,63214,,467.6839575111617,72.0,436400000.0,43.81477,4.06576,good,UHF,489.9911234240999,139.0492423104593,0.053210998294617916,0.003677406596931524,38.047176975263895,1,temperate
13936491,43784,,487.5416538963318,67.0,437275000.0,51.721268,5.029968,good,UHF,526.2995196742322,139.6875356642313,0.05499292025472785,0.0013102183745819988,37.409468887754144,1,polar
13928746,43784,,487.5416538963318,61.0,437275000.0,50.77,-2.02,good,UHF,551.4784221408217,140.0934466778371,0.0578780121083323,0.001378956320147354,37.00060404434916,1,polar
13927774,55104,,424.68021804115324,29.0,437325000.0,53.91,27.09,good,UHF,801.309973667117,143.33988028431892,0.10441641671139221,0.0024877030539791766,33.706523286530484,1,polar
13932739,43784,,487.5416538963318,58.0,437275000.0,50.469,5.718,good,UHF,567.138409301806,140.33665740630005,0.05969148475119353,0.0014221627032139864,36.7555366368603,1,polar
13936582,43784,,487.5416538963318,64.0,437275000.0,53.109,6.108,good,UHF,537.9327198928804,139.8774354141601,0.056321300979279655,0.0013418673364062929,37.21820910813898,1,polar
13936486,43784,,487.5416538963318,67.0,437275000.0,51.721268,5.029968,good,UHF,526.2995196742322,139.6875356642313,0.05499292025472785,0.0013102183745819988,37.409468887754144,1,polar
13936472,43784,,487.5416538963318,67.0,437275000.0,51.721268,5.029968,good,UHF,526.2995196742322,139.6875356642313,0.05499292025472785,0.0013102183745819988,37.409468887754144,1,polar
13936529,62709,,585.1427009513163,87.0,401520000.0,42.99996628871616,24.930953710839745,good,UHF,585.8781157634012,139.87807239855525,0.050093985399328,0.0035022211794867933,37.22163908548069,1,temperate
13936651,57204,SITRO-AIS 12 (SMIRENNIY),456.19073223545183,15.0,401349000.0,59.589261,150.832095,good,UHF,1307.6773455882649,146.8482389267362,0.1932720341871246,0.004659867176341542,30.10713686251509,1,polar
13936525,62709,,585.1427009513163,82.0,401520000.0,42.48304,23.445813,good,UHF,590.403649316996,139.94490753978423,0.050516960924434716,0.0035317926705674993,37.154351397235516,1,temperate
13936575,41183,,696.9780786457186,49.0,137288000.0,36.717165,-4.464836,good,VHF,891.4235296700044,134.20211665535842,0.05464742255048547,0.004634128940096609,39.891909483765744,1,temperate
13933767,46507,NETSAT-2,434.60322440155414,14.0,435600000.0,-8.7356,115.1948,good,UHF,1305.4413407761288,147.54468788026338,0.20913085691530447,0.028300947022497486,29.371188006413576,1,tropical
13935347,46912,,490.20282774055795,41.0,401030000.0,-38.28,-57.854,good,UHF,714.8463322767248,141.5955743320816,0.07623882067994583,0.005330955527675721,35.47616358232551,1,temperate
13936528,98518,,509.3836838253201,69.0,401496000.0,42.99996628871616,24.930953710839745,good,UHF,542.682130667703,139.21231810835712,0.053583956897026136,0.00374624553794562,37.88365937982266,1,temperate
13936524,98518,,509.3836838253201,81.0,401496000.0,42.48304,23.445813,good,UHF,515.2556725245295,138.76186331312576,0.05064850041986979,0.003541017306097911,38.337254859763036,1,temperate
13936335,63213,,467.2859585363003,74.0,436400000.0,53.109,6.108,good,UHF,484.76056797542697,138.95602377317726,0.052646086784169474,0.0012546660061264802,38.14338316464719,1,polar
13935889,63213,,467.2859585363003,61.0,436400000.0,51.721268,5.029968,good,UHF,528.782949971047,139.71102692724722,0.05786133819484249,0.001378956320147354,37.38304046885254,1,polar
13935885,63213,,467.2859585363003,61.0,436400000.0,51.721268,5.029,good,UHF,528.782949971047,139.71102692724722,0.05786133819484249,0.001378956320147354,37.38304046885254,1,polar
13935879,63213,,467.2859585363003,61.0,436400000.0,51.721268,5.029968,good,UHF,528.782949971047,139.71102692724722,0.05786133819484249,0.001378956320147354,37.38304046885254,1,polar
13935713,62083,,653.6538903280198,63.0,400639000.0,33.797628,-79.159123,good,UHF,724.9634906060837,141.70917040395238,0.056128264656148855,0.003925247921460921,35.38408377408476,1,temperate
13936553,43689,,820.2422986721886,27.0,465987500.0,40.44,-3.8,good,UHF,1522.5999581017245,149.4669848320877,0.11255696252671035,0.007703732807371461,27.56606216319301,1,temperate
13936326,43017,,530.6987426393534,31.0,145960000.0,36.717165,-4.464836,good,VHF,939.0544386722963,135.1862757122755,0.08063869842487492,0.006790607680197814,38.879602672234185,1,temperate
13936527,60472,,496.339573111597,55.0,401510000.0,42.99996628871616,24.930953710839745,good,UHF,595.5516765265584,140.0200995785878,0.061069452265223305,0.004269563302029241,37.06786909645969,1,temperate
13936363,57194,SITRO-AIS 7 (FARTUSHNIY),491.3527136666271,17.0,401199000.0,59.589261,150.832095,good,UHF,1295.3852169739787,146.7629587899968,0.17108353005899976,0.004125099499724285,30.215140271059227,1,polar
13936523,60472,,496.339573111597,46.0,401510000.0,42.48304,23.445813,good,UHF,668.1846134089674,141.0196399618778,0.0695431653345412,0.004861988041579228,36.05926257536083,1,temperate
13934315,40908,,417.2818961617795,20.0,437225000.0,51.4901,3.8236,good,UHF,1021.0190112964497,145.4425595242154,0.1480041969880889,0.0035262904727131673,31.559217678938552,1,polar
13936482,66673,,501.10582397294,30.0,400600000.0,51.721268,5.029,bad,UHF,911.3592994017208,143.69579470954142,0.10002000000000003,0.0024121247457705958,33.35508085632756,0,polar
13936474,66673,,501.10582397294,30.0,400600000.0,51.721268,5.029968,bad,UHF,911.3592994017208,143.69579470954142,0.10002000000000003,0.0024121247457705958,33.35508085632756,0,polar
13936487,50993,,475.9706516191036,70.0,437515000.0,51.721268,5.029968,bad,UHF,504.2083794714963,139.31984334524213,0.05387426577603618,0.001283464769444089,37.778306614827144,0,polar
13936480,43784,,487.5416538963318,67.0,437275000.0,51.721268,5.029,bad,UHF,526.2995196742322,139.6875356642313,0.05499292025472785,0.0013102183745819988,37.409468887754144,0,polar
13933768,44530,,656.1292369809689,12.0,435840000.0,-8.7356,115.1948,bad,UHF,1923.3387933426225,150.91544076623532,0.24335973188580037,0.032930417351805505,25.96157677514185,0,tropical
13933787,27848,CUBESAT XI-IV (CO-57),813.2248575014492,13.0,436848700.0,-8.7356,115.1948,bad,UHF,2183.7413865746285,152.03842827465533,0.2250007013642627,0.03043603761235311,24.85944267698281,0,tropical
13935731,43770,,488.90109466601643,79.0,145920000.0,49.45262,11.09435,bad,VHF,497.38358604662153,129.6639086254677,0.04230798348595335,0.003562881678556305,44.443528199982524,0,temperate
13933766,25397,,810.4486473732777,78.0,435225000.0,-8.7356,115.1948,bad,UHF,826.4547413988421,143.56644141248037,0.051717228867486816,0.006999576286658615,33.52814947298023,0,tropical
13935878,56192,,488.5349857191695,89.0,401415000.0,51.721268,5.029968,bad,UHF,488.60410770145063,138.2987974391116,0.050031203327931754,0.0012062460900073898,38.8032728020852,0,polar
13935884,35933,BEESAT-1,687.8941844436995,27.0,435950000.0,51.721268,5.029,bad,UHF,1303.5224086024105,147.5388868906989,0.11145424121362735,0.002656580641174678,29.50030997806104,0,polar
13935883,63217,,469.1826959130867,26.0,436400000.0,51.721268,5.029,bad,UHF,948.7013319443136,144.78806826652448,0.11544251266841725,0.0027512357547236003,32.24704567566715,0,polar
13935877,63217,,469.1826959130867,26.0,436400000.0,51.721268,5.029968,bad,UHF,948.7013319443136,144.78806826652448,0.11544251266841725,0.0027512357547236003,32.24704567566715,0,polar
13935876,43440,,492.6948797459936,11.0,401440000.0,51.721268,5.029968,bad,UHF,1612.9768643561094,148.67275886439214,0.2621679334419325,0.00632078362188973,28.212060109158784,0,polar
13935882,61781,,461.0974337214411,25.0,435400000.0,51.721268,5.029,bad,UHF,959.6584562041526,144.8678856063957,0.1197061380916849,0.0028537866961018503,32.162862159431256,0,polar
13933763,40012,,604.3384074273326,32.0,437421500.0,-8.7356,115.1948,bad,UHF,1035.760773772935,145.57097492117867,0.09553095175718765,0.012920116729206753,31.473881700949676,0,tropical
13934551,25544,,419.6307747912688,23.0,145800000.0,-33.933,151.058,bad,VHF,934.1966931646521,135.13170021461715,0.10627939173217586,0.008950967179402807,38.90637711708602,0,temperate
13934311,40974,BISONSAT,520.5738840995682,16.0,437375500.0,51.4901,3.8236,bad,UHF,1404.5932234174052,148.2158836371388,0.1836577079690516,0.004375540351961674,28.749390805154945,0,polar
13935712,40974,BISONSAT,520.5738840995682,17.0,437375500.0,51.721268,5.029968,bad,UHF,1358.4119395512869,147.92550206287933,0.17314577362404804,0.004125099499724285,29.050534754611647,0,polar
13934310,27848,CUBESAT XI-IV (CO-57),813.2248575014492,19.0,437490000.0,51.4901,3.8236,bad,UHF,1841.00413829922,150.56824112683086,0.15549688334150424,0.0037044850866825487,26.425865195355726,0,polar
13935704,44408,,380.01522461782315,36.0,400500000.0,51.721268,5.029,bad,UHF,615.2893843182073,140.2814220743603,0.08507925834867652,0.0020518758648357155,36.78475448204094,0,polar
13936062,59117,,458.6756181443179,38.0,401050000.0,-5.362,105.311,bad,UHF,707.9784545307252,141.5121544609297,0.08124188698593314,0.011120752272710907,35.54879059042639,0,tropical
13933761,44530,,656.1292369809689,31.0,435840000.0,-8.7356,115.1948,bad,UHF,1141.2323466270159,146.38180639234153,0.09823998612562695,0.013293422534137988,30.659967889613455,0,tropical
13933719,48274,,378.647425336193,81.0,436510000.0,-8.7356,115.1948,bad,UHF,383.09821931382976,136.91386983659453,0.05123934131844214,0.006931962714901434,40.18126654998689,0,tropical
13934550,43678,,566.2535568738604,61.0,145900000.0,-33.933,151.058,bad,VHF,639.5111038769292,131.84585085107673,0.04748349443877898,0.003998791107185853,42.25597455399206,0,temperate
13935708,60209,,392.7027015479098,23.0,435800000.0,51.721268,5.029968,bad,UHF,880.4563768041103,144.1276846046984,0.12949228504597027,0.003086681057504754,32.893044119812856,0,polar
13936676,62715,,585.2259758810051,90.0,401530000.0,63.854,20.208,good,UHF,585.2259758810051,139.86861508800024,0.0500255,0.0012060623728852977,37.23346104024162,1,polar
13934470,63235,,495.8572977365284,24.0,400496500.0,43.5649,1.4751,good,UHF,1052.8526813690642,144.9471098736174,0.1229500116385638,0.008598737208997235,32.074649068149824,1,temperate
13928753,57175,,481.7631162633661,80.0,436990000.0,50.77,-2.02,good,UHF,488.6621526619174,139.03738727362625,0.05139734110051482,0.0012246678290217998,38.06329840805897,1,polar
13925585,57175,,481.7631162633661,21.0,436990000.0,48.363,10.312,good,UHF,1120.4676349917204,146.24519952403332,0.14124170441085082,0.009759303284560083,30.757107158886015,1,temperate
13936477,57175,,481.7631162633661,40.0,436990000.0,51.721268,5.029968,good,UHF,715.3818272796561,142.34797127015617,0.07874529508228008,0.001876299970177465,34.724714825406124,1,polar
13931120,57175,,481.7631162633661,21.0,436990000.0,52.512,13.327,good,UHF,1120.4676349917204,146.24519952403332,0.14124170441085082,0.003365430347260568,30.763501031823324,1,polar
13925556,57175,,481.7631162633661,8.0,436990000.0,53.91,27.09,good,UHF,1789.1888981669108,150.3103370918833,0.36369456202979905,0.008665915788075794,26.47061012091359,1,polar
13937393,39086,,782.2412474129687,76.0,465988000.0,-34.747,-58.333,good,UHF,803.4689320354719,143.91465965051066,0.052664150337053926,0.003604490272776574,33.182379399494266,1,temperate
13931136,57166,,811.7137315693353,14.0,137900000.0,47.9183,19.8933,good,VHF,2116.7984110754323,141.7526585624141,0.17056469085219092,0.0144568208611677,32.215627616487296,1,temperate
13935668,39086,,782.2412474129687,81.0,465988000.0,-38.28,-57.854,good,UHF,790.9096393592672,143.77781525419863,0.05173676543474179,0.003541017306097911,33.32021465367529,1,temperate
13936490,63217,,469.1826959130867,28.0,436400000.0,51.721268,5.029968,good,UHF,900.6827653677924,144.33691511152568,0.1077949564535106,0.002568978546279574,32.70602864408926,1,polar
13936672,98492,,587.5337487022234,74.0,436650000.0,63.854,20.208,good,UHF,609.105842673669,140.94430781911453,0.05265042136515223,0.0012546660061264802,36.155094784128934,1,polar
13936654,57197,,460.16021298554824,29.0,401523000.0,59.589261,150.832095,good,UHF,862.9749372463866,143.24195543267263,0.10318562430323658,0.0024877030539791766,33.80567893058492,1,polar
13933772,41789,,663.5406803610595,69.0,437646970.0,-8.7356,115.1948,good,UHF,705.8797011072693,142.2448756048554,0.05422933907253651,0.007333721398419748,34.846869025288385,1,tropical
13932742,57172,,505.06217913152705,47.0,437625000.0,50.469,5.718,good,UHF,669.8346685901661,141.78917812809163,0.06922380131699368,0.0016490822022438012,35.29325667900386,1,polar
13935350,46907,,493.6946668929286,37.0,401090000.0,-38.28,-57.854,good,UHF,774.0464881906769,142.28796079926238,0.08311219351868789,0.005811455966586745,34.77642324186709,1,temperate
13936557,40974,BISONSAT,520.5738840995682,24.0,437375500.0,40.44,-3.8,good,UHF,1099.2273343692132,146.08662264935387,0.12446118603227449,0.008598737208997235,30.93362511801962,1,temperate
13936494,63215,,467.7939352753601,47.0,436400000.0,51.721268,5.029968,good,UHF,621.6595286646752,141.11652995639912,0.06919588504799624,0.0016490822022438012,35.96593276696538,1,polar
13936585,40974,BISONSAT,520.5674914086931,70.0,437375500.0,53.109,6.108,good,UHF,551.2343144985425,140.09159715527636,0.05387179156271517,0.001283464769444089,37.006555279006236,1,polar
13934316,40974,BISONSAT,520.5738840995682,68.0,437375500.0,51.4901,3.8236,good,UHF,558.0402340727424,140.19818250545936,0.0545985833884616,0.00130078017099296,36.899225821595934,1,polar
13936488,40974,BISONSAT,520.5738840995682,63.0,437375500.0,51.721268,5.029968,good,UHF,578.6382536381288,140.51301508859615,0.05681543695329643,0.0013535954453127257,36.582123569619995,1,polar
13935349,46914,,494.30083110808755,39.0,401060080.0,-38.28,-57.854,good,UHF,746.4755940527411,141.97228420555606,0.07947886118318861,0.005557457785920593,35.09598716608957,1,temperate
13933771,98457,,514.0635395582931,79.0,401510000.0,-8.7356,115.1948,good,UHF,522.9492333482822,138.89090116049476,0.05096147245125042,0.0069747648255845136,38.204470292843155,1,tropical
13936493,63237,,474.6854839275593,51.0,436400000.0,51.721268,5.029968,good,UHF,597.520684966602,140.7725369458802,0.06511861243130022,0.001551912295373969,36.31410022000787,1,polar
13932741,63237,,474.6854839275593,49.0,436400000.0,50.469,5.718,good,UHF,613.2995711029989,140.99893127968355,0.06705449088340551,0.0015980483148621183,36.08572387173294,1,polar
13936570,32785,CUTE-1.7+APD II (CO-65),539.3248681594314,77.0,437274600.0,33.797628,-79.159123,good,UHF,552.3659092837452,140.10740558768822,0.051952789974608844,0.00358941805939963,36.99035989489252,1,temperate
13936713,67290,,493.9101265296222,87.0,437350000.0,47.25833,16.60462,good,UHF,494.539135053019,139.14837913755548,0.05069197158527976,0.0035022211794867933,37.950734360294504,1,temperate
13936577,40086,,697.0771149316688,71.0,137250000.0,36.717165,-4.464836,good,VHF,732.9856336905732,132.4999395378565,0.043618039593273615,0.0036989453167132875,41.606051167848264,1,temperate
13927721,49263,,344.93083864068467,18.0,437250000.0,53.907,27.17,good,UHF,927.9546925527652,144.61291503051035,0.16381245774435396,0.003902899823761522,32.37267730253629,1,polar
13933770,98459,,513.9994733155818,84.0,401530000.0,-8.7356,115.1948,good,UHF,516.6180020298098,138.78553390771373,0.050301054439304695,0.006884331841093402,38.31058839662063,1,tropical
13926909,68460,,515.1444472635849,51.0,401200000.0,40.009,-105.249,good,UHF,647.3624733219658,140.73795211615794,0.06436371348597623,0.004500340580193772,36.34649152039064,1,temperate
13926902,68460,,514.9710410873886,5.0,401200000.0,42.28,-73.32,good,UHF,2116.808112578705,151.02863153409265,0.5739151365484062,0.04012841147145734,25.51063260850222,1,temperate
13927233,39472,,353.31180249740646,48.0,437478000.0,42.29361,-83.71195,good,UHF,465.7164367962414,138.62933890203243,0.06812216353765527,0.004706244849154102,38.45114038019551,1,temperate
13927206,39472,,353.31180249740646,48.0,437478000.0,42.293,-83.711,good,UHF,465.7164367962414,138.62933890203243,0.06812216353765527,0.004706244849154102,38.45114038019551,1,temperate
13936726,60524,,445.0574523267169,65.0,401540000.0,42.48304,23.445813,good,UHF,487.63188516209084,138.2842014234585,0.055197215981377966,0.003858977664214949,38.81005007351065,1,temperate
13933769,39086,,782.2413873379292,42.0,465988000.0,-8.7356,115.1948,good,UHF,1099.1813878819448,146.6366652017428,0.07636745280277153,0.010232111169155646,30.43004292490002,1,tropical
13936492,63214,,467.6839575111617,73.0,436400000.0,51.721268,5.029968,good,UHF,487.50152293156134,139.00499759524888,0.052918974156626275,0.0012611694811354845,38.09412995172811,1,polar
13936481,63216,,486.7794937849967,56.0,401357500.0,51.721268,5.029,good,UHF,577.9798904218951,139.75666544590334,0.060338188106280166,0.0014547740811894556,37.33484928252393,1,polar
13936473,63216,,486.7794937849967,56.0,401357500.0,51.721268,5.029968,good,UHF,577.9798904218951,139.75666544590334,0.060338188106280166,0.0014547740811894556,37.33484928252393,1,polar
13936576,5580,,888.4946011322327,11.0,137560000.0,36.717165,-4.464836,good,VHF,2471.4092787024447,143.0765200222021,0.2161952580830521,0.01832943724784388,30.842262973081773,1,temperate
13936547,60475,,496.31791526856705,79.0,401530000.0,38.65,20.74,good,UHF,504.9195678143269,138.58658723405077,0.050961812023482066,0.003562881678556305,38.512195762861936,1,temperate
13932321,43784,,487.5416538963318,80.0,437275000.0,50.7060925,2.8352674531249953,good,UHF,494.51744433851763,139.14650851399935,0.05140216437692127,0.0012246678290217998,37.95417234440946,1,polar
13933422,63214,,467.6839575111617,72.0,436400000.0,43.81477,4.06576,good,UHF,489.9911234240999,139.0492423104593,0.053210998294617916,0.003677406596931524,38.047176975263895,1,temperate
13936491,43784,,487.5416538963318,67.0,437275000.0,51.721268,5.029968,good,UHF,526.2995196742322,139.6875356642313,0.05499292025472785,0.0013102183745819988,37.409468887754144,1,polar
13928746,43784,,487.5416538963318,61.0,437275000.0,50.77,-2.02,good,UHF,551.4784221408217,140.0934466778371,0.0578780121083323,0.001378956320147354,37.00060404434916,1,polar
13927774,55104,,424.68021804115324,29.0,437325000.0,53.91,27.09,good,UHF,801.309973667117,143.33988028431892,0.10441641671139221,0.0024877030539791766,33.706523286530484,1,polar
13932739,43784,,487.5416538963318,58.0,437275000.0,50.469,5.718,good,UHF,567.138409301806,140.33665740630005,0.05969148475119353,0.0014221627032139864,36.7555366368603,1,polar
13936582,43784,,487.5416538963318,64.0,437275000.0,53.109,6.108,good,UHF,537.9327198928804,139.8774354141601,0.056321300979279655,0.0013418673364062929,37.21820910813898,1,polar
13936486,43784,,487.5416538963318,67.0,437275000.0,51.721268,5.029968,good,UHF,526.2995196742322,139.6875356642313,0.05499292025472785,0.0013102183745819988,37.409468887754144,1,polar
13936472,43784,,487.5416538963318,67.0,437275000.0,51.721268,5.029968,good,UHF,526.2995196742322,139.6875356642313,0.05499292025472785,0.0013102183745819988,37.409468887754144,1,polar
13936529,62709,,585.1427009513163,87.0,401520000.0,42.99996628871616,24.930953710839745,good,UHF,585.8781157634012,139.87807239855525,0.050093985399328,0.0035022211794867933,37.22163908548069,1,temperate
13936651,57204,SITRO-AIS 12 (SMIRENNIY),456.19073223545183,15.0,401349000.0,59.589261,150.832095,good,UHF,1307.6773455882649,146.8482389267362,0.1932720341871246,0.004659867176341542,30.10713686251509,1,polar
13936525,62709,,585.1427009513163,82.0,401520000.0,42.48304,23.445813,good,UHF,590.403649316996,139.94490753978423,0.050516960924434716,0.0035317926705674993,37.154351397235516,1,temperate
13936575,41183,,696.9780786457186,49.0,137288000.0,36.717165,-4.464836,good,VHF,891.4235296700044,134.20211665535842,0.05464742255048547,0.004634128940096609,39.891909483765744,1,temperate
13933767,46507,NETSAT-2,434.60322440155414,14.0,435600000.0,-8.7356,115.1948,good,UHF,1305.4413407761288,147.54468788026338,0.20913085691530447,0.028300947022497486,29.371188006413576,1,tropical
13935347,46912,,490.20282774055795,41.0,401030000.0,-38.28,-57.854,good,UHF,714.8463322767248,141.5955743320816,0.07623882067994583,0.005330955527675721,35.47616358232551,1,temperate
13936528,98518,,509.3836838253201,69.0,401496000.0,42.99996628871616,24.930953710839745,good,UHF,542.682130667703,139.21231810835712,0.053583956897026136,0.00374624553794562,37.88365937982266,1,temperate
13936524,98518,,509.3836838253201,81.0,401496000.0,42.48304,23.445813,good,UHF,515.2556725245295,138.76186331312576,0.05064850041986979,0.003541017306097911,38.337254859763036,1,temperate
13936335,63213,,467.2859585363003,74.0,436400000.0,53.109,6.108,good,UHF,484.76056797542697,138.95602377317726,0.052646086784169474,0.0012546660061264802,38.14338316464719,1,polar
13935889,63213,,467.2859585363003,61.0,436400000.0,51.721268,5.029968,good,UHF,528.782949971047,139.71102692724722,0.05786133819484249,0.001378956320147354,37.38304046885254,1,polar
13935885,63213,,467.2859585363003,61.0,436400000.0,51.721268,5.029,good,UHF,528.782949971047,139.71102692724722,0.05786133819484249,0.001378956320147354,37.38304046885254,1,polar
13935879,63213,,467.2859585363003,61.0,436400000.0,51.721268,5.029968,good,UHF,528.782949971047,139.71102692724722,0.05786133819484249,0.001378956320147354,37.38304046885254,1,polar
13935713,62083,,653.6538903280198,63.0,400639000.0,33.797628,-79.159123,good,UHF,724.9634906060837,141.70917040395238,0.056128264656148855,0.003925247921460921,35.38408377408476,1,temperate
13936553,43689,,820.2422986721886,27.0,465987500.0,40.44,-3.8,good,UHF,1522.5999581017245,149.4669848320877,0.11255696252671035,0.007703732807371461,27.56606216319301,1,temperate
13936326,43017,,530.6987426393534,31.0,145960000.0,36.717165,-4.464836,good,VHF,939.0544386722963,135.1862757122755,0.08063869842487492,0.006790607680197814,38.879602672234185,1,temperate
13936527,60472,,496.339573111597,55.0,401510000.0,42.99996628871616,24.930953710839745,good,UHF,595.5516765265584,140.0200995785878,0.061069452265223305,0.004269563302029241,37.06786909645969,1,temperate
13936363,57194,SITRO-AIS 7 (FARTUSHNIY),491.3527136666271,17.0,401199000.0,59.589261,150.832095,good,UHF,1295.3852169739787,146.7629587899968,0.17108353005899976,0.004125099499724285,30.215140271059227,1,polar
13936523,60472,,496.339573111597,46.0,401510000.0,42.48304,23.445813,good,UHF,668.1846134089674,141.0196399618778,0.0695431653345412,0.004861988041579228,36.05926257536083,1,temperate
13934315,40908,,417.2818961617795,20.0,437225000.0,51.4901,3.8236,good,UHF,1021.0190112964497,145.4425595242154,0.1480041969880889,0.0035262904727131673,31.559217678938552,1,polar
13936482,66673,,501.10582397294,30.0,400600000.0,51.721268,5.029,bad,UHF,911.3592994017208,143.69579470954142,0.10002000000000003,0.0024121247457705958,33.35508085632756,0,polar
13936474,66673,,501.10582397294,30.0,400600000.0,51.721268,5.029968,bad,UHF,911.3592994017208,143.69579470954142,0.10002000000000003,0.0024121247457705958,33.35508085632756,0,polar
13936487,50993,,475.9706516191036,70.0,437515000.0,51.721268,5.029968,bad,UHF,504.2083794714963,139.31984334524213,0.05387426577603618,0.001283464769444089,37.778306614827144,0,polar
13936480,43784,,487.5416538963318,67.0,437275000.0,51.721268,5.029,bad,UHF,526.2995196742322,139.6875356642313,0.05499292025472785,0.0013102183745819988,37.409468887754144,0,polar
13933768,44530,,656.1292369809689,12.0,435840000.0,-8.7356,115.1948,bad,UHF,1923.3387933426225,150.91544076623532,0.24335973188580037,0.032930417351805505,25.96157677514185,0,tropical
13933787,27848,CUBESAT XI-IV (CO-57),813.2248575014492,13.0,436848700.0,-8.7356,115.1948,bad,UHF,2183.7413865746285,152.03842827465533,0.2250007013642627,0.03043603761235311,24.85944267698281,0,tropical
13935731,43770,,488.90109466601643,79.0,145920000.0,49.45262,11.09435,bad,VHF,497.38358604662153,129.6639086254677,0.04230798348595335,0.003562881678556305,44.443528199982524,0,temperate
13933766,25397,,810.4486473732777,78.0,435225000.0,-8.7356,115.1948,bad,UHF,826.4547413988421,143.56644141248037,0.051717228867486816,0.006999576286658615,33.52814947298023,0,tropical
13935878,56192,,488.5349857191695,89.0,401415000.0,51.721268,5.029968,bad,UHF,488.60410770145063,138.2987974391116,0.050031203327931754,0.0012062460900073898,38.8032728020852,0,polar
13935884,35933,BEESAT-1,687.8941844436995,27.0,435950000.0,51.721268,5.029,bad,UHF,1303.5224086024105,147.5388868906989,0.11145424121362735,0.002656580641174678,29.50030997806104,0,polar
13935883,63217,,469.1826959130867,26.0,436400000.0,51.721268,5.029,bad,UHF,948.7013319443136,144.78806826652448,0.11544251266841725,0.0027512357547236003,32.24704567566715,0,polar
13935877,63217,,469.1826959130867,26.0,436400000.0,51.721268,5.029968,bad,UHF,948.7013319443136,144.78806826652448,0.11544251266841725,0.0027512357547236003,32.24704567566715,0,polar
13935876,43440,,492.6948797459936,11.0,401440000.0,51.721268,5.029968,bad,UHF,1612.9768643561094,148.67275886439214,0.2621679334419325,0.00632078362188973,28.212060109158784,0,polar
13935882,61781,,461.0974337214411,25.0,435400000.0,51.721268,5.029,bad,UHF,959.6584562041526,144.8678856063957,0.1197061380916849,0.0028537866961018503,32.162862159431256,0,polar
13933763,40012,,604.3384074273326,32.0,437421500.0,-8.7356,115.1948,bad,UHF,1035.760773772935,145.57097492117867,0.09553095175718765,0.012920116729206753,31.473881700949676,0,tropical
13934551,25544,,419.6307747912688,23.0,145800000.0,-33.933,151.058,bad,VHF,934.1966931646521,135.13170021461715,0.10627939173217586,0.008950967179402807,38.90637711708602,0,temperate
13934311,40974,BISONSAT,520.5738840995682,16.0,437375500.0,51.4901,3.8236,bad,UHF,1404.5932234174052,148.2158836371388,0.1836577079690516,0.004375540351961674,28.749390805154945,0,polar
13935712,40974,BISONSAT,520.5738840995682,17.0,437375500.0,51.721268,5.029968,bad,UHF,1358.4119395512869,147.92550206287933,0.17314577362404804,0.004125099499724285,29.050534754611647,0,polar
13934310,27848,CUBESAT XI-IV (CO-57),813.2248575014492,19.0,437490000.0,51.4901,3.8236,bad,UHF,1841.00413829922,150.56824112683086,0.15549688334150424,0.0037044850866825487,26.425865195355726,0,polar
13935704,44408,,380.01522461782315,36.0,400500000.0,51.721268,5.029,bad,UHF,615.2893843182073,140.2814220743603,0.08507925834867652,0.0020518758648357155,36.78475448204094,0,polar
13936062,59117,,458.6756181443179,38.0,401050000.0,-5.362,105.311,bad,UHF,707.9784545307252,141.5121544609297,0.08124188698593314,0.011120752272710907,35.54879059042639,0,tropical
13933761,44530,,656.1292369809689,31.0,435840000.0,-8.7356,115.1948,bad,UHF,1141.2323466270159,146.38180639234153,0.09823998612562695,0.013293422534137988,30.659967889613455,0,tropical
13933719,48274,,378.647425336193,81.0,436510000.0,-8.7356,115.1948,bad,UHF,383.09821931382976,136.91386983659453,0.05123934131844214,0.006931962714901434,40.18126654998689,0,tropical
13934550,43678,,566.2535568738604,61.0,145900000.0,-33.933,151.058,bad,VHF,639.5111038769292,131.84585085107673,0.04748349443877898,0.003998791107185853,42.25597455399206,0,temperate
13935708,60209,,392.7027015479098,23.0,435800000.0,51.721268,5.029968,bad,UHF,880.4563768041103,144.1276846046984,0.12949228504597027,0.003086681057504754,32.893044119812856,0,polar
13936676,62715,,585.2259758810051,90.0,401530000.0,63.854,20.208,good,UHF,585.2259758810051,139.86861508800024,0.0500255,0.0012060623728852977,37.23346104024162,1,polar
13934470,63235,,495.8572977365284,24.0,400496500.0,43.5649,1.4751,good,UHF,1052.8526813690642,144.9471098736174,0.1229500116385638,0.008598737208997235,32.074649068149824,1,temperate
13928753,57175,,481.7631162633661,80.0,436990000.0,50.77,-2.02,good,UHF,488.6621526619174,139.03738727362625,0.05139734110051482,0.0012246678290217998,38.06329840805897,1,polar
13925585,57175,,481.7631162633661,21.0,436990000.0,48.363,10.312,good,UHF,1120.4676349917204,146.24519952403332,0.14124170441085082,0.009759303284560083,30.757107158886015,1,temperate
13936477,57175,,481.7631162633661,40.0,436990000.0,51.721268,5.029968,good,UHF,715.3818272796561,142.34797127015617,0.07874529508228008,0.001876299970177465,34.724714825406124,1,polar
13931120,57175,,481.7631162633661,21.0,436990000.0,52.512,13.327,good,UHF,1120.4676349917204,146.24519952403332,0.14124170441085082,0.003365430347260568,30.763501031823324,1,polar
13925556,57175,,481.7631162633661,8.0,436990000.0,53.91,27.09,good,UHF,1789.1888981669108,150.3103370918833,0.36369456202979905,0.008665915788075794,26.47061012091359,1,polar
13937393,39086,,782.2412474129687,76.0,465988000.0,-34.747,-58.333,good,UHF,803.4689320354719,143.91465965051066,0.052664150337053926,0.003604490272776574,33.182379399494266,1,temperate
13931136,57166,,811.7137315693353,14.0,137900000.0,47.9183,19.8933,good,VHF,2116.7984110754323,141.7526585624141,0.17056469085219092,0.0144568208611677,32.215627616487296,1,temperate
13935668,39086,,782.2412474129687,81.0,465988000.0,-38.28,-57.854,good,UHF,790.9096393592672,143.77781525419863,0.05173676543474179,0.003541017306097911,33.32021465367529,1,temperate
13936490,63217,,469.1826959130867,28.0,436400000.0,51.721268,5.029968,good,UHF,900.6827653677924,144.33691511152568,0.1077949564535106,0.002568978546279574,32.70602864408926,1,polar
13936672,98492,,587.5337487022234,74.0,436650000.0,63.854,20.208,good,UHF,609.105842673669,140.94430781911453,0.05265042136515223,0.0012546660061264802,36.155094784128934,1,polar
13936654,57197,,460.16021298554824,29.0,401523000.0,59.589261,150.832095,good,UHF,862.9749372463866,143.24195543267263,0.10318562430323658,0.0024877030539791766,33.80567893058492,1,polar
13933772,41789,,663.5406803610595,69.0,437646970.0,-8.7356,115.1948,good,UHF,705.8797011072693,142.2448756048554,0.05422933907253651,0.007333721398419748,34.846869025288385,1,tropical
13932742,57172,,505.06217913152705,47.0,437625000.0,50.469,5.718,good,UHF,669.8346685901661,141.78917812809163,0.06922380131699368,0.0016490822022438012,35.29325667900386,1,polar
13935350,46907,,493.6946668929286,37.0,401090000.0,-38.28,-57.854,good,UHF,774.0464881906769,142.28796079926238,0.08311219351868789,0.005811455966586745,34.77642324186709,1,temperate
13936557,40974,BISONSAT,520.5738840995682,24.0,437375500.0,40.44,-3.8,good,UHF,1099.2273343692132,146.08662264935387,0.12446118603227449,0.008598737208997235,30.93362511801962,1,temperate
13936494,63215,,467.7939352753601,47.0,436400000.0,51.721268,5.029968,good,UHF,621.6595286646752,141.11652995639912,0.06919588504799624,0.0016490822022438012,35.96593276696538,1,polar
13936585,40974,BISONSAT,520.5674914086931,70.0,437375500.0,53.109,6.108,good,UHF,551.2343144985425,140.09159715527636,0.05387179156271517,0.001283464769444089,37.006555279006236,1,polar
13934316,40974,BISONSAT,520.5738840995682,68.0,437375500.0,51.4901,3.8236,good,UHF,558.0402340727424,140.19818250545936,0.0545985833884616,0.00130078017099296,36.899225821595934,1,polar
13936488,40974,BISONSAT,520.5738840995682,63.0,437375500.0,51.721268,5.029968,good,UHF,578.6382536381288,140.51301508859615,0.05681543695329643,0.0013535954453127257,36.582123569619995,1,polar
13935349,46914,,494.30083110808755,39.0,401060080.0,-38.28,-57.854,good,UHF,746.4755940527411,141.97228420555606,0.07947886118318861,0.005557457785920593,35.09598716608957,1,temperate
13933771,98457,,514.0635395582931,79.0,401510000.0,-8.7356,115.1948,good,UHF,522.9492333482822,138.89090116049476,0.05096147245125042,0.0069747648255845136,38.204470292843155,1,tropical
13936493,63237,,474.6854839275593,51.0,436400000.0,51.721268,5.029968,good,UHF,597.520684966602,140.7725369458802,0.06511861243130022,0.001551912295373969,36.31410022000787,1,polar
13932741,63237,,474.6854839275593,49.0,436400000.0,50.469,5.718,good,UHF,613.2995711029989,140.99893127968355,0.06705449088340551,0.0015980483148621183,36.08572387173294,1,polar
13936570,32785,CUTE-1.7+APD II (CO-65),539.3248681594314,77.0,437274600.0,33.797628,-79.159123,good,UHF,552.3659092837452,140.10740558768822,0.051952789974608844,0.00358941805939963,36.99035989489252,1,temperate
13936713,67290,,493.9101265296222,87.0,437350000.0,47.25833,16.60462,good,UHF,494.539135053019,139.14837913755548,0.05069197158527976,0.0035022211794867933,37.950734360294504,1,temperate
13936577,40086,,697.0771149316688,71.0,137250000.0,36.717165,-4.464836,good,VHF,732.9856336905732,132.4999395378565,0.043618039593273615,0.0036989453167132875,41.606051167848264,1,temperate
13927721,49263,,344.93083864068467,18.0,437250000.0,53.907,27.17,good,UHF,927.9546925527652,144.61291503051035,0.16381245774435396,0.003902899823761522,32.37267730253629,1,polar
13933770,98459,,513.9994733155818,84.0,401530000.0,-8.7356,115.1948,good,UHF,516.6180020298098,138.78553390771373,0.050301054439304695,0.006884331841093402,38.31058839662063,1,tropical
13926909,68460,,515.1444472635849,51.0,401200000.0,40.009,-105.249,good,UHF,647.3624733219658,140.73795211615794,0.06436371348597623,0.004500340580193772,36.34649152039064,1,temperate
13926902,68460,,514.9710410873886,5.0,401200000.0,42.28,-73.32,good,UHF,2116.808112578705,151.02863153409265,0.5739151365484062,0.04012841147145734,25.51063260850222,1,temperate
13927233,39472,,353.31180249740646,48.0,437478000.0,42.29361,-83.71195,good,UHF,465.7164367962414,138.62933890203243,0.06812216353765527,0.004706244849154102,38.45114038019551,1,temperate
13927206,39472,,353.31180249740646,48.0,437478000.0,42.293,-83.711,good,UHF,465.7164367962414,138.62933890203243,0.06812216353765527,0.004706244849154102,38.45114038019551,1,temperate
13936726,60524,,445.0574523267169,65.0,401540000.0,42.48304,23.445813,good,UHF,487.63188516209084,138.2842014234585,0.055197215981377966,0.003858977664214949,38.81005007351065,1,temperate
13933769,39086,,782.2413873379292,42.0,465988000.0,-8.7356,115.1948,good,UHF,1099.1813878819448,146.6366652017428,0.07636745280277153,0.010232111169155646,30.43004292490002,1,tropical
13936492,63214,,467.6839575111617,73.0,436400000.0,51.721268,5.029968,good,UHF,487.50152293156134,139.00499759524888,0.052918974156626275,0.0012611694811354845,38.09412995172811,1,polar
13936481,63216,,486.7794937849967,56.0,401357500.0,51.721268,5.029,good,UHF,577.9798904218951,139.75666544590334,0.060338188106280166,0.0014547740811894556,37.33484928252393,1,polar
13936473,63216,,486.7794937849967,56.0,401357500.0,51.721268,5.029968,good,UHF,577.9798904218951,139.75666544590334,0.060338188106280166,0.0014547740811894556,37.33484928252393,1,polar
13936576,5580,,888.4946011322327,11.0,137560000.0,36.717165,-4.464836,good,VHF,2471.4092787024447,143.0765200222021,0.2161952580830521,0.01832943724784388,30.842262973081773,1,temperate
13936547,60475,,496.31791526856705,79.0,401530000.0,38.65,20.74,good,UHF,504.9195678143269,138.58658723405077,0.050961812023482066,0.003562881678556305,38.512195762861936,1,temperate
13932321,43784,,487.5416538963318,80.0,437275000.0,50.7060925,2.8352674531249953,good,UHF,494.51744433851763,139.14650851399935,0.05140216437692127,0.0012246678290217998,37.95417234440946,1,polar
13933422,63214,,467.6839575111617,72.0,436400000.0,43.81477,4.06576,good,UHF,489.9911234240999,139.0492423104593,0.053210998294617916,0.003677406596931524,38.047176975263895,1,temperate
13936491,43784,,487.5416538963318,67.0,437275000.0,51.721268,5.029968,good,UHF,526.2995196742322,139.6875356642313,0.05499292025472785,0.0013102183745819988,37.409468887754144,1,polar
13928746,43784,,487.5416538963318,61.0,437275000.0,50.77,-2.02,good,UHF,551.4784221408217,140.0934466778371,0.0578780121083323,0.001378956320147354,37.00060404434916,1,polar
13927774,55104,,424.68021804115324,29.0,437325000.0,53.91,27.09,good,UHF,801.309973667117,143.33988028431892,0.10441641671139221,0.0024877030539791766,33.706523286530484,1,polar
13932739,43784,,487.5416538963318,58.0,437275000.0,50.469,5.718,good,UHF,567.138409301806,140.33665740630005,0.05969148475119353,0.0014221627032139864,36.7555366368603,1,polar
13936582,43784,,487.5416538963318,64.0,437275000.0,53.109,6.108,good,UHF,537.9327198928804,139.8774354141601,0.056321300979279655,0.0013418673364062929,37.21820910813898,1,polar
13936486,43784,,487.5416538963318,67.0,437275000.0,51.721268,5.029968,good,UHF,526.2995196742322,139.6875356642313,0.05499292025472785,0.0013102183745819988,37.409468887754144,1,polar
13936472,43784,,487.5416538963318,67.0,437275000.0,51.721268,5.029968,good,UHF,526.2995196742322,139.6875356642313,0.05499292025472785,0.0013102183745819988,37.409468887754144,1,polar
13936529,62709,,585.1427009513163,87.0,401520000.0,42.99996628871616,24.930953710839745,good,UHF,585.8781157634012,139.87807239855525,0.050093985399328,0.0035022211794867933,37.22163908548069,1,temperate
13936651,57204,SITRO-AIS 12 (SMIRENNIY),456.19073223545183,15.0,401349000.0,59.589261,150.832095,good,UHF,1307.6773455882649,146.8482389267362,0.1932720341871246,0.004659867176341542,30.10713686251509,1,polar
13936525,62709,,585.1427009513163,82.0,401520000.0,42.48304,23.445813,good,UHF,590.403649316996,139.94490753978423,0.050516960924434716,0.0035317926705674993,37.154351397235516,1,temperate
13936575,41183,,696.9780786457186,49.0,137288000.0,36.717165,-4.464836,good,VHF,891.4235296700044,134.20211665535842,0.05464742255048547,0.004634128940096609,39.891909483765744,1,temperate
13933767,46507,NETSAT-2,434.60322440155414,14.0,435600000.0,-8.7356,115.1948,good,UHF,1305.4413407761288,147.54468788026338,0.20913085691530447,0.028300947022497486,29.371188006413576,1,tropical
13935347,46912,,490.20282774055795,41.0,401030000.0,-38.28,-57.854,good,UHF,714.8463322767248,141.5955743320816,0.07623882067994583,0.005330955527675721,35.47616358232551,1,temperate
13936528,98518,,509.3836838253201,69.0,401496000.0,42.99996628871616,24.930953710839745,good,UHF,542.682130667703,139.21231810835712,0.053583956897026136,0.00374624553794562,37.88365937982266,1,temperate
13936524,98518,,509.3836838253201,81.0,401496000.0,42.48304,23.445813,good,UHF,515.2556725245295,138.76186331312576,0.05064850041986979,0.003541017306097911,38.337254859763036,1,temperate
13936335,63213,,467.2859585363003,74.0,436400000.0,53.109,6.108,good,UHF,484.76056797542697,138.95602377317726,0.052646086784169474,0.0012546660061264802,38.14338316464719,1,polar
13935889,63213,,467.2859585363003,61.0,436400000.0,51.721268,5.029968,good,UHF,528.782949971047,139.71102692724722,0.05786133819484249,0.001378956320147354,37.38304046885254,1,polar
13935885,63213,,467.2859585363003,61.0,436400000.0,51.721268,5.029,good,UHF,528.782949971047,139.71102692724722,0.05786133819484249,0.001378956320147354,37.38304046885254,1,polar
13935879,63213,,467.2859585363003,61.0,436400000.0,51.721268,5.029968,good,UHF,528.782949971047,139.71102692724722,0.05786133819484249,0.001378956320147354,37.38304046885254,1,polar
13935713,62083,,653.6538903280198,63.0,400639000.0,33.797628,-79.159123,good,UHF,724.9634906060837,141.70917040395238,0.056128264656148855,0.003925247921460921,35.38408377408476,1,temperate
13936553,43689,,820.2422986721886,27.0,465987500.0,40.44,-3.8,good,UHF,1522.5999581017245,149.4669848320877,0.11255696252671035,0.007703732807371461,27.56606216319301,1,temperate
13936326,43017,,530.6987426393534,31.0,145960000.0,36.717165,-4.464836,good,VHF,939.0544386722963,135.1862757122755,0.08063869842487492,0.006790607680197814,38.879602672234185,1,temperate
13936527,60472,,496.339573111597,55.0,401510000.0,42.99996628871616,24.930953710839745,good,UHF,595.5516765265584,140.0200995785878,0.061069452265223305,0.004269563302029241,37.06786909645969,1,temperate
13936363,57194,SITRO-AIS 7 (FARTUSHNIY),491.3527136666271,17.0,401199000.0,59.589261,150.832095,good,UHF,1295.3852169739787,146.7629587899968,0.17108353005899976,0.004125099499724285,30.215140271059227,1,polar
13936523,60472,,496.339573111597,46.0,401510000.0,42.48304,23.445813,good,UHF,668.1846134089674,141.0196399618778,0.0695431653345412,0.004861988041579228,36.05926257536083,1,temperate
13934315,40908,,417.2818961617795,20.0,437225000.0,51.4901,3.8236,good,UHF,1021.0190112964497,145.4425595242154,0.1480041969880889,0.0035262904727131673,31.559217678938552,1,polar
13936482,66673,,501.10582397294,30.0,400600000.0,51.721268,5.029,bad,UHF,911.3592994017208,143.69579470954142,0.10002000000000003,0.0024121247457705958,33.35508085632756,0,polar
13936474,66673,,501.10582397294,30.0,400600000.0,51.721268,5.029968,bad,UHF,911.3592994017208,143.69579470954142,0.10002000000000003,0.0024121247457705958,33.35508085632756,0,polar
13936487,50993,,475.9706516191036,70.0,437515000.0,51.721268,5.029968,bad,UHF,504.2083794714963,139.31984334524213,0.05387426577603618,0.001283464769444089,37.778306614827144,0,polar
13936480,43784,,487.5416538963318,67.0,437275000.0,51.721268,5.029,bad,UHF,526.2995196742322,139.6875356642313,0.05499292025472785,0.0013102183745819988,37.409468887754144,0,polar
13933768,44530,,656.1292369809689,12.0,435840000.0,-8.7356,115.1948,bad,UHF,1923.3387933426225,150.91544076623532,0.24335973188580037,0.032930417351805505,25.96157677514185,0,tropical
13933787,27848,CUBESAT XI-IV (CO-57),813.2248575014492,13.0,436848700.0,-8.7356,115.1948,bad,UHF,2183.7413865746285,152.03842827465533,0.2250007013642627,0.03043603761235311,24.85944267698281,0,tropical
13935731,43770,,488.90109466601643,79.0,145920000.0,49.45262,11.09435,bad,VHF,497.38358604662153,129.6639086254677,0.04230798348595335,0.003562881678556305,44.443528199982524,0,temperate
13933766,25397,,810.4486473732777,78.0,435225000.0,-8.7356,115.1948,bad,UHF,826.4547413988421,143.56644141248037,0.051717228867486816,0.006999576286658615,33.52814947298023,0,tropical
13935878,56192,,488.5349857191695,89.0,401415000.0,51.721268,5.029968,bad,UHF,488.60410770145063,138.2987974391116,0.050031203327931754,0.0012062460900073898,38.8032728020852,0,polar
13935884,35933,BEESAT-1,687.8941844436995,27.0,435950000.0,51.721268,5.029,bad,UHF,1303.5224086024105,147.5388868906989,0.11145424121362735,0.002656580641174678,29.50030997806104,0,polar
13935883,63217,,469.1826959130867,26.0,436400000.0,51.721268,5.029,bad,UHF,948.7013319443136,144.78806826652448,0.11544251266841725,0.0027512357547236003,32.24704567566715,0,polar
13935877,63217,,469.1826959130867,26.0,436400000.0,51.721268,5.029968,bad,UHF,948.7013319443136,144.78806826652448,0.11544251266841725,0.0027512357547236003,32.24704567566715,0,polar
13935876,43440,,492.6948797459936,11.0,401440000.0,51.721268,5.029968,bad,UHF,1612.9768643561094,148.67275886439214,0.2621679334419325,0.00632078362188973,28.212060109158784,0,polar
13935882,61781,,461.0974337214411,25.0,435400000.0,51.721268,5.029,bad,UHF,959.6584562041526,144.8678856063957,0.1197061380916849,0.0028537866961018503,32.162862159431256,0,polar
13933763,40012,,604.3384074273326,32.0,437421500.0,-8.7356,115.1948,bad,UHF,1035.760773772935,145.57097492117867,0.09553095175718765,0.012920116729206753,31.473881700949676,0,tropical
13934551,25544,,419.6307747912688,23.0,145800000.0,-33.933,151.058,bad,VHF,934.1966931646521,135.13170021461715,0.10627939173217586,0.008950967179402807,38.90637711708602,0,temperate
13934311,40974,BISONSAT,520.5738840995682,16.0,437375500.0,51.4901,3.8236,bad,UHF,1404.5932234174052,148.2158836371388,0.1836577079690516,0.004375540351961674,28.749390805154945,0,polar
13935712,40974,BISONSAT,520.5738840995682,17.0,437375500.0,51.721268,5.029968,bad,UHF,1358.4119395512869,147.92550206287933,0.17314577362404804,0.004125099499724285,29.050534754611647,0,polar
13934310,27848,CUBESAT XI-IV (CO-57),813.2248575014492,19.0,437490000.0,51.4901,3.8236,bad,UHF,1841.00413829922,150.56824112683086,0.15549688334150424,0.0037044850866825487,26.425865195355726,0,polar
13935704,44408,,380.01522461782315,36.0,400500000.0,51.721268,5.029,bad,UHF,615.2893843182073,140.2814220743603,0.08507925834867652,0.0020518758648357155,36.78475448204094,0,polar
13936062,59117,,458.6756181443179,38.0,401050000.0,-5.362,105.311,bad,UHF,707.9784545307252,141.5121544609297,0.08124188698593314,0.011120752272710907,35.54879059042639,0,tropical
13933761,44530,,656.1292369809689,31.0,435840000.0,-8.7356,115.1948,bad,UHF,1141.2323466270159,146.38180639234153,0.09823998612562695,0.013293422534137988,30.659967889613455,0,tropical
13933719,48274,,378.647425336193,81.0,436510000.0,-8.7356,115.1948,bad,UHF,383.09821931382976,136.91386983659453,0.05123934131844214,0.006931962714901434,40.18126654998689,0,tropical
13934550,43678,,566.2535568738604,61.0,145900000.0,-33.933,151.058,bad,VHF,639.5111038769292,131.84585085107673,0.04748349443877898,0.003998791107185853,42.25597455399206,0,temperate
13935708,60209,,392.7027015479098,23.0,435800000.0,51.721268,5.029968,bad,UHF,880.4563768041103,144.1276846046984,0.12949228504597027,0.003086681057504754,32.893044119812856,0,polar
13936676,62715,,585.2259758810051,90.0,401530000.0,63.854,20.208,good,UHF,585.2259758810051,139.86861508800024,0.0500255,0.0012060623728852977,37.23346104024162,1,polar
13934470,63235,,495.8572977365284,24.0,400496500.0,43.5649,1.4751,good,UHF,1052.8526813690642,144.9471098736174,0.1229500116385638,0.008598737208997235,32.074649068149824,1,temperate
13928753,57175,,481.7631162633661,80.0,436990000.0,50.77,-2.02,good,UHF,488.6621526619174,139.03738727362625,0.05139734110051482,0.0012246678290217998,38.06329840805897,1,polar
13925585,57175,,481.7631162633661,21.0,436990000.0,48.363,10.312,good,UHF,1120.4676349917204,146.24519952403332,0.14124170441085082,0.009759303284560083,30.757107158886015,1,temperate
13936477,57175,,481.7631162633661,40.0,436990000.0,51.721268,5.029968,good,UHF,715.3818272796561,142.34797127015617,0.07874529508228008,0.001876299970177465,34.724714825406124,1,polar
13931120,57175,,481.7631162633661,21.0,436990000.0,52.512,13.327,good,UHF,1120.4676349917204,146.24519952403332,0.14124170441085082,0.003365430347260568,30.763501031823324,1,polar
13925556,57175,,481.7631162633661,8.0,436990000.0,53.91,27.09,good,UHF,1789.1888981669108,150.3103370918833,0.36369456202979905,0.008665915788075794,26.47061012091359,1,polar
13937393,39086,,782.2412474129687,76.0,465988000.0,-34.747,-58.333,good,UHF,803.4689320354719,143.91465965051066,0.052664150337053926,0.003604490272776574,33.182379399494266,1,temperate
13931136,57166,,811.7137315693353,14.0,137900000.0,47.9183,19.8933,good,VHF,2116.7984110754323,141.7526585624141,0.17056469085219092,0.0144568208611677,32.215627616487296,1,temperate
13935668,39086,,782.2412474129687,81.0,465988000.0,-38.28,-57.854,good,UHF,790.9096393592672,143.77781525419863,0.05173676543474179,0.003541017306097911,33.32021465367529,1,temperate
13936490,63217,,469.1826959130867,28.0,436400000.0,51.721268,5.029968,good,UHF,900.6827653677924,144.33691511152568,0.1077949564535106,0.002568978546279574,32.70602864408926,1,polar
13936672,98492,,587.5337487022234,74.0,436650000.0,63.854,20.208,good,UHF,609.105842673669,140.94430781911453,0.05265042136515223,0.0012546660061264802,36.155094784128934,1,polar
13936654,57197,,460.16021298554824,29.0,401523000.0,59.589261,150.832095,good,UHF,862.9749372463866,143.24195543267263,0.10318562430323658,0.0024877030539791766,33.80567893058492,1,polar
13933772,41789,,663.5406803610595,69.0,437646970.0,-8.7356,115.1948,good,UHF,705.8797011072693,142.2448756048554,0.05422933907253651,0.007333721398419748,34.846869025288385,1,tropical
13932742,57172,,505.06217913152705,47.0,437625000.0,50.469,5.718,good,UHF,669.8346685901661,141.78917812809163,0.06922380131699368,0.0016490822022438012,35.29325667900386,1,polar
13935350,46907,,493.6946668929286,37.0,401090000.0,-38.28,-57.854,good,UHF,774.0464881906769,142.28796079926238,0.08311219351868789,0.005811455966586745,34.77642324186709,1,temperate
13936557,40974,BISONSAT,520.5738840995682,24.0,437375500.0,40.44,-3.8,good,UHF,1099.2273343692132,146.08662264935387,0.12446118603227449,0.008598737208997235,30.93362511801962,1,temperate
13936494,63215,,467.7939352753601,47.0,436400000.0,51.721268,5.029968,good,UHF,621.6595286646752,141.11652995639912,0.06919588504799624,0.0016490822022438012,35.96593276696538,1,polar
13936585,40974,BISONSAT,520.5674914086931,70.0,437375500.0,53.109,6.108,good,UHF,551.2343144985425,140.09159715527636,0.05387179156271517,0.001283464769444089,37.006555279006236,1,polar
13934316,40974,BISONSAT,520.5738840995682,68.0,437375500.0,51.4901,3.8236,good,UHF,558.0402340727424,140.19818250545936,0.0545985833884616,0.00130078017099296,36.899225821595934,1,polar
13936488,40974,BISONSAT,520.5738840995682,63.0,437375500.0,51.721268,5.029968,good,UHF,578.6382536381288,140.51301508859615,0.05681543695329643,0.0013535954453127257,36.582123569619995,1,polar
13935349,46914,,494.30083110808755,39.0,401060080.0,-38.28,-57.854,good,UHF,746.4755940527411,141.97228420555606,0.07947886118318861,0.005557457785920593,35.09598716608957,1,temperate
13933771,98457,,514.0635395582931,79.0,401510000.0,-8.7356,115.1948,good,UHF,522.9492333482822,138.89090116049476,0.05096147245125042,0.0069747648255845136,38.204470292843155,1,tropical
13936493,63237,,474.6854839275593,51.0,436400000.0,51.721268,5.029968,good,UHF,597.520684966602,140.7725369458802,0.06511861243130022,0.001551912295373969,36.31410022000787,1,polar
13932741,63237,,474.6854839275593,49.0,436400000.0,50.469,5.718,good,UHF,613.2995711029989,140.99893127968355,0.06705449088340551,0.0015980483148621183,36.08572387173294,1,polar
13936570,32785,CUTE-1.7+APD II (CO-65),539.3248681594314,77.0,437274600.0,33.797628,-79.159123,good,UHF,552.3659092837452,140.10740558768822,0.051952789974608844,0.00358941805939963,36.99035989489252,1,temperate
13936713,67290,,493.9101265296222,87.0,437350000.0,47.25833,16.60462,good,UHF,494.539135053019,139.14837913755548,0.05069197158527976,0.0035022211794867933,37.950734360294504,1,temperate
13936577,40086,,697.0771149316688,71.0,137250000.0,36.717165,-4.464836,good,VHF,732.9856336905732,132.4999395378565,0.043618039593273615,0.0036989453167132875,41.606051167848264,1,temperate
13927721,49263,,344.93083864068467,18.0,437250000.0,53.907,27.17,good,UHF,927.9546925527652,144.61291503051035,0.16381245774435396,0.003902899823761522,32.37267730253629,1,polar
13933770,98459,,513.9994733155818,84.0,401530000.0,-8.7356,115.1948,good,UHF,516.6180020298098,138.78553390771373,0.050301054439304695,0.006884331841093402,38.31058839662063,1,tropical
13926909,68460,,515.1444472635849,51.0,401200000.0,40.009,-105.249,good,UHF,647.3624733219658,140.73795211615794,0.06436371348597623,0.004500340580193772,36.34649152039064,1,temperate
13926902,68460,,514.9710410873886,5.0,401200000.0,42.28,-73.32,good,UHF,2116.808112578705,151.02863153409265,0.5739151365484062,0.04012841147145734,25.51063260850222,1,temperate
13927233,39472,,353.31180249740646,48.0,437478000.0,42.29361,-83.71195,good,UHF,465.7164367962414,138.62933890203243,0.06812216353765527,0.004706244849154102,38.45114038019551,1,temperate
13927206,39472,,353.31180249740646,48.0,437478000.0,42.293,-83.711,good,UHF,465.7164367962414,138.62933890203243,0.06812216353765527,0.004706244849154102,38.45114038019551,1,temperate
13936726,60524,,445.0574523267169,65.0,401540000.0,42.48304,23.445813,good,UHF,487.63188516209084,138.2842014234585,0.055197215981377966,0.003858977664214949,38.81005007351065,1,temperate
13933769,39086,,782.2413873379292,42.0,465988000.0,-8.7356,115.1948,good,UHF,1099.1813878819448,146.6366652017428,0.07636745280277153,0.010232111169155646,30.43004292490002,1,tropical
13936492,63214,,467.6839575111617,73.0,436400000.0,51.721268,5.029968,good,UHF,487.50152293156134,139.00499759524888,0.052918974156626275,0.0012611694811354845,38.09412995172811,1,polar
13936481,63216,,486.7794937849967,56.0,401357500.0,51.721268,5.029,good,UHF,577.9798904218951,139.75666544590334,0.060338188106280166,0.0014547740811894556,37.33484928252393,1,polar
13936473,63216,,486.7794937849967,56.0,401357500.0,51.721268,5.029968,good,UHF,577.9798904218951,139.75666544590334,0.060338188106280166,0.0014547740811894556,37.33484928252393,1,polar
13936576,5580,,888.4946011322327,11.0,137560000.0,36.717165,-4.464836,good,VHF,2471.4092787024447,143.0765200222021,0.2161952580830521,0.01832943724784388,30.842262973081773,1,temperate
13936547,60475,,496.31791526856705,79.0,401530000.0,38.65,20.74,good,UHF,504.9195678143269,138.58658723405077,0.050961812023482066,0.003562881678556305,38.512195762861936,1,temperate
13932321,43784,,487.5416538963318,80.0,437275000.0,50.7060925,2.8352674531249953,good,UHF,494.51744433851763,139.14650851399935,0.05140216437692127,0.0012246678290217998,37.95417234440946,1,polar
13933422,63214,,467.6839575111617,72.0,436400000.0,43.81477,4.06576,good,UHF,489.9911234240999,139.0492423104593,0.053210998294617916,0.003677406596931524,38.047176975263895,1,temperate
13936491,43784,,487.5416538963318,67.0,437275000.0,51.721268,5.029968,good,UHF,526.2995196742322,139.6875356642313,0.05499292025472785,0.0013102183745819988,37.409468887754144,1,polar
13928746,43784,,487.5416538963318,61.0,437275000.0,50.77,-2.02,good,UHF,551.4784221408217,140.0934466778371,0.0578780121083323,0.001378956320147354,37.00060404434916,1,polar
13927774,55104,,424.68021804115324,29.0,437325000.0,53.91,27.09,good,UHF,801.309973667117,143.33988028431892,0.10441641671139221,0.0024877030539791766,33.706523286530484,1,polar
13932739,43784,,487.5416538963318,58.0,437275000.0,50.469,5.718,good,UHF,567.138409301806,140.33665740630005,0.05969148475119353,0.0014221627032139864,36.7555366368603,1,polar
13936582,43784,,487.5416538963318,64.0,437275000.0,53.109,6.108,good,UHF,537.9327198928804,139.8774354141601,0.056321300979279655,0.0013418673364062929,37.21820910813898,1,polar
13936486,43784,,487.5416538963318,67.0,437275000.0,51.721268,5.029968,good,UHF,526.2995196742322,139.6875356642313,0.05499292025472785,0.0013102183745819988,37.409468887754144,1,polar
13936472,43784,,487.5416538963318,67.0,437275000.0,51.721268,5.029968,good,UHF,526.2995196742322,139.6875356642313,0.05499292025472785,0.0013102183745819988,37.409468887754144,1,polar
13936529,62709,,585.1427009513163,87.0,401520000.0,42.99996628871616,24.930953710839745,good,UHF,585.8781157634012,139.87807239855525,0.050093985399328,0.0035022211794867933,37.22163908548069,1,temperate
13936651,57204,SITRO-AIS 12 (SMIRENNIY),456.19073223545183,15.0,401349000.0,59.589261,150.832095,good,UHF,1307.6773455882649,146.8482389267362,0.1932720341871246,0.004659867176341542,30.10713686251509,1,polar
13936525,62709,,585.1427009513163,82.0,401520000.0,42.48304,23.445813,good,UHF,590.403649316996,139.94490753978423,0.050516960924434716,0.0035317926705674993,37.154351397235516,1,temperate
13936575,41183,,696.9780786457186,49.0,137288000.0,36.717165,-4.464836,good,VHF,891.4235296700044,134.20211665535842,0.05464742255048547,0.004634128940096609,39.891909483765744,1,temperate
13933767,46507,NETSAT-2,434.60322440155414,14.0,435600000.0,-8.7356,115.1948,good,UHF,1305.4413407761288,147.54468788026338,0.20913085691530447,0.028300947022497486,29.371188006413576,1,tropical
13935347,46912,,490.20282774055795,41.0,401030000.0,-38.28,-57.854,good,UHF,714.8463322767248,141.5955743320816,0.07623882067994583,0.005330955527675721,35.47616358232551,1,temperate
13936528,98518,,509.3836838253201,69.0,401496000.0,42.99996628871616,24.930953710839745,good,UHF,542.682130667703,139.21231810835712,0.053583956897026136,0.00374624553794562,37.88365937982266,1,temperate
13936524,98518,,509.3836838253201,81.0,401496000.0,42.48304,23.445813,good,UHF,515.2556725245295,138.76186331312576,0.05064850041986979,0.003541017306097911,38.337254859763036,1,temperate
13936335,63213,,467.2859585363003,74.0,436400000.0,53.109,6.108,good,UHF,484.76056797542697,138.95602377317726,0.052646086784169474,0.0012546660061264802,38.14338316464719,1,polar
13935889,63213,,467.2859585363003,61.0,436400000.0,51.721268,5.029968,good,UHF,528.782949971047,139.71102692724722,0.05786133819484249,0.001378956320147354,37.38304046885254,1,polar
13935885,63213,,467.2859585363003,61.0,436400000.0,51.721268,5.029,good,UHF,528.782949971047,139.71102692724722,0.05786133819484249,0.001378956320147354,37.38304046885254,1,polar
13935879,63213,,467.2859585363003,61.0,436400000.0,51.721268,5.029968,good,UHF,528.782949971047,139.71102692724722,0.05786133819484249,0.001378956320147354,37.38304046885254,1,polar
13935713,62083,,653.6538903280198,63.0,400639000.0,33.797628,-79.159123,good,UHF,724.9634906060837,141.70917040395238,0.056128264656148855,0.003925247921460921,35.38408377408476,1,temperate
13936553,43689,,820.2422986721886,27.0,465987500.0,40.44,-3.8,good,UHF,1522.5999581017245,149.4669848320877,0.11255696252671035,0.007703732807371461,27.56606216319301,1,temperate
13936326,43017,,530.6987426393534,31.0,145960000.0,36.717165,-4.464836,good,VHF,939.0544386722963,135.1862757122755,0.08063869842487492,0.006790607680197814,38.879602672234185,1,temperate
13936527,60472,,496.339573111597,55.0,401510000.0,42.99996628871616,24.930953710839745,good,UHF,595.5516765265584,140.0200995785878,0.061069452265223305,0.004269563302029241,37.06786909645969,1,temperate
13936363,57194,SITRO-AIS 7 (FARTUSHNIY),491.3527136666271,17.0,401199000.0,59.589261,150.832095,good,UHF,1295.3852169739787,146.7629587899968,0.17108353005899976,0.004125099499724285,30.215140271059227,1,polar
13936523,60472,,496.339573111597,46.0,401510000.0,42.48304,23.445813,good,UHF,668.1846134089674,141.0196399618778,0.0695431653345412,0.004861988041579228,36.05926257536083,1,temperate
13934315,40908,,417.2818961617795,20.0,437225000.0,51.4901,3.8236,good,UHF,1021.0190112964497,145.4425595242154,0.1480041969880889,0.0035262904727131673,31.559217678938552,1,polar
13936482,66673,,501.10582397294,30.0,400600000.0,51.721268,5.029,bad,UHF,911.3592994017208,143.69579470954142,0.10002000000000003,0.0024121247457705958,33.35508085632756,0,polar
13936474,66673,,501.10582397294,30.0,400600000.0,51.721268,5.029968,bad,UHF,911.3592994017208,143.69579470954142,0.10002000000000003,0.0024121247457705958,33.35508085632756,0,polar
13936487,50993,,475.9706516191036,70.0,437515000.0,51.721268,5.029968,bad,UHF,504.2083794714963,139.31984334524213,0.05387426577603618,0.001283464769444089,37.778306614827144,0,polar
13936480,43784,,487.5416538963318,67.0,437275000.0,51.721268,5.029,bad,UHF,526.2995196742322,139.6875356642313,0.05499292025472785,0.0013102183745819988,37.409468887754144,0,polar
13933768,44530,,656.1292369809689,12.0,435840000.0,-8.7356,115.1948,bad,UHF,1923.3387933426225,150.91544076623532,0.24335973188580037,0.032930417351805505,25.96157677514185,0,tropical
13933787,27848,CUBESAT XI-IV (CO-57),813.2248575014492,13.0,436848700.0,-8.7356,115.1948,bad,UHF,2183.7413865746285,152.03842827465533,0.2250007013642627,0.03043603761235311,24.85944267698281,0,tropical
13935731,43770,,488.90109466601643,79.0,145920000.0,49.45262,11.09435,bad,VHF,497.38358604662153,129.6639086254677,0.04230798348595335,0.003562881678556305,44.443528199982524,0,temperate
13933766,25397,,810.4486473732777,78.0,435225000.0,-8.7356,115.1948,bad,UHF,826.4547413988421,143.56644141248037,0.051717228867486816,0.006999576286658615,33.52814947298023,0,tropical
13935878,56192,,488.5349857191695,89.0,401415000.0,51.721268,5.029968,bad,UHF,488.60410770145063,138.2987974391116,0.050031203327931754,0.0012062460900073898,38.8032728020852,0,polar
13935884,35933,BEESAT-1,687.8941844436995,27.0,435950000.0,51.721268,5.029,bad,UHF,1303.5224086024105,147.5388868906989,0.11145424121362735,0.002656580641174678,29.50030997806104,0,polar
13935883,63217,,469.1826959130867,26.0,436400000.0,51.721268,5.029,bad,UHF,948.7013319443136,144.78806826652448,0.11544251266841725,0.0027512357547236003,32.24704567566715,0,polar
13935877,63217,,469.1826959130867,26.0,436400000.0,51.721268,5.029968,bad,UHF,948.7013319443136,144.78806826652448,0.11544251266841725,0.0027512357547236003,32.24704567566715,0,polar
13935876,43440,,492.6948797459936,11.0,401440000.0,51.721268,5.029968,bad,UHF,1612.9768643561094,148.67275886439214,0.2621679334419325,0.00632078362188973,28.212060109158784,0,polar
13935882,61781,,461.0974337214411,25.0,435400000.0,51.721268,5.029,bad,UHF,959.6584562041526,144.8678856063957,0.1197061380916849,0.0028537866961018503,32.162862159431256,0,polar
13933763,40012,,604.3384074273326,32.0,437421500.0,-8.7356,115.1948,bad,UHF,1035.760773772935,145.57097492117867,0.09553095175718765,0.012920116729206753,31.473881700949676,0,tropical
13934551,25544,,419.6307747912688,23.0,145800000.0,-33.933,151.058,bad,VHF,934.1966931646521,135.13170021461715,0.10627939173217586,0.008950967179402807,38.90637711708602,0,temperate
13934311,40974,BISONSAT,520.5738840995682,16.0,437375500.0,51.4901,3.8236,bad,UHF,1404.5932234174052,148.2158836371388,0.1836577079690516,0.004375540351961674,28.749390805154945,0,polar
13935712,40974,BISONSAT,520.5738840995682,17.0,437375500.0,51.721268,5.029968,bad,UHF,1358.4119395512869,147.92550206287933,0.17314577362404804,0.004125099499724285,29.050534754611647,0,polar
13934310,27848,CUBESAT XI-IV (CO-57),813.2248575014492,19.0,437490000.0,51.4901,3.8236,bad,UHF,1841.00413829922,150.56824112683086,0.15549688334150424,0.0037044850866825487,26.425865195355726,0,polar
13935704,44408,,380.01522461782315,36.0,400500000.0,51.721268,5.029,bad,UHF,615.2893843182073,140.2814220743603,0.08507925834867652,0.0020518758648357155,36.78475448204094,0,polar
13936062,59117,,458.6756181443179,38.0,401050000.0,-5.362,105.311,bad,UHF,707.9784545307252,141.5121544609297,0.08124188698593314,0.011120752272710907,35.54879059042639,0,tropical
13933761,44530,,656.1292369809689,31.0,435840000.0,-8.7356,115.1948,bad,UHF,1141.2323466270159,146.38180639234153,0.09823998612562695,0.013293422534137988,30.659967889613455,0,tropical
13933719,48274,,378.647425336193,81.0,436510000.0,-8.7356,115.1948,bad,UHF,383.09821931382976,136.91386983659453,0.05123934131844214,0.006931962714901434,40.18126654998689,0,tropical
13934550,43678,,566.2535568738604,61.0,145900000.0,-33.933,151.058,bad,VHF,639.5111038769292,131.84585085107673,0.04748349443877898,0.003998791107185853,42.25597455399206,0,temperate
13935708,60209,,392.7027015479098,23.0,435800000.0,51.721268,5.029968,bad,UHF,880.4563768041103,144.1276846046984,0.12949228504597027,0.003086681057504754,32.893044119812856,0,polar
13936676,62715,,585.2259758810051,90.0,401530000.0,63.854,20.208,good,UHF,585.2259758810051,139.86861508800024,0.0500255,0.0012060623728852977,37.23346104024162,1,polar
13934470,63235,,495.8572977365284,24.0,400496500.0,43.5649,1.4751,good,UHF,1052.8526813690642,144.9471098736174,0.1229500116385638,0.008598737208997235,32.074649068149824,1,temperate
13928753,57175,,481.7631162633661,80.0,436990000.0,50.77,-2.02,good,UHF,488.6621526619174,139.03738727362625,0.05139734110051482,0.0012246678290217998,38.06329840805897,1,polar
13925585,57175,,481.7631162633661,21.0,436990000.0,48.363,10.312,good,UHF,1120.4676349917204,146.24519952403332,0.14124170441085082,0.009759303284560083,30.757107158886015,1,temperate
13936477,57175,,481.7631162633661,40.0,436990000.0,51.721268,5.029968,good,UHF,715.3818272796561,142.34797127015617,0.07874529508228008,0.001876299970177465,34.724714825406124,1,polar
13931120,57175,,481.7631162633661,21.0,436990000.0,52.512,13.327,good,UHF,1120.4676349917204,146.24519952403332,0.14124170441085082,0.003365430347260568,30.763501031823324,1,polar
13925556,57175,,481.7631162633661,8.0,436990000.0,53.91,27.09,good,UHF,1789.1888981669108,150.3103370918833,0.36369456202979905,0.008665915788075794,26.47061012091359,1,polar
13937393,39086,,782.2412474129687,76.0,465988000.0,-34.747,-58.333,good,UHF,803.4689320354719,143.91465965051066,0.052664150337053926,0.003604490272776574,33.182379399494266,1,temperate
13931136,57166,,811.7137315693353,14.0,137900000.0,47.9183,19.8933,good,VHF,2116.7984110754323,141.7526585624141,0.17056469085219092,0.0144568208611677,32.215627616487296,1,temperate
13935668,39086,,782.2412474129687,81.0,465988000.0,-38.28,-57.854,good,UHF,790.9096393592672,143.77781525419863,0.05173676543474179,0.003541017306097911,33.32021465367529,1,temperate
13936490,63217,,469.1826959130867,28.0,436400000.0,51.721268,5.029968,good,UHF,900.6827653677924,144.33691511152568,0.1077949564535106,0.002568978546279574,32.70602864408926,1,polar
13936672,98492,,587.5337487022234,74.0,436650000.0,63.854,20.208,good,UHF,609.105842673669,140.94430781911453,0.05265042136515223,0.0012546660061264802,36.155094784128934,1,polar
13936654,57197,,460.16021298554824,29.0,401523000.0,59.589261,150.832095,good,UHF,862.9749372463866,143.24195543267263,0.10318562430323658,0.0024877030539791766,33.80567893058492,1,polar
13933772,41789,,663.5406803610595,69.0,437646970.0,-8.7356,115.1948,good,UHF,705.8797011072693,142.2448756048554,0.05422933907253651,0.007333721398419748,34.846869025288385,1,tropical
13932742,57172,,505.06217913152705,47.0,437625000.0,50.469,5.718,good,UHF,669.8346685901661,141.78917812809163,0.06922380131699368,0.0016490822022438012,35.29325667900386,1,polar
13935350,46907,,493.6946668929286,37.0,401090000.0,-38.28,-57.854,good,UHF,774.0464881906769,142.28796079926238,0.08311219351868789,0.005811455966586745,34.77642324186709,1,temperate
13936557,40974,BISONSAT,520.5738840995682,24.0,437375500.0,40.44,-3.8,good,UHF,1099.2273343692132,146.08662264935387,0.12446118603227449,0.008598737208997235,30.93362511801962,1,temperate
13936494,63215,,467.7939352753601,47.0,436400000.0,51.721268,5.029968,good,UHF,621.6595286646752,141.11652995639912,0.06919588504799624,0.0016490822022438012,35.96593276696538,1,polar
13936585,40974,BISONSAT,520.5674914086931,70.0,437375500.0,53.109,6.108,good,UHF,551.2343144985425,140.09159715527636,0.05387179156271517,0.001283464769444089,37.006555279006236,1,polar
13934316,40974,BISONSAT,520.5738840995682,68.0,437375500.0,51.4901,3.8236,good,UHF,558.0402340727424,140.19818250545936,0.0545985833884616,0.00130078017099296,36.899225821595934,1,polar
13936488,40974,BISONSAT,520.5738840995682,63.0,437375500.0,51.721268,5.029968,good,UHF,578.6382536381288,140.51301508859615,0.05681543695329643,0.0013535954453127257,36.582123569619995,1,polar
13935349,46914,,494.30083110808755,39.0,401060080.0,-38.28,-57.854,good,UHF,746.4755940527411,141.97228420555606,0.07947886118318861,0.005557457785920593,35.09598716608957,1,temperate
13933771,98457,,514.0635395582931,79.0,401510000.0,-8.7356,115.1948,good,UHF,522.9492333482822,138.89090116049476,0.05096147245125042,0.0069747648255845136,38.204470292843155,1,tropical
13936493,63237,,474.6854839275593,51.0,436400000.0,51.721268,5.029968,good,UHF,597.520684966602,140.7725369458802,0.06511861243130022,0.001551912295373969,36.31410022000787,1,polar
13932741,63237,,474.6854839275593,49.0,436400000.0,50.469,5.718,good,UHF,613.2995711029989,140.99893127968355,0.06705449088340551,0.0015980483148621183,36.08572387173294,1,polar
13936570,32785,CUTE-1.7+APD II (CO-65),539.3248681594314,77.0,437274600.0,33.797628,-79.159123,good,UHF,552.3659092837452,140.10740558768822,0.051952789974608844,0.00358941805939963,36.99035989489252,1,temperate
13936713,67290,,493.9101265296222,87.0,437350000.0,47.25833,16.60462,good,UHF,494.539135053019,139.14837913755548,0.05069197158527976,0.0035022211794867933,37.950734360294504,1,temperate
13936577,40086,,697.0771149316688,71.0,137250000.0,36.717165,-4.464836,good,VHF,732.9856336905732,132.4999395378565,0.043618039593273615,0.0036989453167132875,41.606051167848264,1,temperate
13927721,49263,,344.93083864068467,18.0,437250000.0,53.907,27.17,good,UHF,927.9546925527652,144.61291503051035,0.16381245774435396,0.003902899823761522,32.37267730253629,1,polar
13933770,98459,,513.9994733155818,84.0,401530000.0,-8.7356,115.1948,good,UHF,516.6180020298098,138.78553390771373,0.050301054439304695,0.006884331841093402,38.31058839662063,1,tropical
13926909,68460,,515.1444472635849,51.0,401200000.0,40.009,-105.249,good,UHF,647.3624733219658,140.73795211615794,0.06436371348597623,0.004500340580193772,36.34649152039064,1,temperate
13926902,68460,,514.9710410873886,5.0,401200000.0,42.28,-73.32,good,UHF,2116.808112578705,151.02863153409265,0.5739151365484062,0.04012841147145734,25.51063260850222,1,temperate
13927233,39472,,353.31180249740646,48.0,437478000.0,42.29361,-83.71195,good,UHF,465.7164367962414,138.62933890203243,0.06812216353765527,0.004706244849154102,38.45114038019551,1,temperate
13927206,39472,,353.31180249740646,48.0,437478000.0,42.293,-83.711,good,UHF,465.7164367962414,138.62933890203243,0.06812216353765527,0.004706244849154102,38.45114038019551,1,temperate
13936726,60524,,445.0574523267169,65.0,401540000.0,42.48304,23.445813,good,UHF,487.63188516209084,138.2842014234585,0.055197215981377966,0.003858977664214949,38.81005007351065,1,temperate
13933769,39086,,782.2413873379292,42.0,465988000.0,-8.7356,115.1948,good,UHF,1099.1813878819448,146.6366652017428,0.07636745280277153,0.010232111169155646,30.43004292490002,1,tropical
13936492,63214,,467.6839575111617,73.0,436400000.0,51.721268,5.029968,good,UHF,487.50152293156134,139.00499759524888,0.052918974156626275,0.0012611694811354845,38.09412995172811,1,polar
13936481,63216,,486.7794937849967,56.0,401357500.0,51.721268,5.029,good,UHF,577.9798904218951,139.75666544590334,0.060338188106280166,0.0014547740811894556,37.33484928252393,1,polar
13936473,63216,,486.7794937849967,56.0,401357500.0,51.721268,5.029968,good,UHF,577.9798904218951,139.75666544590334,0.060338188106280166,0.0014547740811894556,37.33484928252393,1,polar
13936576,5580,,888.4946011322327,11.0,137560000.0,36.717165,-4.464836,good,VHF,2471.4092787024447,143.0765200222021,0.2161952580830521,0.01832943724784388,30.842262973081773,1,temperate
13936547,60475,,496.31791526856705,79.0,401530000.0,38.65,20.74,good,UHF,504.9195678143269,138.58658723405077,0.050961812023482066,0.003562881678556305,38.512195762861936,1,temperate
13932321,43784,,487.5416538963318,80.0,437275000.0,50.7060925,2.8352674531249953,good,UHF,494.51744433851763,139.14650851399935,0.05140216437692127,0.0012246678290217998,37.95417234440946,1,polar
13933422,63214,,467.6839575111617,72.0,436400000.0,43.81477,4.06576,good,UHF,489.9911234240999,139.0492423104593,0.053210998294617916,0.003677406596931524,38.047176975263895,1,temperate
13936491,43784,,487.5416538963318,67.0,437275000.0,51.721268,5.029968,good,UHF,526.2995196742322,139.6875356642313,0.05499292025472785,0.0013102183745819988,37.409468887754144,1,polar
13928746,43784,,487.5416538963318,61.0,437275000.0,50.77,-2.02,good,UHF,551.4784221408217,140.0934466778371,0.0578780121083323,0.001378956320147354,37.00060404434916,1,polar
13927774,55104,,424.68021804115324,29.0,437325000.0,53.91,27.09,good,UHF,801.309973667117,143.33988028431892,0.10441641671139221,0.0024877030539791766,33.706523286530484,1,polar
13932739,43784,,487.5416538963318,58.0,437275000.0,50.469,5.718,good,UHF,567.138409301806,140.33665740630005,0.05969148475119353,0.0014221627032139864,36.7555366368603,1,polar
13936582,43784,,487.5416538963318,64.0,437275000.0,53.109,6.108,good,UHF,537.9327198928804,139.8774354141601,0.056321300979279655,0.0013418673364062929,37.21820910813898,1,polar
13936486,43784,,487.5416538963318,67.0,437275000.0,51.721268,5.029968,good,UHF,526.2995196742322,139.6875356642313,0.05499292025472785,0.0013102183745819988,37.409468887754144,1,polar
13936472,43784,,487.5416538963318,67.0,437275000.0,51.721268,5.029968,good,UHF,526.2995196742322,139.6875356642313,0.05499292025472785,0.0013102183745819988,37.409468887754144,1,polar
13936529,62709,,585.1427009513163,87.0,401520000.0,42.99996628871616,24.930953710839745,good,UHF,585.8781157634012,139.87807239855525,0.050093985399328,0.0035022211794867933,37.22163908548069,1,temperate
13936651,57204,SITRO-AIS 12 (SMIRENNIY),456.19073223545183,15.0,401349000.0,59.589261,150.832095,good,UHF,1307.6773455882649,146.8482389267362,0.1932720341871246,0.004659867176341542,30.10713686251509,1,polar
13936525,62709,,585.1427009513163,82.0,401520000.0,42.48304,23.445813,good,UHF,590.403649316996,139.94490753978423,0.050516960924434716,0.0035317926705674993,37.154351397235516,1,temperate
13936575,41183,,696.9780786457186,49.0,137288000.0,36.717165,-4.464836,good,VHF,891.4235296700044,134.20211665535842,0.05464742255048547,0.004634128940096609,39.891909483765744,1,temperate
13933767,46507,NETSAT-2,434.60322440155414,14.0,435600000.0,-8.7356,115.1948,good,UHF,1305.4413407761288,147.54468788026338,0.20913085691530447,0.028300947022497486,29.371188006413576,1,tropical
13935347,46912,,490.20282774055795,41.0,401030000.0,-38.28,-57.854,good,UHF,714.8463322767248,141.5955743320816,0.07623882067994583,0.005330955527675721,35.47616358232551,1,temperate
13936528,98518,,509.3836838253201,69.0,401496000.0,42.99996628871616,24.930953710839745,good,UHF,542.682130667703,139.21231810835712,0.053583956897026136,0.00374624553794562,37.88365937982266,1,temperate
13936524,98518,,509.3836838253201,81.0,401496000.0,42.48304,23.445813,good,UHF,515.2556725245295,138.76186331312576,0.05064850041986979,0.003541017306097911,38.337254859763036,1,temperate
13936335,63213,,467.2859585363003,74.0,436400000.0,53.109,6.108,good,UHF,484.76056797542697,138.95602377317726,0.052646086784169474,0.0012546660061264802,38.14338316464719,1,polar
13935889,63213,,467.2859585363003,61.0,436400000.0,51.721268,5.029968,good,UHF,528.782949971047,139.71102692724722,0.05786133819484249,0.001378956320147354,37.38304046885254,1,polar
13935885,63213,,467.2859585363003,61.0,436400000.0,51.721268,5.029,good,UHF,528.782949971047,139.71102692724722,0.05786133819484249,0.001378956320147354,37.38304046885254,1,polar
13935879,63213,,467.2859585363003,61.0,436400000.0,51.721268,5.029968,good,UHF,528.782949971047,139.71102692724722,0.05786133819484249,0.001378956320147354,37.38304046885254,1,polar
13935713,62083,,653.6538903280198,63.0,400639000.0,33.797628,-79.159123,good,UHF,724.9634906060837,141.70917040395238,0.056128264656148855,0.003925247921460921,35.38408377408476,1,temperate
13936553,43689,,820.2422986721886,27.0,465987500.0,40.44,-3.8,good,UHF,1522.5999581017245,149.4669848320877,0.11255696252671035,0.007703732807371461,27.56606216319301,1,temperate
13936326,43017,,530.6987426393534,31.0,145960000.0,36.717165,-4.464836,good,VHF,939.0544386722963,135.1862757122755,0.08063869842487492,0.006790607680197814,38.879602672234185,1,temperate
13936527,60472,,496.339573111597,55.0,401510000.0,42.99996628871616,24.930953710839745,good,UHF,595.5516765265584,140.0200995785878,0.061069452265223305,0.004269563302029241,37.06786909645969,1,temperate
13936363,57194,SITRO-AIS 7 (FARTUSHNIY),491.3527136666271,17.0,401199000.0,59.589261,150.832095,good,UHF,1295.3852169739787,146.7629587899968,0.17108353005899976,0.004125099499724285,30.215140271059227,1,polar
13936523,60472,,496.339573111597,46.0,401510000.0,42.48304,23.445813,good,UHF,668.1846134089674,141.0196399618778,0.0695431653345412,0.004861988041579228,36.05926257536083,1,temperate
13934315,40908,,417.2818961617795,20.0,437225000.0,51.4901,3.8236,good,UHF,1021.0190112964497,145.4425595242154,0.1480041969880889,0.0035262904727131673,31.559217678938552,1,polar
13936482,66673,,501.10582397294,30.0,400600000.0,51.721268,5.029,bad,UHF,911.3592994017208,143.69579470954142,0.10002000000000003,0.0024121247457705958,33.35508085632756,0,polar
13936474,66673,,501.10582397294,30.0,400600000.0,51.721268,5.029968,bad,UHF,911.3592994017208,143.69579470954142,0.10002000000000003,0.0024121247457705958,33.35508085632756,0,polar
13936487,50993,,475.9706516191036,70.0,437515000.0,51.721268,5.029968,bad,UHF,504.2083794714963,139.31984334524213,0.05387426577603618,0.001283464769444089,37.778306614827144,0,polar
13936480,43784,,487.5416538963318,67.0,437275000.0,51.721268,5.029,bad,UHF,526.2995196742322,139.6875356642313,0.05499292025472785,0.0013102183745819988,37.409468887754144,0,polar
13933768,44530,,656.1292369809689,12.0,435840000.0,-8.7356,115.1948,bad,UHF,1923.3387933426225,150.91544076623532,0.24335973188580037,0.032930417351805505,25.96157677514185,0,tropical
13933787,27848,CUBESAT XI-IV (CO-57),813.2248575014492,13.0,436848700.0,-8.7356,115.1948,bad,UHF,2183.7413865746285,152.03842827465533,0.2250007013642627,0.03043603761235311,24.85944267698281,0,tropical
13935731,43770,,488.90109466601643,79.0,145920000.0,49.45262,11.09435,bad,VHF,497.38358604662153,129.6639086254677,0.04230798348595335,0.003562881678556305,44.443528199982524,0,temperate
13933766,25397,,810.4486473732777,78.0,435225000.0,-8.7356,115.1948,bad,UHF,826.4547413988421,143.56644141248037,0.051717228867486816,0.006999576286658615,33.52814947298023,0,tropical
13935878,56192,,488.5349857191695,89.0,401415000.0,51.721268,5.029968,bad,UHF,488.60410770145063,138.2987974391116,0.050031203327931754,0.0012062460900073898,38.8032728020852,0,polar
13935884,35933,BEESAT-1,687.8941844436995,27.0,435950000.0,51.721268,5.029,bad,UHF,1303.5224086024105,147.5388868906989,0.11145424121362735,0.002656580641174678,29.50030997806104,0,polar
13935883,63217,,469.1826959130867,26.0,436400000.0,51.721268,5.029,bad,UHF,948.7013319443136,144.78806826652448,0.11544251266841725,0.0027512357547236003,32.24704567566715,0,polar
13935877,63217,,469.1826959130867,26.0,436400000.0,51.721268,5.029968,bad,UHF,948.7013319443136,144.78806826652448,0.11544251266841725,0.0027512357547236003,32.24704567566715,0,polar
13935876,43440,,492.6948797459936,11.0,401440000.0,51.721268,5.029968,bad,UHF,1612.9768643561094,148.67275886439214,0.2621679334419325,0.00632078362188973,28.212060109158784,0,polar
13935882,61781,,461.0974337214411,25.0,435400000.0,51.721268,5.029,bad,UHF,959.6584562041526,144.8678856063957,0.1197061380916849,0.0028537866961018503,32.162862159431256,0,polar
13933763,40012,,604.3384074273326,32.0,437421500.0,-8.7356,115.1948,bad,UHF,1035.760773772935,145.57097492117867,0.09553095175718765,0.012920116729206753,31.473881700949676,0,tropical
13934551,25544,,419.6307747912688,23.0,145800000.0,-33.933,151.058,bad,VHF,934.1966931646521,135.13170021461715,0.10627939173217586,0.008950967179402807,38.90637711708602,0,temperate
13934311,40974,BISONSAT,520.5738840995682,16.0,437375500.0,51.4901,3.8236,bad,UHF,1404.5932234174052,148.2158836371388,0.1836577079690516,0.004375540351961674,28.749390805154945,0,polar
13935712,40974,BISONSAT,520.5738840995682,17.0,437375500.0,51.721268,5.029968,bad,UHF,1358.4119395512869,147.92550206287933,0.17314577362404804,0.004125099499724285,29.050534754611647,0,polar
13934310,27848,CUBESAT XI-IV (CO-57),813.2248575014492,19.0,437490000.0,51.4901,3.8236,bad,UHF,1841.00413829922,150.56824112683086,0.15549688334150424,0.0037044850866825487,26.425865195355726,0,polar
13935704,44408,,380.01522461782315,36.0,400500000.0,51.721268,5.029,bad,UHF,615.2893843182073,140.2814220743603,0.08507925834867652,0.0020518758648357155,36.78475448204094,0,polar
13936062,59117,,458.6756181443179,38.0,401050000.0,-5.362,105.311,bad,UHF,707.9784545307252,141.5121544609297,0.08124188698593314,0.011120752272710907,35.54879059042639,0,tropical
13933761,44530,,656.1292369809689,31.0,435840000.0,-8.7356,115.1948,bad,UHF,1141.2323466270159,146.38180639234153,0.09823998612562695,0.013293422534137988,30.659967889613455,0,tropical
13933719,48274,,378.647425336193,81.0,436510000.0,-8.7356,115.1948,bad,UHF,383.09821931382976,136.91386983659453,0.05123934131844214,0.006931962714901434,40.18126654998689,0,tropical
13934550,43678,,566.2535568738604,61.0,145900000.0,-33.933,151.058,bad,VHF,639.5111038769292,131.84585085107673,0.04748349443877898,0.003998791107185853,42.25597455399206,0,temperate
13935708,60209,,392.7027015479098,23.0,435800000.0,51.721268,5.029968,bad,UHF,880.4563768041103,144.1276846046984,0.12949228504597027,0.003086681057504754,32.893044119812856,0,polar
13936676,62715,,585.2259758810051,90.0,401530000.0,63.854,20.208,good,UHF,585.2259758810051,139.86861508800024,0.0500255,0.0012060623728852977,37.23346104024162,1,polar
13934470,63235,,495.8572977365284,24.0,400496500.0,43.5649,1.4751,good,UHF,1052.8526813690642,144.9471098736174,0.1229500116385638,0.008598737208997235,32.074649068149824,1,temperate
13928753,57175,,481.7631162633661,80.0,436990000.0,50.77,-2.02,good,UHF,488.6621526619174,139.03738727362625,0.05139734110051482,0.0012246678290217998,38.06329840805897,1,polar
13925585,57175,,481.7631162633661,21.0,436990000.0,48.363,10.312,good,UHF,1120.4676349917204,146.24519952403332,0.14124170441085082,0.009759303284560083,30.757107158886015,1,temperate
13936477,57175,,481.7631162633661,40.0,436990000.0,51.721268,5.029968,good,UHF,715.3818272796561,142.34797127015617,0.07874529508228008,0.001876299970177465,34.724714825406124,1,polar
13931120,57175,,481.7631162633661,21.0,436990000.0,52.512,13.327,good,UHF,1120.4676349917204,146.24519952403332,0.14124170441085082,0.003365430347260568,30.763501031823324,1,polar
13925556,57175,,481.7631162633661,8.0,436990000.0,53.91,27.09,good,UHF,1789.1888981669108,150.3103370918833,0.36369456202979905,0.008665915788075794,26.47061012091359,1,polar
13937393,39086,,782.2412474129687,76.0,465988000.0,-34.747,-58.333,good,UHF,803.4689320354719,143.91465965051066,0.052664150337053926,0.003604490272776574,33.182379399494266,1,temperate
13931136,57166,,811.7137315693353,14.0,137900000.0,47.9183,19.8933,good,VHF,2116.7984110754323,141.7526585624141,0.17056469085219092,0.0144568208611677,32.215627616487296,1,temperate
13935668,39086,,782.2412474129687,81.0,465988000.0,-38.28,-57.854,good,UHF,790.9096393592672,143.77781525419863,0.05173676543474179,0.003541017306097911,33.32021465367529,1,temperate
13936490,63217,,469.1826959130867,28.0,436400000.0,51.721268,5.029968,good,UHF,900.6827653677924,144.33691511152568,0.1077949564535106,0.002568978546279574,32.70602864408926,1,polar
13936672,98492,,587.5337487022234,74.0,436650000.0,63.854,20.208,good,UHF,609.105842673669,140.94430781911453,0.05265042136515223,0.0012546660061264802,36.155094784128934,1,polar
13936654,57197,,460.16021298554824,29.0,401523000.0,59.589261,150.832095,good,UHF,862.9749372463866,143.24195543267263,0.10318562430323658,0.0024877030539791766,33.80567893058492,1,polar
13933772,41789,,663.5406803610595,69.0,437646970.0,-8.7356,115.1948,good,UHF,705.8797011072693,142.2448756048554,0.05422933907253651,0.007333721398419748,34.846869025288385,1,tropical
13932742,57172,,505.06217913152705,47.0,437625000.0,50.469,5.718,good,UHF,669.8346685901661,141.78917812809163,0.06922380131699368,0.0016490822022438012,35.29325667900386,1,polar
13935350,46907,,493.6946668929286,37.0,401090000.0,-38.28,-57.854,good,UHF,774.0464881906769,142.28796079926238,0.08311219351868789,0.005811455966586745,34.77642324186709,1,temperate
13936557,40974,BISONSAT,520.5738840995682,24.0,437375500.0,40.44,-3.8,good,UHF,1099.2273343692132,146.08662264935387,0.12446118603227449,0.008598737208997235,30.93362511801962,1,temperate
13936494,63215,,467.7939352753601,47.0,436400000.0,51.721268,5.029968,good,UHF,621.6595286646752,141.11652995639912,0.06919588504799624,0.0016490822022438012,35.96593276696538,1,polar
13936585,40974,BISONSAT,520.5674914086931,70.0,437375500.0,53.109,6.108,good,UHF,551.2343144985425,140.09159715527636,0.05387179156271517,0.001283464769444089,37.006555279006236,1,polar
13934316,40974,BISONSAT,520.5738840995682,68.0,437375500.0,51.4901,3.8236,good,UHF,558.0402340727424,140.19818250545936,0.0545985833884616,0.00130078017099296,36.899225821595934,1,polar
13936488,40974,BISONSAT,520.5738840995682,63.0,437375500.0,51.721268,5.029968,good,UHF,578.6382536381288,140.51301508859615,0.05681543695329643,0.0013535954453127257,36.582123569619995,1,polar
13935349,46914,,494.30083110808755,39.0,401060080.0,-38.28,-57.854,good,UHF,746.4755940527411,141.97228420555606,0.07947886118318861,0.005557457785920593,35.09598716608957,1,temperate
13933771,98457,,514.0635395582931,79.0,401510000.0,-8.7356,115.1948,good,UHF,522.9492333482822,138.89090116049476,0.05096147245125042,0.0069747648255845136,38.204470292843155,1,tropical
13936493,63237,,474.6854839275593,51.0,436400000.0,51.721268,5.029968,good,UHF,597.520684966602,140.7725369458802,0.06511861243130022,0.001551912295373969,36.31410022000787,1,polar
13932741,63237,,474.6854839275593,49.0,436400000.0,50.469,5.718,good,UHF,613.2995711029989,140.99893127968355,0.06705449088340551,0.0015980483148621183,36.08572387173294,1,polar
13936570,32785,CUTE-1.7+APD II (CO-65),539.3248681594314,77.0,437274600.0,33.797628,-79.159123,good,UHF,552.3659092837452,140.10740558768822,0.051952789974608844,0.00358941805939963,36.99035989489252,1,temperate
13936713,67290,,493.9101265296222,87.0,437350000.0,47.25833,16.60462,good,UHF,494.539135053019,139.14837913755548,0.05069197158527976,0.0035022211794867933,37.950734360294504,1,temperate
13936577,40086,,697.0771149316688,71.0,137250000.0,36.717165,-4.464836,good,VHF,732.9856336905732,132.4999395378565,0.043618039593273615,0.0036989453167132875,41.606051167848264,1,temperate
13927721,49263,,344.93083864068467,18.0,437250000.0,53.907,27.17,good,UHF,927.9546925527652,144.61291503051035,0.16381245774435396,0.003902899823761522,32.37267730253629,1,polar
13933770,98459,,513.9994733155818,84.0,401530000.0,-8.7356,115.1948,good,UHF,516.6180020298098,138.78553390771373,0.050301054439304695,0.006884331841093402,38.31058839662063,1,tropical
13926909,68460,,515.1444472635849,51.0,401200000.0,40.009,-105.249,good,UHF,647.3624733219658,140.73795211615794,0.06436371348597623,0.004500340580193772,36.34649152039064,1,temperate
13926902,68460,,514.9710410873886,5.0,401200000.0,42.28,-73.32,good,UHF,2116.808112578705,151.02863153409265,0.5739151365484062,0.04012841147145734,25.51063260850222,1,temperate
13927233,39472,,353.31180249740646,48.0,437478000.0,42.29361,-83.71195,good,UHF,465.7164367962414,138.62933890203243,0.06812216353765527,0.004706244849154102,38.45114038019551,1,temperate
13927206,39472,,353.31180249740646,48.0,437478000.0,42.293,-83.711,good,UHF,465.7164367962414,138.62933890203243,0.06812216353765527,0.004706244849154102,38.45114038019551,1,temperate
13936726,60524,,445.0574523267169,65.0,401540000.0,42.48304,23.445813,good,UHF,487.63188516209084,138.2842014234585,0.055197215981377966,0.003858977664214949,38.81005007351065,1,temperate
13933769,39086,,782.2413873379292,42.0,465988000.0,-8.7356,115.1948,good,UHF,1099.1813878819448,146.6366652017428,0.07636745280277153,0.010232111169155646,30.43004292490002,1,tropical
13936492,63214,,467.6839575111617,73.0,436400000.0,51.721268,5.029968,good,UHF,487.50152293156134,139.00499759524888,0.052918974156626275,0.0012611694811354845,38.09412995172811,1,polar
13936481,63216,,486.7794937849967,56.0,401357500.0,51.721268,5.029,good,UHF,577.9798904218951,139.75666544590334,0.060338188106280166,0.0014547740811894556,37.33484928252393,1,polar
13936473,63216,,486.7794937849967,56.0,401357500.0,51.721268,5.029968,good,UHF,577.9798904218951,139.75666544590334,0.060338188106280166,0.0014547740811894556,37.33484928252393,1,polar
13936576,5580,,888.4946011322327,11.0,137560000.0,36.717165,-4.464836,good,VHF,2471.4092787024447,143.0765200222021,0.2161952580830521,0.01832943724784388,30.842262973081773,1,temperate
13936547,60475,,496.31791526856705,79.0,401530000.0,38.65,20.74,good,UHF,504.9195678143269,138.58658723405077,0.050961812023482066,0.003562881678556305,38.512195762861936,1,temperate
13932321,43784,,487.5416538963318,80.0,437275000.0,50.7060925,2.8352674531249953,good,UHF,494.51744433851763,139.14650851399935,0.05140216437692127,0.0012246678290217998,37.95417234440946,1,polar
13933422,63214,,467.6839575111617,72.0,436400000.0,43.81477,4.06576,good,UHF,489.9911234240999,139.0492423104593,0.053210998294617916,0.003677406596931524,38.047176975263895,1,temperate
13936491,43784,,487.5416538963318,67.0,437275000.0,51.721268,5.029968,good,UHF,526.2995196742322,139.6875356642313,0.05499292025472785,0.0013102183745819988,37.409468887754144,1,polar
13928746,43784,,487.5416538963318,61.0,437275000.0,50.77,-2.02,good,UHF,551.4784221408217,140.0934466778371,0.0578780121083323,0.001378956320147354,37.00060404434916,1,polar
13927774,55104,,424.68021804115324,29.0,437325000.0,53.91,27.09,good,UHF,801.309973667117,143.33988028431892,0.10441641671139221,0.0024877030539791766,33.706523286530484,1,polar
13932739,43784,,487.5416538963318,58.0,437275000.0,50.469,5.718,good,UHF,567.138409301806,140.33665740630005,0.05969148475119353,0.0014221627032139864,36.7555366368603,1,polar
13936582,43784,,487.5416538963318,64.0,437275000.0,53.109,6.108,good,UHF,537.9327198928804,139.8774354141601,0.056321300979279655,0.0013418673364062929,37.21820910813898,1,polar
13936486,43784,,487.5416538963318,67.0,437275000.0,51.721268,5.029968,good,UHF,526.2995196742322,139.6875356642313,0.05499292025472785,0.0013102183745819988,37.409468887754144,1,polar
13936472,43784,,487.5416538963318,67.0,437275000.0,51.721268,5.029968,good,UHF,526.2995196742322,139.6875356642313,0.05499292025472785,0.0013102183745819988,37.409468887754144,1,polar
13936529,62709,,585.1427009513163,87.0,401520000.0,42.99996628871616,24.930953710839745,good,UHF,585.8781157634012,139.87807239855525,0.050093985399328,0.0035022211794867933,37.22163908548069,1,temperate
13936651,57204,SITRO-AIS 12 (SMIRENNIY),456.19073223545183,15.0,401349000.0,59.589261,150.832095,good,UHF,1307.6773455882649,146.8482389267362,0.1932720341871246,0.004659867176341542,30.10713686251509,1,polar
13936525,62709,,585.1427009513163,82.0,401520000.0,42.48304,23.445813,good,UHF,590.403649316996,139.94490753978423,0.050516960924434716,0.0035317926705674993,37.154351397235516,1,temperate
13936575,41183,,696.9780786457186,49.0,137288000.0,36.717165,-4.464836,good,VHF,891.4235296700044,134.20211665535842,0.05464742255048547,0.004634128940096609,39.891909483765744,1,temperate
13933767,46507,NETSAT-2,434.60322440155414,14.0,435600000.0,-8.7356,115.1948,good,UHF,1305.4413407761288,147.54468788026338,0.20913085691530447,0.028300947022497486,29.371188006413576,1,tropical
13935347,46912,,490.20282774055795,41.0,401030000.0,-38.28,-57.854,good,UHF,714.8463322767248,141.5955743320816,0.07623882067994583,0.005330955527675721,35.47616358232551,1,temperate
13936528,98518,,509.3836838253201,69.0,401496000.0,42.99996628871616,24.930953710839745,good,UHF,542.682130667703,139.21231810835712,0.053583956897026136,0.00374624553794562,37.88365937982266,1,temperate
13936524,98518,,509.3836838253201,81.0,401496000.0,42.48304,23.445813,good,UHF,515.2556725245295,138.76186331312576,0.05064850041986979,0.003541017306097911,38.337254859763036,1,temperate
13936335,63213,,467.2859585363003,74.0,436400000.0,53.109,6.108,good,UHF,484.76056797542697,138.95602377317726,0.052646086784169474,0.0012546660061264802,38.14338316464719,1,polar
13935889,63213,,467.2859585363003,61.0,436400000.0,51.721268,5.029968,good,UHF,528.782949971047,139.71102692724722,0.05786133819484249,0.001378956320147354,37.38304046885254,1,polar
13935885,63213,,467.2859585363003,61.0,436400000.0,51.721268,5.029,good,UHF,528.782949971047,139.71102692724722,0.05786133819484249,0.001378956320147354,37.38304046885254,1,polar
13935879,63213,,467.2859585363003,61.0,436400000.0,51.721268,5.029968,good,UHF,528.782949971047,139.71102692724722,0.05786133819484249,0.001378956320147354,37.38304046885254,1,polar
13935713,62083,,653.6538903280198,63.0,400639000.0,33.797628,-79.159123,good,UHF,724.9634906060837,141.70917040395238,0.056128264656148855,0.003925247921460921,35.38408377408476,1,temperate
13936553,43689,,820.2422986721886,27.0,465987500.0,40.44,-3.8,good,UHF,1522.5999581017245,149.4669848320877,0.11255696252671035,0.007703732807371461,27.56606216319301,1,temperate
13936326,43017,,530.6987426393534,31.0,145960000.0,36.717165,-4.464836,good,VHF,939.0544386722963,135.1862757122755,0.08063869842487492,0.006790607680197814,38.879602672234185,1,temperate
13936527,60472,,496.339573111597,55.0,401510000.0,42.99996628871616,24.930953710839745,good,UHF,595.5516765265584,140.0200995785878,0.061069452265223305,0.004269563302029241,37.06786909645969,1,temperate
13936363,57194,SITRO-AIS 7 (FARTUSHNIY),491.3527136666271,17.0,401199000.0,59.589261,150.832095,good,UHF,1295.3852169739787,146.7629587899968,0.17108353005899976,0.004125099499724285,30.215140271059227,1,polar
13936523,60472,,496.339573111597,46.0,401510000.0,42.48304,23.445813,good,UHF,668.1846134089674,141.0196399618778,0.0695431653345412,0.004861988041579228,36.05926257536083,1,temperate
13934315,40908,,417.2818961617795,20.0,437225000.0,51.4901,3.8236,good,UHF,1021.0190112964497,145.4425595242154,0.1480041969880889,0.0035262904727131673,31.559217678938552,1,polar
13936482,66673,,501.10582397294,30.0,400600000.0,51.721268,5.029,bad,UHF,911.3592994017208,143.69579470954142,0.10002000000000003,0.0024121247457705958,33.35508085632756,0,polar
13936474,66673,,501.10582397294,30.0,400600000.0,51.721268,5.029968,bad,UHF,911.3592994017208,143.69579470954142,0.10002000000000003,0.0024121247457705958,33.35508085632756,0,polar
13936487,50993,,475.9706516191036,70.0,437515000.0,51.721268,5.029968,bad,UHF,504.2083794714963,139.31984334524213,0.05387426577603618,0.001283464769444089,37.778306614827144,0,polar
13936480,43784,,487.5416538963318,67.0,437275000.0,51.721268,5.029,bad,UHF,526.2995196742322,139.6875356642313,0.05499292025472785,0.0013102183745819988,37.409468887754144,0,polar
13933768,44530,,656.1292369809689,12.0,435840000.0,-8.7356,115.1948,bad,UHF,1923.3387933426225,150.91544076623532,0.24335973188580037,0.032930417351805505,25.96157677514185,0,tropical
13933787,27848,CUBESAT XI-IV (CO-57),813.2248575014492,13.0,436848700.0,-8.7356,115.1948,bad,UHF,2183.7413865746285,152.03842827465533,0.2250007013642627,0.03043603761235311,24.85944267698281,0,tropical
13935731,43770,,488.90109466601643,79.0,145920000.0,49.45262,11.09435,bad,VHF,497.38358604662153,129.6639086254677,0.04230798348595335,0.003562881678556305,44.443528199982524,0,temperate
13933766,25397,,810.4486473732777,78.0,435225000.0,-8.7356,115.1948,bad,UHF,826.4547413988421,143.56644141248037,0.051717228867486816,0.006999576286658615,33.52814947298023,0,tropical
13935878,56192,,488.5349857191695,89.0,401415000.0,51.721268,5.029968,bad,UHF,488.60410770145063,138.2987974391116,0.050031203327931754,0.0012062460900073898,38.8032728020852,0,polar
13935884,35933,BEESAT-1,687.8941844436995,27.0,435950000.0,51.721268,5.029,bad,UHF,1303.5224086024105,147.5388868906989,0.11145424121362735,0.002656580641174678,29.50030997806104,0,polar
13935883,63217,,469.1826959130867,26.0,436400000.0,51.721268,5.029,bad,UHF,948.7013319443136,144.78806826652448,0.11544251266841725,0.0027512357547236003,32.24704567566715,0,polar
13935877,63217,,469.1826959130867,26.0,436400000.0,51.721268,5.029968,bad,UHF,948.7013319443136,144.78806826652448,0.11544251266841725,0.0027512357547236003,32.24704567566715,0,polar
13935876,43440,,492.6948797459936,11.0,401440000.0,51.721268,5.029968,bad,UHF,1612.9768643561094,148.67275886439214,0.2621679334419325,0.00632078362188973,28.212060109158784,0,polar
13935882,61781,,461.0974337214411,25.0,435400000.0,51.721268,5.029,bad,UHF,959.6584562041526,144.8678856063957,0.1197061380916849,0.0028537866961018503,32.162862159431256,0,polar
13933763,40012,,604.3384074273326,32.0,437421500.0,-8.7356,115.1948,bad,UHF,1035.760773772935,145.57097492117867,0.09553095175718765,0.012920116729206753,31.473881700949676,0,tropical
13934551,25544,,419.6307747912688,23.0,145800000.0,-33.933,151.058,bad,VHF,934.1966931646521,135.13170021461715,0.10627939173217586,0.008950967179402807,38.90637711708602,0,temperate
13934311,40974,BISONSAT,520.5738840995682,16.0,437375500.0,51.4901,3.8236,bad,UHF,1404.5932234174052,148.2158836371388,0.1836577079690516,0.004375540351961674,28.749390805154945,0,polar
13935712,40974,BISONSAT,520.5738840995682,17.0,437375500.0,51.721268,5.029968,bad,UHF,1358.4119395512869,147.92550206287933,0.17314577362404804,0.004125099499724285,29.050534754611647,0,polar
13934310,27848,CUBESAT XI-IV (CO-57),813.2248575014492,19.0,437490000.0,51.4901,3.8236,bad,UHF,1841.00413829922,150.56824112683086,0.15549688334150424,0.0037044850866825487,26.425865195355726,0,polar
13935704,44408,,380.01522461782315,36.0,400500000.0,51.721268,5.029,bad,UHF,615.2893843182073,140.2814220743603,0.08507925834867652,0.0020518758648357155,36.78475448204094,0,polar
13936062,59117,,458.6756181443179,38.0,401050000.0,-5.362,105.311,bad,UHF,707.9784545307252,141.5121544609297,0.08124188698593314,0.011120752272710907,35.54879059042639,0,tropical
13933761,44530,,656.1292369809689,31.0,435840000.0,-8.7356,115.1948,bad,UHF,1141.2323466270159,146.38180639234153,0.09823998612562695,0.013293422534137988,30.659967889613455,0,tropical
13933719,48274,,378.647425336193,81.0,436510000.0,-8.7356,115.1948,bad,UHF,383.09821931382976,136.91386983659453,0.05123934131844214,0.006931962714901434,40.18126654998689,0,tropical
13934550,43678,,566.2535568738604,61.0,145900000.0,-33.933,151.058,bad,VHF,639.5111038769292,131.84585085107673,0.04748349443877898,0.003998791107185853,42.25597455399206,0,temperate
13935708,60209,,392.7027015479098,23.0,435800000.0,51.721268,5.029968,bad,UHF,880.4563768041103,144.1276846046984,0.12949228504597027,0.003086681057504754,32.893044119812856,0,polar
13936676,62715,,585.2259758810051,90.0,401530000.0,63.854,20.208,good,UHF,585.2259758810051,139.86861508800024,0.0500255,0.0012060623728852977,37.23346104024162,1,polar
13934470,63235,,495.8572977365284,24.0,400496500.0,43.5649,1.4751,good,UHF,1052.8526813690642,144.9471098736174,0.1229500116385638,0.008598737208997235,32.074649068149824,1,temperate
13928753,57175,,481.7631162633661,80.0,436990000.0,50.77,-2.02,good,UHF,488.6621526619174,139.03738727362625,0.05139734110051482,0.0012246678290217998,38.06329840805897,1,polar
13925585,57175,,481.7631162633661,21.0,436990000.0,48.363,10.312,good,UHF,1120.4676349917204,146.24519952403332,0.14124170441085082,0.009759303284560083,30.757107158886015,1,temperate
13936477,57175,,481.7631162633661,40.0,436990000.0,51.721268,5.029968,good,UHF,715.3818272796561,142.34797127015617,0.07874529508228008,0.001876299970177465,34.724714825406124,1,polar
13931120,57175,,481.7631162633661,21.0,436990000.0,52.512,13.327,good,UHF,1120.4676349917204,146.24519952403332,0.14124170441085082,0.003365430347260568,30.763501031823324,1,polar
13925556,57175,,481.7631162633661,8.0,436990000.0,53.91,27.09,good,UHF,1789.1888981669108,150.3103370918833,0.36369456202979905,0.008665915788075794,26.47061012091359,1,polar
13937393,39086,,782.2412474129687,76.0,465988000.0,-34.747,-58.333,good,UHF,803.4689320354719,143.91465965051066,0.052664150337053926,0.003604490272776574,33.182379399494266,1,temperate
13931136,57166,,811.7137315693353,14.0,137900000.0,47.9183,19.8933,good,VHF,2116.7984110754323,141.7526585624141,0.17056469085219092,0.0144568208611677,32.215627616487296,1,temperate
13935668,39086,,782.2412474129687,81.0,465988000.0,-38.28,-57.854,good,UHF,790.9096393592672,143.77781525419863,0.05173676543474179,0.003541017306097911,33.32021465367529,1,temperate
13936490,63217,,469.1826959130867,28.0,436400000.0,51.721268,5.029968,good,UHF,900.6827653677924,144.33691511152568,0.1077949564535106,0.002568978546279574,32.70602864408926,1,polar
13936672,98492,,587.5337487022234,74.0,436650000.0,63.854,20.208,good,UHF,609.105842673669,140.94430781911453,0.05265042136515223,0.0012546660061264802,36.155094784128934,1,polar
13936654,57197,,460.16021298554824,29.0,401523000.0,59.589261,150.832095,good,UHF,862.9749372463866,143.24195543267263,0.10318562430323658,0.0024877030539791766,33.80567893058492,1,polar
13933772,41789,,663.5406803610595,69.0,437646970.0,-8.7356,115.1948,good,UHF,705.8797011072693,142.2448756048554,0.05422933907253651,0.007333721398419748,34.846869025288385,1,tropical
13932742,57172,,505.06217913152705,47.0,437625000.0,50.469,5.718,good,UHF,669.8346685901661,141.78917812809163,0.06922380131699368,0.0016490822022438012,35.29325667900386,1,polar
13935350,46907,,493.6946668929286,37.0,401090000.0,-38.28,-57.854,good,UHF,774.0464881906769,142.28796079926238,0.08311219351868789,0.005811455966586745,34.77642324186709,1,temperate
13936557,40974,BISONSAT,520.5738840995682,24.0,437375500.0,40.44,-3.8,good,UHF,1099.2273343692132,146.08662264935387,0.12446118603227449,0.008598737208997235,30.93362511801962,1,temperate
13936494,63215,,467.7939352753601,47.0,436400000.0,51.721268,5.029968,good,UHF,621.6595286646752,141.11652995639912,0.06919588504799624,0.0016490822022438012,35.96593276696538,1,polar
13936585,40974,BISONSAT,520.5674914086931,70.0,437375500.0,53.109,6.108,good,UHF,551.2343144985425,140.09159715527636,0.05387179156271517,0.001283464769444089,37.006555279006236,1,polar
13934316,40974,BISONSAT,520.5738840995682,68.0,437375500.0,51.4901,3.8236,good,UHF,558.0402340727424,140.19818250545936,0.0545985833884616,0.00130078017099296,36.899225821595934,1,polar
13936488,40974,BISONSAT,520.5738840995682,63.0,437375500.0,51.721268,5.029968,good,UHF,578.6382536381288,140.51301508859615,0.05681543695329643,0.0013535954453127257,36.582123569619995,1,polar
13935349,46914,,494.30083110808755,39.0,401060080.0,-38.28,-57.854,good,UHF,746.4755940527411,141.97228420555606,0.07947886118318861,0.005557457785920593,35.09598716608957,1,temperate
13933771,98457,,514.0635395582931,79.0,401510000.0,-8.7356,115.1948,good,UHF,522.9492333482822,138.89090116049476,0.05096147245125042,0.0069747648255845136,38.204470292843155,1,tropical
13936493,63237,,474.6854839275593,51.0,436400000.0,51.721268,5.029968,good,UHF,597.520684966602,140.7725369458802,0.06511861243130022,0.001551912295373969,36.31410022000787,1,polar
13932741,63237,,474.6854839275593,49.0,436400000.0,50.469,5.718,good,UHF,613.2995711029989,140.99893127968355,0.06705449088340551,0.0015980483148621183,36.08572387173294,1,polar
13936570,32785,CUTE-1.7+APD II (CO-65),539.3248681594314,77.0,437274600.0,33.797628,-79.159123,good,UHF,552.3659092837452,140.10740558768822,0.051952789974608844,0.00358941805939963,36.99035989489252,1,temperate
13936713,67290,,493.9101265296222,87.0,437350000.0,47.25833,16.60462,good,UHF,494.539135053019,139.14837913755548,0.05069197158527976,0.0035022211794867933,37.950734360294504,1,temperate
13936577,40086,,697.0771149316688,71.0,137250000.0,36.717165,-4.464836,good,VHF,732.9856336905732,132.4999395378565,0.043618039593273615,0.0036989453167132875,41.606051167848264,1,temperate
13927721,49263,,344.93083864068467,18.0,437250000.0,53.907,27.17,good,UHF,927.9546925527652,144.61291503051035,0.16381245774435396,0.003902899823761522,32.37267730253629,1,polar
13933770,98459,,513.9994733155818,84.0,401530000.0,-8.7356,115.1948,good,UHF,516.6180020298098,138.78553390771373,0.050301054439304695,0.006884331841093402,38.31058839662063,1,tropical
13926909,68460,,515.1444472635849,51.0,401200000.0,40.009,-105.249,good,UHF,647.3624733219658,140.73795211615794,0.06436371348597623,0.004500340580193772,36.34649152039064,1,temperate
13926902,68460,,514.9710410873886,5.0,401200000.0,42.28,-73.32,good,UHF,2116.808112578705,151.02863153409265,0.5739151365484062,0.04012841147145734,25.51063260850222,1,temperate
13927233,39472,,353.31180249740646,48.0,437478000.0,42.29361,-83.71195,good,UHF,465.7164367962414,138.62933890203243,0.06812216353765527,0.004706244849154102,38.45114038019551,1,temperate
13927206,39472,,353.31180249740646,48.0,437478000.0,42.293,-83.711,good,UHF,465.7164367962414,138.62933890203243,0.06812216353765527,0.004706244849154102,38.45114038019551,1,temperate
13936726,60524,,445.0574523267169,65.0,401540000.0,42.48304,23.445813,good,UHF,487.63188516209084,138.2842014234585,0.055197215981377966,0.003858977664214949,38.81005007351065,1,temperate
13933769,39086,,782.2413873379292,42.0,465988000.0,-8.7356,115.1948,good,UHF,1099.1813878819448,146.6366652017428,0.07636745280277153,0.010232111169155646,30.43004292490002,1,tropical
13936492,63214,,467.6839575111617,73.0,436400000.0,51.721268,5.029968,good,UHF,487.50152293156134,139.00499759524888,0.052918974156626275,0.0012611694811354845,38.09412995172811,1,polar
13936481,63216,,486.7794937849967,56.0,401357500.0,51.721268,5.029,good,UHF,577.9798904218951,139.75666544590334,0.060338188106280166,0.0014547740811894556,37.33484928252393,1,polar
13936473,63216,,486.7794937849967,56.0,401357500.0,51.721268,5.029968,good,UHF,577.9798904218951,139.75666544590334,0.060338188106280166,0.0014547740811894556,37.33484928252393,1,polar
13936576,5580,,888.4946011322327,11.0,137560000.0,36.717165,-4.464836,good,VHF,2471.4092787024447,143.0765200222021,0.2161952580830521,0.01832943724784388,30.842262973081773,1,temperate
13936547,60475,,496.31791526856705,79.0,401530000.0,38.65,20.74,good,UHF,504.9195678143269,138.58658723405077,0.050961812023482066,0.003562881678556305,38.512195762861936,1,temperate
13932321,43784,,487.5416538963318,80.0,437275000.0,50.7060925,2.8352674531249953,good,UHF,494.51744433851763,139.14650851399935,0.05140216437692127,0.0012246678290217998,37.95417234440946,1,polar
13933422,63214,,467.6839575111617,72.0,436400000.0,43.81477,4.06576,good,UHF,489.9911234240999,139.0492423104593,0.053210998294617916,0.003677406596931524,38.047176975263895,1,temperate
13936491,43784,,487.5416538963318,67.0,437275000.0,51.721268,5.029968,good,UHF,526.2995196742322,139.6875356642313,0.05499292025472785,0.0013102183745819988,37.409468887754144,1,polar
13928746,43784,,487.5416538963318,61.0,437275000.0,50.77,-2.02,good,UHF,551.4784221408217,140.0934466778371,0.0578780121083323,0.001378956320147354,37.00060404434916,1,polar
13927774,55104,,424.68021804115324,29.0,437325000.0,53.91,27.09,good,UHF,801.309973667117,143.33988028431892,0.10441641671139221,0.0024877030539791766,33.706523286530484,1,polar
13932739,43784,,487.5416538963318,58.0,437275000.0,50.469,5.718,good,UHF,567.138409301806,140.33665740630005,0.05969148475119353,0.0014221627032139864,36.7555366368603,1,polar
13936582,43784,,487.5416538963318,64.0,437275000.0,53.109,6.108,good,UHF,537.9327198928804,139.8774354141601,0.056321300979279655,0.0013418673364062929,37.21820910813898,1,polar
13936486,43784,,487.5416538963318,67.0,437275000.0,51.721268,5.029968,good,UHF,526.2995196742322,139.6875356642313,0.05499292025472785,0.0013102183745819988,37.409468887754144,1,polar
13936472,43784,,487.5416538963318,67.0,437275000.0,51.721268,5.029968,good,UHF,526.2995196742322,139.6875356642313,0.05499292025472785,0.0013102183745819988,37.409468887754144,1,polar
13936529,62709,,585.1427009513163,87.0,401520000.0,42.99996628871616,24.930953710839745,good,UHF,585.8781157634012,139.87807239855525,0.050093985399328,0.0035022211794867933,37.22163908548069,1,temperate
13936651,57204,SITRO-AIS 12 (SMIRENNIY),456.19073223545183,15.0,401349000.0,59.589261,150.832095,good,UHF,1307.6773455882649,146.8482389267362,0.1932720341871246,0.004659867176341542,30.10713686251509,1,polar
13936525,62709,,585.1427009513163,82.0,401520000.0,42.48304,23.445813,good,UHF,590.403649316996,139.94490753978423,0.050516960924434716,0.0035317926705674993,37.154351397235516,1,temperate
13936575,41183,,696.9780786457186,49.0,137288000.0,36.717165,-4.464836,good,VHF,891.4235296700044,134.20211665535842,0.05464742255048547,0.004634128940096609,39.891909483765744,1,temperate
13933767,46507,NETSAT-2,434.60322440155414,14.0,435600000.0,-8.7356,115.1948,good,UHF,1305.4413407761288,147.54468788026338,0.20913085691530447,0.028300947022497486,29.371188006413576,1,tropical
13935347,46912,,490.20282774055795,41.0,401030000.0,-38.28,-57.854,good,UHF,714.8463322767248,141.5955743320816,0.07623882067994583,0.005330955527675721,35.47616358232551,1,temperate
13936528,98518,,509.3836838253201,69.0,401496000.0,42.99996628871616,24.930953710839745,good,UHF,542.682130667703,139.21231810835712,0.053583956897026136,0.00374624553794562,37.88365937982266,1,temperate
13936524,98518,,509.3836838253201,81.0,401496000.0,42.48304,23.445813,good,UHF,515.2556725245295,138.76186331312576,0.05064850041986979,0.003541017306097911,38.337254859763036,1,temperate
13936335,63213,,467.2859585363003,74.0,436400000.0,53.109,6.108,good,UHF,484.76056797542697,138.95602377317726,0.052646086784169474,0.0012546660061264802,38.14338316464719,1,polar
13935889,63213,,467.2859585363003,61.0,436400000.0,51.721268,5.029968,good,UHF,528.782949971047,139.71102692724722,0.05786133819484249,0.001378956320147354,37.38304046885254,1,polar
13935885,63213,,467.2859585363003,61.0,436400000.0,51.721268,5.029,good,UHF,528.782949971047,139.71102692724722,0.05786133819484249,0.001378956320147354,37.38304046885254,1,polar
13935879,63213,,467.2859585363003,61.0,436400000.0,51.721268,5.029968,good,UHF,528.782949971047,139.71102692724722,0.05786133819484249,0.001378956320147354,37.38304046885254,1,polar
13935713,62083,,653.6538903280198,63.0,400639000.0,33.797628,-79.159123,good,UHF,724.9634906060837,141.70917040395238,0.056128264656148855,0.003925247921460921,35.38408377408476,1,temperate
13936553,43689,,820.2422986721886,27.0,465987500.0,40.44,-3.8,good,UHF,1522.5999581017245,149.4669848320877,0.11255696252671035,0.007703732807371461,27.56606216319301,1,temperate
13936326,43017,,530.6987426393534,31.0,145960000.0,36.717165,-4.464836,good,VHF,939.0544386722963,135.1862757122755,0.08063869842487492,0.006790607680197814,38.879602672234185,1,temperate
13936527,60472,,496.339573111597,55.0,401510000.0,42.99996628871616,24.930953710839745,good,UHF,595.5516765265584,140.0200995785878,0.061069452265223305,0.004269563302029241,37.06786909645969,1,temperate
13936363,57194,SITRO-AIS 7 (FARTUSHNIY),491.3527136666271,17.0,401199000.0,59.589261,150.832095,good,UHF,1295.3852169739787,146.7629587899968,0.17108353005899976,0.004125099499724285,30.215140271059227,1,polar
13936523,60472,,496.339573111597,46.0,401510000.0,42.48304,23.445813,good,UHF,668.1846134089674,141.0196399618778,0.0695431653345412,0.004861988041579228,36.05926257536083,1,temperate
13934315,40908,,417.2818961617795,20.0,437225000.0,51.4901,3.8236,good,UHF,1021.0190112964497,145.4425595242154,0.1480041969880889,0.0035262904727131673,31.559217678938552,1,polar
13936482,66673,,501.10582397294,30.0,400600000.0,51.721268,5.029,bad,UHF,911.3592994017208,143.69579470954142,0.10002000000000003,0.0024121247457705958,33.35508085632756,0,polar
13936474,66673,,501.10582397294,30.0,400600000.0,51.721268,5.029968,bad,UHF,911.3592994017208,143.69579470954142,0.10002000000000003,0.0024121247457705958,33.35508085632756,0,polar
13936487,50993,,475.9706516191036,70.0,437515000.0,51.721268,5.029968,bad,UHF,504.2083794714963,139.31984334524213,0.05387426577603618,0.001283464769444089,37.778306614827144,0,polar
13936480,43784,,487.5416538963318,67.0,437275000.0,51.721268,5.029,bad,UHF,526.2995196742322,139.6875356642313,0.05499292025472785,0.0013102183745819988,37.409468887754144,0,polar
13933768,44530,,656.1292369809689,12.0,435840000.0,-8.7356,115.1948,bad,UHF,1923.3387933426225,150.91544076623532,0.24335973188580037,0.032930417351805505,25.96157677514185,0,tropical
13933787,27848,CUBESAT XI-IV (CO-57),813.2248575014492,13.0,436848700.0,-8.7356,115.1948,bad,UHF,2183.7413865746285,152.03842827465533,0.2250007013642627,0.03043603761235311,24.85944267698281,0,tropical
13935731,43770,,488.90109466601643,79.0,145920000.0,49.45262,11.09435,bad,VHF,497.38358604662153,129.6639086254677,0.04230798348595335,0.003562881678556305,44.443528199982524,0,temperate
13933766,25397,,810.4486473732777,78.0,435225000.0,-8.7356,115.1948,bad,UHF,826.4547413988421,143.56644141248037,0.051717228867486816,0.006999576286658615,33.52814947298023,0,tropical
13935878,56192,,488.5349857191695,89.0,401415000.0,51.721268,5.029968,bad,UHF,488.60410770145063,138.2987974391116,0.050031203327931754,0.0012062460900073898,38.8032728020852,0,polar
13935884,35933,BEESAT-1,687.8941844436995,27.0,435950000.0,51.721268,5.029,bad,UHF,1303.5224086024105,147.5388868906989,0.11145424121362735,0.002656580641174678,29.50030997806104,0,polar
13935883,63217,,469.1826959130867,26.0,436400000.0,51.721268,5.029,bad,UHF,948.7013319443136,144.78806826652448,0.11544251266841725,0.0027512357547236003,32.24704567566715,0,polar
13935877,63217,,469.1826959130867,26.0,436400000.0,51.721268,5.029968,bad,UHF,948.7013319443136,144.78806826652448,0.11544251266841725,0.0027512357547236003,32.24704567566715,0,polar
13935876,43440,,492.6948797459936,11.0,401440000.0,51.721268,5.029968,bad,UHF,1612.9768643561094,148.67275886439214,0.2621679334419325,0.00632078362188973,28.212060109158784,0,polar
13935882,61781,,461.0974337214411,25.0,435400000.0,51.721268,5.029,bad,UHF,959.6584562041526,144.8678856063957,0.1197061380916849,0.0028537866961018503,32.162862159431256,0,polar
13933763,40012,,604.3384074273326,32.0,437421500.0,-8.7356,115.1948,bad,UHF,1035.760773772935,145.57097492117867,0.09553095175718765,0.012920116729206753,31.473881700949676,0,tropical
13934551,25544,,419.6307747912688,23.0,145800000.0,-33.933,151.058,bad,VHF,934.1966931646521,135.13170021461715,0.10627939173217586,0.008950967179402807,38.90637711708602,0,temperate
13934311,40974,BISONSAT,520.5738840995682,16.0,437375500.0,51.4901,3.8236,bad,UHF,1404.5932234174052,148.2158836371388,0.1836577079690516,0.004375540351961674,28.749390805154945,0,polar
13935712,40974,BISONSAT,520.5738840995682,17.0,437375500.0,51.721268,5.029968,bad,UHF,1358.4119395512869,147.92550206287933,0.17314577362404804,0.004125099499724285,29.050534754611647,0,polar
13934310,27848,CUBESAT XI-IV (CO-57),813.2248575014492,19.0,437490000.0,51.4901,3.8236,bad,UHF,1841.00413829922,150.56824112683086,0.15549688334150424,0.0037044850866825487,26.425865195355726,0,polar
13935704,44408,,380.01522461782315,36.0,400500000.0,51.721268,5.029,bad,UHF,615.2893843182073,140.2814220743603,0.08507925834867652,0.0020518758648357155,36.78475448204094,0,polar
13936062,59117,,458.6756181443179,38.0,401050000.0,-5.362,105.311,bad,UHF,707.9784545307252,141.5121544609297,0.08124188698593314,0.011120752272710907,35.54879059042639,0,tropical
13933761,44530,,656.1292369809689,31.0,435840000.0,-8.7356,115.1948,bad,UHF,1141.2323466270159,146.38180639234153,0.09823998612562695,0.013293422534137988,30.659967889613455,0,tropical
13933719,48274,,378.647425336193,81.0,436510000.0,-8.7356,115.1948,bad,UHF,383.09821931382976,136.91386983659453,0.05123934131844214,0.006931962714901434,40.18126654998689,0,tropical
13934550,43678,,566.2535568738604,61.0,145900000.0,-33.933,151.058,bad,VHF,639.5111038769292,131.84585085107673,0.04748349443877898,0.003998791107185853,42.25597455399206,0,temperate
13935708,60209,,392.7027015479098,23.0,435800000.0,51.721268,5.029968,bad,UHF,880.4563768041103,144.1276846046984,0.12949228504597027,0.003086681057504754,32.893044119812856,0,polar
13936676,62715,,585.2259758810051,90.0,401530000.0,63.854,20.208,good,UHF,585.2259758810051,139.86861508800024,0.0500255,0.0012060623728852977,37.23346104024162,1,polar
13934470,63235,,495.8572977365284,24.0,400496500.0,43.5649,1.4751,good,UHF,1052.8526813690642,144.9471098736174,0.1229500116385638,0.008598737208997235,32.074649068149824,1,temperate
13928753,57175,,481.7631162633661,80.0,436990000.0,50.77,-2.02,good,UHF,488.6621526619174,139.03738727362625,0.05139734110051482,0.0012246678290217998,38.06329840805897,1,polar
13925585,57175,,481.7631162633661,21.0,436990000.0,48.363,10.312,good,UHF,1120.4676349917204,146.24519952403332,0.14124170441085082,0.009759303284560083,30.757107158886015,1,temperate
13936477,57175,,481.7631162633661,40.0,436990000.0,51.721268,5.029968,good,UHF,715.3818272796561,142.34797127015617,0.07874529508228008,0.001876299970177465,34.724714825406124,1,polar
13931120,57175,,481.7631162633661,21.0,436990000.0,52.512,13.327,good,UHF,1120.4676349917204,146.24519952403332,0.14124170441085082,0.003365430347260568,30.763501031823324,1,polar
13925556,57175,,481.7631162633661,8.0,436990000.0,53.91,27.09,good,UHF,1789.1888981669108,150.3103370918833,0.36369456202979905,0.008665915788075794,26.47061012091359,1,polar
13937393,39086,,782.2412474129687,76.0,465988000.0,-34.747,-58.333,good,UHF,803.4689320354719,143.91465965051066,0.052664150337053926,0.003604490272776574,33.182379399494266,1,temperate
13931136,57166,,811.7137315693353,14.0,137900000.0,47.9183,19.8933,good,VHF,2116.7984110754323,141.7526585624141,0.17056469085219092,0.0144568208611677,32.215627616487296,1,temperate
13935668,39086,,782.2412474129687,81.0,465988000.0,-38.28,-57.854,good,UHF,790.9096393592672,143.77781525419863,0.05173676543474179,0.003541017306097911,33.32021465367529,1,temperate
13936490,63217,,469.1826959130867,28.0,436400000.0,51.721268,5.029968,good,UHF,900.6827653677924,144.33691511152568,0.1077949564535106,0.002568978546279574,32.70602864408926,1,polar
13936672,98492,,587.5337487022234,74.0,436650000.0,63.854,20.208,good,UHF,609.105842673669,140.94430781911453,0.05265042136515223,0.0012546660061264802,36.155094784128934,1,polar
13936654,57197,,460.16021298554824,29.0,401523000.0,59.589261,150.832095,good,UHF,862.9749372463866,143.24195543267263,0.10318562430323658,0.0024877030539791766,33.80567893058492,1,polar
13933772,41789,,663.5406803610595,69.0,437646970.0,-8.7356,115.1948,good,UHF,705.8797011072693,142.2448756048554,0.05422933907253651,0.007333721398419748,34.846869025288385,1,tropical
13932742,57172,,505.06217913152705,47.0,437625000.0,50.469,5.718,good,UHF,669.8346685901661,141.78917812809163,0.06922380131699368,0.0016490822022438012,35.29325667900386,1,polar
13935350,46907,,493.6946668929286,37.0,401090000.0,-38.28,-57.854,good,UHF,774.0464881906769,142.28796079926238,0.08311219351868789,0.005811455966586745,34.77642324186709,1,temperate
13936557,40974,BISONSAT,520.5738840995682,24.0,437375500.0,40.44,-3.8,good,UHF,1099.2273343692132,146.08662264935387,0.12446118603227449,0.008598737208997235,30.93362511801962,1,temperate
13936494,63215,,467.7939352753601,47.0,436400000.0,51.721268,5.029968,good,UHF,621.6595286646752,141.11652995639912,0.06919588504799624,0.0016490822022438012,35.96593276696538,1,polar
13936585,40974,BISONSAT,520.5674914086931,70.0,437375500.0,53.109,6.108,good,UHF,551.2343144985425,140.09159715527636,0.05387179156271517,0.001283464769444089,37.006555279006236,1,polar
13934316,40974,BISONSAT,520.5738840995682,68.0,437375500.0,51.4901,3.8236,good,UHF,558.0402340727424,140.19818250545936,0.0545985833884616,0.00130078017099296,36.899225821595934,1,polar
13936488,40974,BISONSAT,520.5738840995682,63.0,437375500.0,51.721268,5.029968,good,UHF,578.6382536381288,140.51301508859615,0.05681543695329643,0.0013535954453127257,36.582123569619995,1,polar
13935349,46914,,494.30083110808755,39.0,401060080.0,-38.28,-57.854,good,UHF,746.4755940527411,141.97228420555606,0.07947886118318861,0.005557457785920593,35.09598716608957,1,temperate
13933771,98457,,514.0635395582931,79.0,401510000.0,-8.7356,115.1948,good,UHF,522.9492333482822,138.89090116049476,0.05096147245125042,0.0069747648255845136,38.204470292843155,1,tropical
13936493,63237,,474.6854839275593,51.0,436400000.0,51.721268,5.029968,good,UHF,597.520684966602,140.7725369458802,0.06511861243130022,0.001551912295373969,36.31410022000787,1,polar
13932741,63237,,474.6854839275593,49.0,436400000.0,50.469,5.718,good,UHF,613.2995711029989,140.99893127968355,0.06705449088340551,0.0015980483148621183,36.08572387173294,1,polar
13936570,32785,CUTE-1.7+APD II (CO-65),539.3248681594314,77.0,437274600.0,33.797628,-79.159123,good,UHF,552.3659092837452,140.10740558768822,0.051952789974608844,0.00358941805939963,36.99035989489252,1,temperate
13936713,67290,,493.9101265296222,87.0,437350000.0,47.25833,16.60462,good,UHF,494.539135053019,139.14837913755548,0.05069197158527976,0.0035022211794867933,37.950734360294504,1,temperate
13936577,40086,,697.0771149316688,71.0,137250000.0,36.717165,-4.464836,good,VHF,732.9856336905732,132.4999395378565,0.043618039593273615,0.0036989453167132875,41.606051167848264,1,temperate
13927721,49263,,344.93083864068467,18.0,437250000.0,53.907,27.17,good,UHF,927.9546925527652,144.61291503051035,0.16381245774435396,0.003902899823761522,32.37267730253629,1,polar
13933770,98459,,513.9994733155818,84.0,401530000.0,-8.7356,115.1948,good,UHF,516.6180020298098,138.78553390771373,0.050301054439304695,0.006884331841093402,38.31058839662063,1,tropical
13926909,68460,,515.1444472635849,51.0,401200000.0,40.009,-105.249,good,UHF,647.3624733219658,140.73795211615794,0.06436371348597623,0.004500340580193772,36.34649152039064,1,temperate
13926902,68460,,514.9710410873886,5.0,401200000.0,42.28,-73.32,good,UHF,2116.808112578705,151.02863153409265,0.5739151365484062,0.04012841147145734,25.51063260850222,1,temperate
13927233,39472,,353.31180249740646,48.0,437478000.0,42.29361,-83.71195,good,UHF,465.7164367962414,138.62933890203243,0.06812216353765527,0.004706244849154102,38.45114038019551,1,temperate
13927206,39472,,353.31180249740646,48.0,437478000.0,42.293,-83.711,good,UHF,465.7164367962414,138.62933890203243,0.06812216353765527,0.004706244849154102,38.45114038019551,1,temperate
13936726,60524,,445.0574523267169,65.0,401540000.0,42.48304,23.445813,good,UHF,487.63188516209084,138.2842014234585,0.055197215981377966,0.003858977664214949,38.81005007351065,1,temperate
13933769,39086,,782.2413873379292,42.0,465988000.0,-8.7356,115.1948,good,UHF,1099.1813878819448,146.6366652017428,0.07636745280277153,0.010232111169155646,30.43004292490002,1,tropical
13936492,63214,,467.6839575111617,73.0,436400000.0,51.721268,5.029968,good,UHF,487.50152293156134,139.00499759524888,0.052918974156626275,0.0012611694811354845,38.09412995172811,1,polar
13936481,63216,,486.7794937849967,56.0,401357500.0,51.721268,5.029,good,UHF,577.9798904218951,139.75666544590334,0.060338188106280166,0.0014547740811894556,37.33484928252393,1,polar
13936473,63216,,486.7794937849967,56.0,401357500.0,51.721268,5.029968,good,UHF,577.9798904218951,139.75666544590334,0.060338188106280166,0.0014547740811894556,37.33484928252393,1,polar
13936576,5580,,888.4946011322327,11.0,137560000.0,36.717165,-4.464836,good,VHF,2471.4092787024447,143.0765200222021,0.2161952580830521,0.01832943724784388,30.842262973081773,1,temperate
13936547,60475,,496.31791526856705,79.0,401530000.0,38.65,20.74,good,UHF,504.9195678143269,138.58658723405077,0.050961812023482066,0.003562881678556305,38.512195762861936,1,temperate
13932321,43784,,487.5416538963318,80.0,437275000.0,50.7060925,2.8352674531249953,good,UHF,494.51744433851763,139.14650851399935,0.05140216437692127,0.0012246678290217998,37.95417234440946,1,polar
13933422,63214,,467.6839575111617,72.0,436400000.0,43.81477,4.06576,good,UHF,489.9911234240999,139.0492423104593,0.053210998294617916,0.003677406596931524,38.047176975263895,1,temperate
13936491,43784,,487.5416538963318,67.0,437275000.0,51.721268,5.029968,good,UHF,526.2995196742322,139.6875356642313,0.05499292025472785,0.0013102183745819988,37.409468887754144,1,polar
13928746,43784,,487.5416538963318,61.0,437275000.0,50.77,-2.02,good,UHF,551.4784221408217,140.0934466778371,0.0578780121083323,0.001378956320147354,37.00060404434916,1,polar
13927774,55104,,424.68021804115324,29.0,437325000.0,53.91,27.09,good,UHF,801.309973667117,143.33988028431892,0.10441641671139221,0.0024877030539791766,33.706523286530484,1,polar
13932739,43784,,487.5416538963318,58.0,437275000.0,50.469,5.718,good,UHF,567.138409301806,140.33665740630005,0.05969148475119353,0.0014221627032139864,36.7555366368603,1,polar
13936582,43784,,487.5416538963318,64.0,437275000.0,53.109,6.108,good,UHF,537.9327198928804,139.8774354141601,0.056321300979279655,0.0013418673364062929,37.21820910813898,1,polar
13936486,43784,,487.5416538963318,67.0,437275000.0,51.721268,5.029968,good,UHF,526.2995196742322,139.6875356642313,0.05499292025472785,0.0013102183745819988,37.409468887754144,1,polar
13936472,43784,,487.5416538963318,67.0,437275000.0,51.721268,5.029968,good,UHF,526.2995196742322,139.6875356642313,0.05499292025472785,0.0013102183745819988,37.409468887754144,1,polar
13936529,62709,,585.1427009513163,87.0,401520000.0,42.99996628871616,24.930953710839745,good,UHF,585.8781157634012,139.87807239855525,0.050093985399328,0.0035022211794867933,37.22163908548069,1,temperate
13936651,57204,SITRO-AIS 12 (SMIRENNIY),456.19073223545183,15.0,401349000.0,59.589261,150.832095,good,UHF,1307.6773455882649,146.8482389267362,0.1932720341871246,0.004659867176341542,30.10713686251509,1,polar
13936525,62709,,585.1427009513163,82.0,401520000.0,42.48304,23.445813,good,UHF,590.403649316996,139.94490753978423,0.050516960924434716,0.0035317926705674993,37.154351397235516,1,temperate
13936575,41183,,696.9780786457186,49.0,137288000.0,36.717165,-4.464836,good,VHF,891.4235296700044,134.20211665535842,0.05464742255048547,0.004634128940096609,39.891909483765744,1,temperate
13933767,46507,NETSAT-2,434.60322440155414,14.0,435600000.0,-8.7356,115.1948,good,UHF,1305.4413407761288,147.54468788026338,0.20913085691530447,0.028300947022497486,29.371188006413576,1,tropical
13935347,46912,,490.20282774055795,41.0,401030000.0,-38.28,-57.854,good,UHF,714.8463322767248,141.5955743320816,0.07623882067994583,0.005330955527675721,35.47616358232551,1,temperate
13936528,98518,,509.3836838253201,69.0,401496000.0,42.99996628871616,24.930953710839745,good,UHF,542.682130667703,139.21231810835712,0.053583956897026136,0.00374624553794562,37.88365937982266,1,temperate
13936524,98518,,509.3836838253201,81.0,401496000.0,42.48304,23.445813,good,UHF,515.2556725245295,138.76186331312576,0.05064850041986979,0.003541017306097911,38.337254859763036,1,temperate
13936335,63213,,467.2859585363003,74.0,436400000.0,53.109,6.108,good,UHF,484.76056797542697,138.95602377317726,0.052646086784169474,0.0012546660061264802,38.14338316464719,1,polar
13935889,63213,,467.2859585363003,61.0,436400000.0,51.721268,5.029968,good,UHF,528.782949971047,139.71102692724722,0.05786133819484249,0.001378956320147354,37.38304046885254,1,polar
13935885,63213,,467.2859585363003,61.0,436400000.0,51.721268,5.029,good,UHF,528.782949971047,139.71102692724722,0.05786133819484249,0.001378956320147354,37.38304046885254,1,polar
13935879,63213,,467.2859585363003,61.0,436400000.0,51.721268,5.029968,good,UHF,528.782949971047,139.71102692724722,0.05786133819484249,0.001378956320147354,37.38304046885254,1,polar
13935713,62083,,653.6538903280198,63.0,400639000.0,33.797628,-79.159123,good,UHF,724.9634906060837,141.70917040395238,0.056128264656148855,0.003925247921460921,35.38408377408476,1,temperate
13936553,43689,,820.2422986721886,27.0,465987500.0,40.44,-3.8,good,UHF,1522.5999581017245,149.4669848320877,0.11255696252671035,0.007703732807371461,27.56606216319301,1,temperate
13936326,43017,,530.6987426393534,31.0,145960000.0,36.717165,-4.464836,good,VHF,939.0544386722963,135.1862757122755,0.08063869842487492,0.006790607680197814,38.879602672234185,1,temperate
13936527,60472,,496.339573111597,55.0,401510000.0,42.99996628871616,24.930953710839745,good,UHF,595.5516765265584,140.0200995785878,0.061069452265223305,0.004269563302029241,37.06786909645969,1,temperate
13936363,57194,SITRO-AIS 7 (FARTUSHNIY),491.3527136666271,17.0,401199000.0,59.589261,150.832095,good,UHF,1295.3852169739787,146.7629587899968,0.17108353005899976,0.004125099499724285,30.215140271059227,1,polar
13936523,60472,,496.339573111597,46.0,401510000.0,42.48304,23.445813,good,UHF,668.1846134089674,141.0196399618778,0.0695431653345412,0.004861988041579228,36.05926257536083,1,temperate
13936482,66673,,501.10582397294,30.0,400600000.0,51.721268,5.029,bad,UHF,911.3592994017208,143.69579470954142,0.10002000000000003,0.0024121247457705958,33.35508085632756,0,polar
13936474,66673,,501.10582397294,30.0,400600000.0,51.721268,5.029968,bad,UHF,911.3592994017208,143.69579470954142,0.10002000000000003,0.0024121247457705958,33.35508085632756,0,polar
13936487,50993,,475.9706516191036,70.0,437515000.0,51.721268,5.029968,bad,UHF,504.2083794714963,139.31984334524213,0.05387426577603618,0.001283464769444089,37.778306614827144,0,polar
13936480,43784,,487.5416538963318,67.0,437275000.0,51.721268,5.029,bad,UHF,526.2995196742322,139.6875356642313,0.05499292025472785,0.0013102183745819988,37.409468887754144,0,polar
13933768,44530,,656.1292369809689,12.0,435840000.0,-8.7356,115.1948,bad,UHF,1923.3387933426225,150.91544076623532,0.24335973188580037,0.032930417351805505,25.96157677514185,0,tropical
13933787,27848,CUBESAT XI-IV (CO-57),813.2248575014492,13.0,436848700.0,-8.7356,115.1948,bad,UHF,2183.7413865746285,152.03842827465533,0.2250007013642627,0.03043603761235311,24.85944267698281,0,tropical
13935731,43770,,488.90109466601643,79.0,145920000.0,49.45262,11.09435,bad,VHF,497.38358604662153,129.6639086254677,0.04230798348595335,0.003562881678556305,44.443528199982524,0,temperate
13933766,25397,,810.4486473732777,78.0,435225000.0,-8.7356,115.1948,bad,UHF,826.4547413988421,143.56644141248037,0.051717228867486816,0.006999576286658615,33.52814947298023,0,tropical
13935878,56192,,488.5349857191695,89.0,401415000.0,51.721268,5.029968,bad,UHF,488.60410770145063,138.2987974391116,0.050031203327931754,0.0012062460900073898,38.8032728020852,0,polar
13935884,35933,BEESAT-1,687.8941844436995,27.0,435950000.0,51.721268,5.029,bad,UHF,1303.5224086024105,147.5388868906989,0.11145424121362735,0.002656580641174678,29.50030997806104,0,polar
13935883,63217,,469.1826959130867,26.0,436400000.0,51.721268,5.029,bad,UHF,948.7013319443136,144.78806826652448,0.11544251266841725,0.0027512357547236003,32.24704567566715,0,polar
13935877,63217,,469.1826959130867,26.0,436400000.0,51.721268,5.029968,bad,UHF,948.7013319443136,144.78806826652448,0.11544251266841725,0.0027512357547236003,32.24704567566715,0,polar
13935876,43440,,492.6948797459936,11.0,401440000.0,51.721268,5.029968,bad,UHF,1612.9768643561094,148.67275886439214,0.2621679334419325,0.00632078362188973,28.212060109158784,0,polar
13935882,61781,,461.0974337214411,25.0,435400000.0,51.721268,5.029,bad,UHF,959.6584562041526,144.8678856063957,0.1197061380916849,0.0028537866961018503,32.162862159431256,0,polar
13933763,40012,,604.3384074273326,32.0,437421500.0,-8.7356,115.1948,bad,UHF,1035.760773772935,145.57097492117867,0.09553095175718765,0.012920116729206753,31.473881700949676,0,tropical
13934551,25544,,419.6307747912688,23.0,145800000.0,-33.933,151.058,bad,VHF,934.1966931646521,135.13170021461715,0.10627939173217586,0.008950967179402807,38.90637711708602,0,temperate
13934311,40974,BISONSAT,520.5738840995682,16.0,437375500.0,51.4901,3.8236,bad,UHF,1404.5932234174052,148.2158836371388,0.1836577079690516,0.004375540351961674,28.749390805154945,0,polar
13935712,40974,BISONSAT,520.5738840995682,17.0,437375500.0,51.721268,5.029968,bad,UHF,1358.4119395512869,147.92550206287933,0.17314577362404804,0.004125099499724285,29.050534754611647,0,polar
13934310,27848,CUBESAT XI-IV (CO-57),813.2248575014492,19.0,437490000.0,51.4901,3.8236,bad,UHF,1841.00413829922,150.56824112683086,0.15549688334150424,0.0037044850866825487,26.425865195355726,0,polar
13935704,44408,,380.01522461782315,36.0,400500000.0,51.721268,5.029,bad,UHF,615.2893843182073,140.2814220743603,0.08507925834867652,0.0020518758648357155,36.78475448204094,0,polar
13936062,59117,,458.6756181443179,38.0,401050000.0,-5.362,105.311,bad,UHF,707.9784545307252,141.5121544609297,0.08124188698593314,0.011120752272710907,35.54879059042639,0,tropical
13933761,44530,,656.1292369809689,31.0,435840000.0,-8.7356,115.1948,bad,UHF,1141.2323466270159,146.38180639234153,0.09823998612562695,0.013293422534137988,30.659967889613455,0,tropical
13933719,48274,,378.647425336193,81.0,436510000.0,-8.7356,115.1948,bad,UHF,383.09821931382976,136.91386983659453,0.05123934131844214,0.006931962714901434,40.18126654998689,0,tropical
13934550,43678,,566.2535568738604,61.0,145900000.0,-33.933,151.058,bad,VHF,639.5111038769292,131.84585085107673,0.04748349443877898,0.003998791107185853,42.25597455399206,0,temperate
13935708,60209,,392.7027015479098,23.0,435800000.0,51.721268,5.029968,bad,UHF,880.4563768041103,144.1276846046984,0.12949228504597027,0.003086681057504754,32.893044119812856,0,polar
13936676,62715,,585.2259758810051,90.0,401530000.0,63.854,20.208,good,UHF,585.2259758810051,139.86861508800024,0.0500255,0.0012060623728852977,37.23346104024162,1,polar
13934470,63235,,495.8572977365284,24.0,400496500.0,43.5649,1.4751,good,UHF,1052.8526813690642,144.9471098736174,0.1229500116385638,0.008598737208997235,32.074649068149824,1,temperate
13928753,57175,,481.7631162633661,80.0,436990000.0,50.77,-2.02,good,UHF,488.6621526619174,139.03738727362625,0.05139734110051482,0.0012246678290217998,38.06329840805897,1,polar
13925585,57175,,481.7631162633661,21.0,436990000.0,48.363,10.312,good,UHF,1120.4676349917204,146.24519952403332,0.14124170441085082,0.009759303284560083,30.757107158886015,1,temperate
13936477,57175,,481.7631162633661,40.0,436990000.0,51.721268,5.029968,good,UHF,715.3818272796561,142.34797127015617,0.07874529508228008,0.001876299970177465,34.724714825406124,1,polar
13931120,57175,,481.7631162633661,21.0,436990000.0,52.512,13.327,good,UHF,1120.4676349917204,146.24519952403332,0.14124170441085082,0.003365430347260568,30.763501031823324,1,polar
13925556,57175,,481.7631162633661,8.0,436990000.0,53.91,27.09,good,UHF,1789.1888981669108,150.3103370918833,0.36369456202979905,0.008665915788075794,26.47061012091359,1,polar
13937393,39086,,782.2412474129687,76.0,465988000.0,-34.747,-58.333,good,UHF,803.4689320354719,143.91465965051066,0.052664150337053926,0.003604490272776574,33.182379399494266,1,temperate
13931136,57166,,811.7137315693353,14.0,137900000.0,47.9183,19.8933,good,VHF,2116.7984110754323,141.7526585624141,0.17056469085219092,0.0144568208611677,32.215627616487296,1,temperate
13935668,39086,,782.2412474129687,81.0,465988000.0,-38.28,-57.854,good,UHF,790.9096393592672,143.77781525419863,0.05173676543474179,0.003541017306097911,33.32021465367529,1,temperate
13936490,63217,,469.1826959130867,28.0,436400000.0,51.721268,5.029968,good,UHF,900.6827653677924,144.33691511152568,0.1077949564535106,0.002568978546279574,32.70602864408926,1,polar
13936672,98492,,587.5337487022234,74.0,436650000.0,63.854,20.208,good,UHF,609.105842673669,140.94430781911453,0.05265042136515223,0.0012546660061264802,36.155094784128934,1,polar
13936654,57197,,460.16021298554824,29.0,401523000.0,59.589261,150.832095,good,UHF,862.9749372463866,143.24195543267263,0.10318562430323658,0.0024877030539791766,33.80567893058492,1,polar
13933772,41789,,663.5406803610595,69.0,437646970.0,-8.7356,115.1948,good,UHF,705.8797011072693,142.2448756048554,0.05422933907253651,0.007333721398419748,34.846869025288385,1,tropical
13932742,57172,,505.06217913152705,47.0,437625000.0,50.469,5.718,good,UHF,669.8346685901661,141.78917812809163,0.06922380131699368,0.0016490822022438012,35.29325667900386,1,polar
13935350,46907,,493.6946668929286,37.0,401090000.0,-38.28,-57.854,good,UHF,774.0464881906769,142.28796079926238,0.08311219351868789,0.005811455966586745,34.77642324186709,1,temperate
13936557,40974,BISONSAT,520.5738840995682,24.0,437375500.0,40.44,-3.8,good,UHF,1099.2273343692132,146.08662264935387,0.12446118603227449,0.008598737208997235,30.93362511801962,1,temperate
13936494,63215,,467.7939352753601,47.0,436400000.0,51.721268,5.029968,good,UHF,621.6595286646752,141.11652995639912,0.06919588504799624,0.0016490822022438012,35.96593276696538,1,polar
13936585,40974,BISONSAT,520.5674914086931,70.0,437375500.0,53.109,6.108,good,UHF,551.2343144985425,140.09159715527636,0.05387179156271517,0.001283464769444089,37.006555279006236,1,polar
13934316,40974,BISONSAT,520.5738840995682,68.0,437375500.0,51.4901,3.8236,good,UHF,558.0402340727424,140.19818250545936,0.0545985833884616,0.00130078017099296,36.899225821595934,1,polar
13936488,40974,BISONSAT,520.5738840995682,63.0,437375500.0,51.721268,5.029968,good,UHF,578.6382536381288,140.51301508859615,0.05681543695329643,0.0013535954453127257,36.582123569619995,1,polar
13935349,46914,,494.30083110808755,39.0,401060080.0,-38.28,-57.854,good,UHF,746.4755940527411,141.97228420555606,0.07947886118318861,0.005557457785920593,35.09598716608957,1,temperate
13933771,98457,,514.0635395582931,79.0,401510000.0,-8.7356,115.1948,good,UHF,522.9492333482822,138.89090116049476,0.05096147245125042,0.0069747648255845136,38.204470292843155,1,tropical
13936493,63237,,474.6854839275593,51.0,436400000.0,51.721268,5.029968,good,UHF,597.520684966602,140.7725369458802,0.06511861243130022,0.001551912295373969,36.31410022000787,1,polar
13932741,63237,,474.6854839275593,49.0,436400000.0,50.469,5.718,good,UHF,613.2995711029989,140.99893127968355,0.06705449088340551,0.0015980483148621183,36.08572387173294,1,polar
13936570,32785,CUTE-1.7+APD II (CO-65),539.3248681594314,77.0,437274600.0,33.797628,-79.159123,good,UHF,552.3659092837452,140.10740558768822,0.051952789974608844,0.00358941805939963,36.99035989489252,1,temperate
13936713,67290,,493.9101265296222,87.0,437350000.0,47.25833,16.60462,good,UHF,494.539135053019,139.14837913755548,0.05069197158527976,0.0035022211794867933,37.950734360294504,1,temperate
13936577,40086,,697.0771149316688,71.0,137250000.0,36.717165,-4.464836,good,VHF,732.9856336905732,132.4999395378565,0.043618039593273615,0.0036989453167132875,41.606051167848264,1,temperate
13927721,49263,,344.93083864068467,18.0,437250000.0,53.907,27.17,good,UHF,927.9546925527652,144.61291503051035,0.16381245774435396,0.003902899823761522,32.37267730253629,1,polar
13933770,98459,,513.9994733155818,84.0,401530000.0,-8.7356,115.1948,good,UHF,516.6180020298098,138.78553390771373,0.050301054439304695,0.006884331841093402,38.31058839662063,1,tropical
13926909,68460,,515.1444472635849,51.0,401200000.0,40.009,-105.249,good,UHF,647.3624733219658,140.73795211615794,0.06436371348597623,0.004500340580193772,36.34649152039064,1,temperate
13926902,68460,,514.9710410873886,5.0,401200000.0,42.28,-73.32,good,UHF,2116.808112578705,151.02863153409265,0.5739151365484062,0.04012841147145734,25.51063260850222,1,temperate
13927233,39472,,353.31180249740646,48.0,437478000.0,42.29361,-83.71195,good,UHF,465.7164367962414,138.62933890203243,0.06812216353765527,0.004706244849154102,38.45114038019551,1,temperate
13927206,39472,,353.31180249740646,48.0,437478000.0,42.293,-83.711,good,UHF,465.7164367962414,138.62933890203243,0.06812216353765527,0.004706244849154102,38.45114038019551,1,temperate
13936726,60524,,445.0574523267169,65.0,401540000.0,42.48304,23.445813,good,UHF,487.63188516209084,138.2842014234585,0.055197215981377966,0.003858977664214949,38.81005007351065,1,temperate
13933769,39086,,782.2413873379292,42.0,465988000.0,-8.7356,115.1948,good,UHF,1099.1813878819448,146.6366652017428,0.07636745280277153,0.010232111169155646,30.43004292490002,1,tropical
13936492,63214,,467.6839575111617,73.0,436400000.0,51.721268,5.029968,good,UHF,487.50152293156134,139.00499759524888,0.052918974156626275,0.0012611694811354845,38.09412995172811,1,polar
13936481,63216,,486.7794937849967,56.0,401357500.0,51.721268,5.029,good,UHF,577.9798904218951,139.75666544590334,0.060338188106280166,0.0014547740811894556,37.33484928252393,1,polar
13936473,63216,,486.7794937849967,56.0,401357500.0,51.721268,5.029968,good,UHF,577.9798904218951,139.75666544590334,0.060338188106280166,0.0014547740811894556,37.33484928252393,1,polar
13936576,5580,,888.4946011322327,11.0,137560000.0,36.717165,-4.464836,good,VHF,2471.4092787024447,143.0765200222021,0.2161952580830521,0.01832943724784388,30.842262973081773,1,temperate
13936547,60475,,496.31791526856705,79.0,401530000.0,38.65,20.74,good,UHF,504.9195678143269,138.58658723405077,0.050961812023482066,0.003562881678556305,38.512195762861936,1,temperate
13932321,43784,,487.5416538963318,80.0,437275000.0,50.7060925,2.8352674531249953,good,UHF,494.51744433851763,139.14650851399935,0.05140216437692127,0.0012246678290217998,37.95417234440946,1,polar
13933422,63214,,467.6839575111617,72.0,436400000.0,43.81477,4.06576,good,UHF,489.9911234240999,139.0492423104593,0.053210998294617916,0.003677406596931524,38.047176975263895,1,temperate
13936491,43784,,487.5416538963318,67.0,437275000.0,51.721268,5.029968,good,UHF,526.2995196742322,139.6875356642313,0.05499292025472785,0.0013102183745819988,37.409468887754144,1,polar
13928746,43784,,487.5416538963318,61.0,437275000.0,50.77,-2.02,good,UHF,551.4784221408217,140.0934466778371,0.0578780121083323,0.001378956320147354,37.00060404434916,1,polar
13927774,55104,,424.68021804115324,29.0,437325000.0,53.91,27.09,good,UHF,801.309973667117,143.33988028431892,0.10441641671139221,0.0024877030539791766,33.706523286530484,1,polar
13932739,43784,,487.5416538963318,58.0,437275000.0,50.469,5.718,good,UHF,567.138409301806,140.33665740630005,0.05969148475119353,0.0014221627032139864,36.7555366368603,1,polar
13936582,43784,,487.5416538963318,64.0,437275000.0,53.109,6.108,good,UHF,537.9327198928804,139.8774354141601,0.056321300979279655,0.0013418673364062929,37.21820910813898,1,polar
13936486,43784,,487.5416538963318,67.0,437275000.0,51.721268,5.029968,good,UHF,526.2995196742322,139.6875356642313,0.05499292025472785,0.0013102183745819988,37.409468887754144,1,polar
13936472,43784,,487.5416538963318,67.0,437275000.0,51.721268,5.029968,good,UHF,526.2995196742322,139.6875356642313,0.05499292025472785,0.0013102183745819988,37.409468887754144,1,polar
13936529,62709,,585.1427009513163,87.0,401520000.0,42.99996628871616,24.930953710839745,good,UHF,585.8781157634012,139.87807239855525,0.050093985399328,0.0035022211794867933,37.22163908548069,1,temperate
13936651,57204,SITRO-AIS 12 (SMIRENNIY),456.19073223545183,15.0,401349000.0,59.589261,150.832095,good,UHF,1307.6773455882649,146.8482389267362,0.1932720341871246,0.004659867176341542,30.10713686251509,1,polar
13936525,62709,,585.1427009513163,82.0,401520000.0,42.48304,23.445813,good,UHF,590.403649316996,139.94490753978423,0.050516960924434716,0.0035317926705674993,37.154351397235516,1,temperate
13936575,41183,,696.9780786457186,49.0,137288000.0,36.717165,-4.464836,good,VHF,891.4235296700044,134.20211665535842,0.05464742255048547,0.004634128940096609,39.891909483765744,1,temperate
13933767,46507,NETSAT-2,434.60322440155414,14.0,435600000.0,-8.7356,115.1948,good,UHF,1305.4413407761288,147.54468788026338,0.20913085691530447,0.028300947022497486,29.371188006413576,1,tropical
13935347,46912,,490.20282774055795,41.0,401030000.0,-38.28,-57.854,good,UHF,714.8463322767248,141.5955743320816,0.07623882067994583,0.005330955527675721,35.47616358232551,1,temperate
13936528,98518,,509.3836838253201,69.0,401496000.0,42.99996628871616,24.930953710839745,good,UHF,542.682130667703,139.21231810835712,0.053583956897026136,0.00374624553794562,37.88365937982266,1,temperate
13936524,98518,,509.3836838253201,81.0,401496000.0,42.48304,23.445813,good,UHF,515.2556725245295,138.76186331312576,0.05064850041986979,0.003541017306097911,38.337254859763036,1,temperate
13936335,63213,,467.2859585363003,74.0,436400000.0,53.109,6.108,good,UHF,484.76056797542697,138.95602377317726,0.052646086784169474,0.0012546660061264802,38.14338316464719,1,polar
13935889,63213,,467.2859585363003,61.0,436400000.0,51.721268,5.029968,good,UHF,528.782949971047,139.71102692724722,0.05786133819484249,0.001378956320147354,37.38304046885254,1,polar
13935885,63213,,467.2859585363003,61.0,436400000.0,51.721268,5.029,good,UHF,528.782949971047,139.71102692724722,0.05786133819484249,0.001378956320147354,37.38304046885254,1,polar
13935879,63213,,467.2859585363003,61.0,436400000.0,51.721268,5.029968,good,UHF,528.782949971047,139.71102692724722,0.05786133819484249,0.001378956320147354,37.38304046885254,1,polar
13935713,62083,,653.6538903280198,63.0,400639000.0,33.797628,-79.159123,good,UHF,724.9634906060837,141.70917040395238,0.056128264656148855,0.003925247921460921,35.38408377408476,1,temperate
13936553,43689,,820.2422986721886,27.0,465987500.0,40.44,-3.8,good,UHF,1522.5999581017245,149.4669848320877,0.11255696252671035,0.007703732807371461,27.56606216319301,1,temperate
13936326,43017,,530.6987426393534,31.0,145960000.0,36.717165,-4.464836,good,VHF,939.0544386722963,135.1862757122755,0.08063869842487492,0.006790607680197814,38.879602672234185,1,temperate
13936527,60472,,496.339573111597,55.0,401510000.0,42.99996628871616,24.930953710839745,good,UHF,595.5516765265584,140.0200995785878,0.061069452265223305,0.004269563302029241,37.06786909645969,1,temperate
13936363,57194,SITRO-AIS 7 (FARTUSHNIY),491.3527136666271,17.0,401199000.0,59.589261,150.832095,good,UHF,1295.3852169739787,146.7629587899968,0.17108353005899976,0.004125099499724285,30.215140271059227,1,polar
13936523,60472,,496.339573111597,46.0,401510000.0,42.48304,23.445813,good,UHF,668.1846134089674,141.0196399618778,0.0695431653345412,0.004861988041579228,36.05926257536083,1,temperate
13936482,66673,,501.10582397294,30.0,400600000.0,51.721268,5.029,bad,UHF,911.3592994017208,143.69579470954142,0.10002000000000003,0.0024121247457705958,33.35508085632756,0,polar
13936474,66673,,501.10582397294,30.0,400600000.0,51.721268,5.029968,bad,UHF,911.3592994017208,143.69579470954142,0.10002000000000003,0.0024121247457705958,33.35508085632756,0,polar
13936487,50993,,475.9706516191036,70.0,437515000.0,51.721268,5.029968,bad,UHF,504.2083794714963,139.31984334524213,0.05387426577603618,0.001283464769444089,37.778306614827144,0,polar
13936480,43784,,487.5416538963318,67.0,437275000.0,51.721268,5.029,bad,UHF,526.2995196742322,139.6875356642313,0.05499292025472785,0.0013102183745819988,37.409468887754144,0,polar
13933768,44530,,656.1292369809689,12.0,435840000.0,-8.7356,115.1948,bad,UHF,1923.3387933426225,150.91544076623532,0.24335973188580037,0.032930417351805505,25.96157677514185,0,tropical
13933787,27848,CUBESAT XI-IV (CO-57),813.2248575014492,13.0,436848700.0,-8.7356,115.1948,bad,UHF,2183.7413865746285,152.03842827465533,0.2250007013642627,0.03043603761235311,24.85944267698281,0,tropical
13935731,43770,,488.90109466601643,79.0,145920000.0,49.45262,11.09435,bad,VHF,497.38358604662153,129.6639086254677,0.04230798348595335,0.003562881678556305,44.443528199982524,0,temperate
13933766,25397,,810.4486473732777,78.0,435225000.0,-8.7356,115.1948,bad,UHF,826.4547413988421,143.56644141248037,0.051717228867486816,0.006999576286658615,33.52814947298023,0,tropical
13935878,56192,,488.5349857191695,89.0,401415000.0,51.721268,5.029968,bad,UHF,488.60410770145063,138.2987974391116,0.050031203327931754,0.0012062460900073898,38.8032728020852,0,polar
13935884,35933,BEESAT-1,687.8941844436995,27.0,435950000.0,51.721268,5.029,bad,UHF,1303.5224086024105,147.5388868906989,0.11145424121362735,0.002656580641174678,29.50030997806104,0,polar
13935883,63217,,469.1826959130867,26.0,436400000.0,51.721268,5.029,bad,UHF,948.7013319443136,144.78806826652448,0.11544251266841725,0.0027512357547236003,32.24704567566715,0,polar
13935877,63217,,469.1826959130867,26.0,436400000.0,51.721268,5.029968,bad,UHF,948.7013319443136,144.78806826652448,0.11544251266841725,0.0027512357547236003,32.24704567566715,0,polar
13935876,43440,,492.6948797459936,11.0,401440000.0,51.721268,5.029968,bad,UHF,1612.9768643561094,148.67275886439214,0.2621679334419325,0.00632078362188973,28.212060109158784,0,polar
13935882,61781,,461.0974337214411,25.0,435400000.0,51.721268,5.029,bad,UHF,959.6584562041526,144.8678856063957,0.1197061380916849,0.0028537866961018503,32.162862159431256,0,polar
13933763,40012,,604.3384074273326,32.0,437421500.0,-8.7356,115.1948,bad,UHF,1035.760773772935,145.57097492117867,0.09553095175718765,0.012920116729206753,31.473881700949676,0,tropical
13934551,25544,,419.6307747912688,23.0,145800000.0,-33.933,151.058,bad,VHF,934.1966931646521,135.13170021461715,0.10627939173217586,0.008950967179402807,38.90637711708602,0,temperate
13934311,40974,BISONSAT,520.5738840995682,16.0,437375500.0,51.4901,3.8236,bad,UHF,1404.5932234174052,148.2158836371388,0.1836577079690516,0.004375540351961674,28.749390805154945,0,polar
13935712,40974,BISONSAT,520.5738840995682,17.0,437375500.0,51.721268,5.029968,bad,UHF,1358.4119395512869,147.92550206287933,0.17314577362404804,0.004125099499724285,29.050534754611647,0,polar
13934310,27848,CUBESAT XI-IV (CO-57),813.2248575014492,19.0,437490000.0,51.4901,3.8236,bad,UHF,1841.00413829922,150.56824112683086,0.15549688334150424,0.0037044850866825487,26.425865195355726,0,polar
13935704,44408,,380.01522461782315,36.0,400500000.0,51.721268,5.029,bad,UHF,615.2893843182073,140.2814220743603,0.08507925834867652,0.0020518758648357155,36.78475448204094,0,polar
13936062,59117,,458.6756181443179,38.0,401050000.0,-5.362,105.311,bad,UHF,707.9784545307252,141.5121544609297,0.08124188698593314,0.011120752272710907,35.54879059042639,0,tropical
13933761,44530,,656.1292369809689,31.0,435840000.0,-8.7356,115.1948,bad,UHF,1141.2323466270159,146.38180639234153,0.09823998612562695,0.013293422534137988,30.659967889613455,0,tropical
13933719,48274,,378.647425336193,81.0,436510000.0,-8.7356,115.1948,bad,UHF,383.09821931382976,136.91386983659453,0.05123934131844214,0.006931962714901434,40.18126654998689,0,tropical
13934550,43678,,566.2535568738604,61.0,145900000.0,-33.933,151.058,bad,VHF,639.5111038769292,131.84585085107673,0.04748349443877898,0.003998791107185853,42.25597455399206,0,temperate
13935708,60209,,392.7027015479098,23.0,435800000.0,51.721268,5.029968,bad,UHF,880.4563768041103,144.1276846046984,0.12949228504597027,0.003086681057504754,32.893044119812856,0,polar
13936676,62715,,585.2259758810051,90.0,401530000.0,63.854,20.208,good,UHF,585.2259758810051,139.86861508800024,0.0500255,0.0012060623728852977,37.23346104024162,1,polar
13934470,63235,,495.8572977365284,24.0,400496500.0,43.5649,1.4751,good,UHF,1052.8526813690642,144.9471098736174,0.1229500116385638,0.008598737208997235,32.074649068149824,1,temperate
13928753,57175,,481.7631162633661,80.0,436990000.0,50.77,-2.02,good,UHF,488.6621526619174,139.03738727362625,0.05139734110051482,0.0012246678290217998,38.06329840805897,1,polar
13925585,57175,,481.7631162633661,21.0,436990000.0,48.363,10.312,good,UHF,1120.4676349917204,146.24519952403332,0.14124170441085082,0.009759303284560083,30.757107158886015,1,temperate
13936477,57175,,481.7631162633661,40.0,436990000.0,51.721268,5.029968,good,UHF,715.3818272796561,142.34797127015617,0.07874529508228008,0.001876299970177465,34.724714825406124,1,polar
13931120,57175,,481.7631162633661,21.0,436990000.0,52.512,13.327,good,UHF,1120.4676349917204,146.24519952403332,0.14124170441085082,0.003365430347260568,30.763501031823324,1,polar
13925556,57175,,481.7631162633661,8.0,436990000.0,53.91,27.09,good,UHF,1789.1888981669108,150.3103370918833,0.36369456202979905,0.008665915788075794,26.47061012091359,1,polar
13937393,39086,,782.2412474129687,76.0,465988000.0,-34.747,-58.333,good,UHF,803.4689320354719,143.91465965051066,0.052664150337053926,0.003604490272776574,33.182379399494266,1,temperate
13931136,57166,,811.7137315693353,14.0,137900000.0,47.9183,19.8933,good,VHF,2116.7984110754323,141.7526585624141,0.17056469085219092,0.0144568208611677,32.215627616487296,1,temperate
13935668,39086,,782.2412474129687,81.0,465988000.0,-38.28,-57.854,good,UHF,790.9096393592672,143.77781525419863,0.05173676543474179,0.003541017306097911,33.32021465367529,1,temperate
13936490,63217,,469.1826959130867,28.0,436400000.0,51.721268,5.029968,good,UHF,900.6827653677924,144.33691511152568,0.1077949564535106,0.002568978546279574,32.70602864408926,1,polar
13936672,98492,,587.5337487022234,74.0,436650000.0,63.854,20.208,good,UHF,609.105842673669,140.94430781911453,0.05265042136515223,0.0012546660061264802,36.155094784128934,1,polar
13936654,57197,,460.16021298554824,29.0,401523000.0,59.589261,150.832095,good,UHF,862.9749372463866,143.24195543267263,0.10318562430323658,0.0024877030539791766,33.80567893058492,1,polar
13933772,41789,,663.5406803610595,69.0,437646970.0,-8.7356,115.1948,good,UHF,705.8797011072693,142.2448756048554,0.05422933907253651,0.007333721398419748,34.846869025288385,1,tropical
13932742,57172,,505.06217913152705,47.0,437625000.0,50.469,5.718,good,UHF,669.8346685901661,141.78917812809163,0.06922380131699368,0.0016490822022438012,35.29325667900386,1,polar
13935350,46907,,493.6946668929286,37.0,401090000.0,-38.28,-57.854,good,UHF,774.0464881906769,142.28796079926238,0.08311219351868789,0.005811455966586745,34.77642324186709,1,temperate
13936557,40974,BISONSAT,520.5738840995682,24.0,437375500.0,40.44,-3.8,good,UHF,1099.2273343692132,146.08662264935387,0.12446118603227449,0.008598737208997235,30.93362511801962,1,temperate
13936494,63215,,467.7939352753601,47.0,436400000.0,51.721268,5.029968,good,UHF,621.6595286646752,141.11652995639912,0.06919588504799624,0.0016490822022438012,35.96593276696538,1,polar
13936585,40974,BISONSAT,520.5674914086931,70.0,437375500.0,53.109,6.108,good,UHF,551.2343144985425,140.09159715527636,0.05387179156271517,0.001283464769444089,37.006555279006236,1,polar
13934316,40974,BISONSAT,520.5738840995682,68.0,437375500.0,51.4901,3.8236,good,UHF,558.0402340727424,140.19818250545936,0.0545985833884616,0.00130078017099296,36.899225821595934,1,polar
13936488,40974,BISONSAT,520.5738840995682,63.0,437375500.0,51.721268,5.029968,good,UHF,578.6382536381288,140.51301508859615,0.05681543695329643,0.0013535954453127257,36.582123569619995,1,polar
13935349,46914,,494.30083110808755,39.0,401060080.0,-38.28,-57.854,good,UHF,746.4755940527411,141.97228420555606,0.07947886118318861,0.005557457785920593,35.09598716608957,1,temperate
13933771,98457,,514.0635395582931,79.0,401510000.0,-8.7356,115.1948,good,UHF,522.9492333482822,138.89090116049476,0.05096147245125042,0.0069747648255845136,38.204470292843155,1,tropical
13936493,63237,,474.6854839275593,51.0,436400000.0,51.721268,5.029968,good,UHF,597.520684966602,140.7725369458802,0.06511861243130022,0.001551912295373969,36.31410022000787,1,polar
13932741,63237,,474.6854839275593,49.0,436400000.0,50.469,5.718,good,UHF,613.2995711029989,140.99893127968355,0.06705449088340551,0.0015980483148621183,36.08572387173294,1,polar
13936570,32785,CUTE-1.7+APD II (CO-65),539.3248681594314,77.0,437274600.0,33.797628,-79.159123,good,UHF,552.3659092837452,140.10740558768822,0.051952789974608844,0.00358941805939963,36.99035989489252,1,temperate
13936713,67290,,493.9101265296222,87.0,437350000.0,47.25833,16.60462,good,UHF,494.539135053019,139.14837913755548,0.05069197158527976,0.0035022211794867933,37.950734360294504,1,temperate
13936577,40086,,697.0771149316688,71.0,137250000.0,36.717165,-4.464836,good,VHF,732.9856336905732,132.4999395378565,0.043618039593273615,0.0036989453167132875,41.606051167848264,1,temperate
13927721,49263,,344.93083864068467,18.0,437250000.0,53.907,27.17,good,UHF,927.9546925527652,144.61291503051035,0.16381245774435396,0.003902899823761522,32.37267730253629,1,polar
13933770,98459,,513.9994733155818,84.0,401530000.0,-8.7356,115.1948,good,UHF,516.6180020298098,138.78553390771373,0.050301054439304695,0.006884331841093402,38.31058839662063,1,tropical
13926909,68460,,515.1444472635849,51.0,401200000.0,40.009,-105.249,good,UHF,647.3624733219658,140.73795211615794,0.06436371348597623,0.004500340580193772,36.34649152039064,1,temperate
13926902,68460,,514.9710410873886,5.0,401200000.0,42.28,-73.32,good,UHF,2116.808112578705,151.02863153409265,0.5739151365484062,0.04012841147145734,25.51063260850222,1,temperate
13927233,39472,,353.31180249740646,48.0,437478000.0,42.29361,-83.71195,good,UHF,465.7164367962414,138.62933890203243,0.06812216353765527,0.004706244849154102,38.45114038019551,1,temperate
13927206,39472,,353.31180249740646,48.0,437478000.0,42.293,-83.711,good,UHF,465.7164367962414,138.62933890203243,0.06812216353765527,0.004706244849154102,38.45114038019551,1,temperate
13936726,60524,,445.0574523267169,65.0,401540000.0,42.48304,23.445813,good,UHF,487.63188516209084,138.2842014234585,0.055197215981377966,0.003858977664214949,38.81005007351065,1,temperate
13933769,39086,,782.2413873379292,42.0,465988000.0,-8.7356,115.1948,good,UHF,1099.1813878819448,146.6366652017428,0.07636745280277153,0.010232111169155646,30.43004292490002,1,tropical
13936492,63214,,467.6839575111617,73.0,436400000.0,51.721268,5.029968,good,UHF,487.50152293156134,139.00499759524888,0.052918974156626275,0.0012611694811354845,38.09412995172811,1,polar
13936481,63216,,486.7794937849967,56.0,401357500.0,51.721268,5.029,good,UHF,577.9798904218951,139.75666544590334,0.060338188106280166,0.0014547740811894556,37.33484928252393,1,polar
13936473,63216,,486.7794937849967,56.0,401357500.0,51.721268,5.029968,good,UHF,577.9798904218951,139.75666544590334,0.060338188106280166,0.0014547740811894556,37.33484928252393,1,polar
13936576,5580,,888.4946011322327,11.0,137560000.0,36.717165,-4.464836,good,VHF,2471.4092787024447,143.0765200222021,0.2161952580830521,0.01832943724784388,30.842262973081773,1,temperate
13936547,60475,,496.31791526856705,79.0,401530000.0,38.65,20.74,good,UHF,504.9195678143269,138.58658723405077,0.050961812023482066,0.003562881678556305,38.512195762861936,1,temperate
13932321,43784,,487.5416538963318,80.0,437275000.0,50.7060925,2.8352674531249953,good,UHF,494.51744433851763,139.14650851399935,0.05140216437692127,0.0012246678290217998,37.95417234440946,1,polar
13933422,63214,,467.6839575111617,72.0,436400000.0,43.81477,4.06576,good,UHF,489.9911234240999,139.0492423104593,0.053210998294617916,0.003677406596931524,38.047176975263895,1,temperate
13936491,43784,,487.5416538963318,67.0,437275000.0,51.721268,5.029968,good,UHF,526.2995196742322,139.6875356642313,0.05499292025472785,0.0013102183745819988,37.409468887754144,1,polar
13928746,43784,,487.5416538963318,61.0,437275000.0,50.77,-2.02,good,UHF,551.4784221408217,140.0934466778371,0.0578780121083323,0.001378956320147354,37.00060404434916,1,polar
13927774,55104,,424.68021804115324,29.0,437325000.0,53.91,27.09,good,UHF,801.309973667117,143.33988028431892,0.10441641671139221,0.0024877030539791766,33.706523286530484,1,polar
13932739,43784,,487.5416538963318,58.0,437275000.0,50.469,5.718,good,UHF,567.138409301806,140.33665740630005,0.05969148475119353,0.0014221627032139864,36.7555366368603,1,polar
13936582,43784,,487.5416538963318,64.0,437275000.0,53.109,6.108,good,UHF,537.9327198928804,139.8774354141601,0.056321300979279655,0.0013418673364062929,37.21820910813898,1,polar
13936486,43784,,487.5416538963318,67.0,437275000.0,51.721268,5.029968,good,UHF,526.2995196742322,139.6875356642313,0.05499292025472785,0.0013102183745819988,37.409468887754144,1,polar
13936472,43784,,487.5416538963318,67.0,437275000.0,51.721268,5.029968,good,UHF,526.2995196742322,139.6875356642313,0.05499292025472785,0.0013102183745819988,37.409468887754144,1,polar
13936529,62709,,585.1427009513163,87.0,401520000.0,42.99996628871616,24.930953710839745,good,UHF,585.8781157634012,139.87807239855525,0.050093985399328,0.0035022211794867933,37.22163908548069,1,temperate
13936651,57204,SITRO-AIS 12 (SMIRENNIY),456.19073223545183,15.0,401349000.0,59.589261,150.832095,good,UHF,1307.6773455882649,146.8482389267362,0.1932720341871246,0.004659867176341542,30.10713686251509,1,polar
13936525,62709,,585.1427009513163,82.0,401520000.0,42.48304,23.445813,good,UHF,590.403649316996,139.94490753978423,0.050516960924434716,0.0035317926705674993,37.154351397235516,1,temperate
13936575,41183,,696.9780786457186,49.0,137288000.0,36.717165,-4.464836,good,VHF,891.4235296700044,134.20211665535842,0.05464742255048547,0.004634128940096609,39.891909483765744,1,temperate
13933767,46507,NETSAT-2,434.60322440155414,14.0,435600000.0,-8.7356,115.1948,good,UHF,1305.4413407761288,147.54468788026338,0.20913085691530447,0.028300947022497486,29.371188006413576,1,tropical
13935347,46912,,490.20282774055795,41.0,401030000.0,-38.28,-57.854,good,UHF,714.8463322767248,141.5955743320816,0.07623882067994583,0.005330955527675721,35.47616358232551,1,temperate
13936528,98518,,509.3836838253201,69.0,401496000.0,42.99996628871616,24.930953710839745,good,UHF,542.682130667703,139.21231810835712,0.053583956897026136,0.00374624553794562,37.88365937982266,1,temperate
13936524,98518,,509.3836838253201,81.0,401496000.0,42.48304,23.445813,good,UHF,515.2556725245295,138.76186331312576,0.05064850041986979,0.003541017306097911,38.337254859763036,1,temperate
13936335,63213,,467.2859585363003,74.0,436400000.0,53.109,6.108,good,UHF,484.76056797542697,138.95602377317726,0.052646086784169474,0.0012546660061264802,38.14338316464719,1,polar
13935889,63213,,467.2859585363003,61.0,436400000.0,51.721268,5.029968,good,UHF,528.782949971047,139.71102692724722,0.05786133819484249,0.001378956320147354,37.38304046885254,1,polar
13935885,63213,,467.2859585363003,61.0,436400000.0,51.721268,5.029,good,UHF,528.782949971047,139.71102692724722,0.05786133819484249,0.001378956320147354,37.38304046885254,1,polar
13935879,63213,,467.2859585363003,61.0,436400000.0,51.721268,5.029968,good,UHF,528.782949971047,139.71102692724722,0.05786133819484249,0.001378956320147354,37.38304046885254,1,polar
13935713,62083,,653.6538903280198,63.0,400639000.0,33.797628,-79.159123,good,UHF,724.9634906060837,141.70917040395238,0.056128264656148855,0.003925247921460921,35.38408377408476,1,temperate
13936553,43689,,820.2422986721886,27.0,465987500.0,40.44,-3.8,good,UHF,1522.5999581017245,149.4669848320877,0.11255696252671035,0.007703732807371461,27.56606216319301,1,temperate
13936326,43017,,530.6987426393534,31.0,145960000.0,36.717165,-4.464836,good,VHF,939.0544386722963,135.1862757122755,0.08063869842487492,0.006790607680197814,38.879602672234185,1,temperate
13936527,60472,,496.339573111597,55.0,401510000.0,42.99996628871616,24.930953710839745,good,UHF,595.5516765265584,140.0200995785878,0.061069452265223305,0.004269563302029241,37.06786909645969,1,temperate
13936363,57194,SITRO-AIS 7 (FARTUSHNIY),491.3527136666271,17.0,401199000.0,59.589261,150.832095,good,UHF,1295.3852169739787,146.7629587899968,0.17108353005899976,0.004125099499724285,30.215140271059227,1,polar
13936523,60472,,496.339573111597,46.0,401510000.0,42.48304,23.445813,good,UHF,668.1846134089674,141.0196399618778,0.0695431653345412,0.004861988041579228,36.05926257536083,1,temperate
13936482,66673,,501.10582397294,30.0,400600000.0,51.721268,5.029,bad,UHF,911.3592994017208,143.69579470954142,0.10002000000000003,0.0024121247457705958,33.35508085632756,0,polar
13936474,66673,,501.10582397294,30.0,400600000.0,51.721268,5.029968,bad,UHF,911.3592994017208,143.69579470954142,0.10002000000000003,0.0024121247457705958,33.35508085632756,0,polar
13936487,50993,,475.9706516191036,70.0,437515000.0,51.721268,5.029968,bad,UHF,504.2083794714963,139.31984334524213,0.05387426577603618,0.001283464769444089,37.778306614827144,0,polar
13936480,43784,,487.5416538963318,67.0,437275000.0,51.721268,5.029,bad,UHF,526.2995196742322,139.6875356642313,0.05499292025472785,0.0013102183745819988,37.409468887754144,0,polar
13933768,44530,,656.1292369809689,12.0,435840000.0,-8.7356,115.1948,bad,UHF,1923.3387933426225,150.91544076623532,0.24335973188580037,0.032930417351805505,25.96157677514185,0,tropical
13933787,27848,CUBESAT XI-IV (CO-57),813.2248575014492,13.0,436848700.0,-8.7356,115.1948,bad,UHF,2183.7413865746285,152.03842827465533,0.2250007013642627,0.03043603761235311,24.85944267698281,0,tropical
13935731,43770,,488.90109466601643,79.0,145920000.0,49.45262,11.09435,bad,VHF,497.38358604662153,129.6639086254677,0.04230798348595335,0.003562881678556305,44.443528199982524,0,temperate
13933766,25397,,810.4486473732777,78.0,435225000.0,-8.7356,115.1948,bad,UHF,826.4547413988421,143.56644141248037,0.051717228867486816,0.006999576286658615,33.52814947298023,0,tropical
13935878,56192,,488.5349857191695,89.0,401415000.0,51.721268,5.029968,bad,UHF,488.60410770145063,138.2987974391116,0.050031203327931754,0.0012062460900073898,38.8032728020852,0,polar
13935884,35933,BEESAT-1,687.8941844436995,27.0,435950000.0,51.721268,5.029,bad,UHF,1303.5224086024105,147.5388868906989,0.11145424121362735,0.002656580641174678,29.50030997806104,0,polar
13935883,63217,,469.1826959130867,26.0,436400000.0,51.721268,5.029,bad,UHF,948.7013319443136,144.78806826652448,0.11544251266841725,0.0027512357547236003,32.24704567566715,0,polar
13935877,63217,,469.1826959130867,26.0,436400000.0,51.721268,5.029968,bad,UHF,948.7013319443136,144.78806826652448,0.11544251266841725,0.0027512357547236003,32.24704567566715,0,polar
13935876,43440,,492.6948797459936,11.0,401440000.0,51.721268,5.029968,bad,UHF,1612.9768643561094,148.67275886439214,0.2621679334419325,0.00632078362188973,28.212060109158784,0,polar
13935882,61781,,461.0974337214411,25.0,435400000.0,51.721268,5.029,bad,UHF,959.6584562041526,144.8678856063957,0.1197061380916849,0.0028537866961018503,32.162862159431256,0,polar
13933763,40012,,604.3384074273326,32.0,437421500.0,-8.7356,115.1948,bad,UHF,1035.760773772935,145.57097492117867,0.09553095175718765,0.012920116729206753,31.473881700949676,0,tropical
13934551,25544,,419.6307747912688,23.0,145800000.0,-33.933,151.058,bad,VHF,934.1966931646521,135.13170021461715,0.10627939173217586,0.008950967179402807,38.90637711708602,0,temperate
13934311,40974,BISONSAT,520.5738840995682,16.0,437375500.0,51.4901,3.8236,bad,UHF,1404.5932234174052,148.2158836371388,0.1836577079690516,0.004375540351961674,28.749390805154945,0,polar
13935712,40974,BISONSAT,520.5738840995682,17.0,437375500.0,51.721268,5.029968,bad,UHF,1358.4119395512869,147.92550206287933,0.17314577362404804,0.004125099499724285,29.050534754611647,0,polar
13934310,27848,CUBESAT XI-IV (CO-57),813.2248575014492,19.0,437490000.0,51.4901,3.8236,bad,UHF,1841.00413829922,150.56824112683086,0.15549688334150424,0.0037044850866825487,26.425865195355726,0,polar
13935704,44408,,380.01522461782315,36.0,400500000.0,51.721268,5.029,bad,UHF,615.2893843182073,140.2814220743603,0.08507925834867652,0.0020518758648357155,36.78475448204094,0,polar
13936062,59117,,458.6756181443179,38.0,401050000.0,-5.362,105.311,bad,UHF,707.9784545307252,141.5121544609297,0.08124188698593314,0.011120752272710907,35.54879059042639,0,tropical
13933761,44530,,656.1292369809689,31.0,435840000.0,-8.7356,115.1948,bad,UHF,1141.2323466270159,146.38180639234153,0.09823998612562695,0.013293422534137988,30.659967889613455,0,tropical
13933719,48274,,378.647425336193,81.0,436510000.0,-8.7356,115.1948,bad,UHF,383.09821931382976,136.91386983659453,0.05123934131844214,0.006931962714901434,40.18126654998689,0,tropical
13934550,43678,,566.2535568738604,61.0,145900000.0,-33.933,151.058,bad,VHF,639.5111038769292,131.84585085107673,0.04748349443877898,0.003998791107185853,42.25597455399206,0,temperate
13935708,60209,,392.7027015479098,23.0,435800000.0,51.721268,5.029968,bad,UHF,880.4563768041103,144.1276846046984,0.12949228504597027,0.003086681057504754,32.893044119812856,0,polar
13936676,62715,,585.2259758810051,90.0,401530000.0,63.854,20.208,good,UHF,585.2259758810051,139.86861508800024,0.0500255,0.0012060623728852977,37.23346104024162,1,polar
13934470,63235,,495.8572977365284,24.0,400496500.0,43.5649,1.4751,good,UHF,1052.8526813690642,144.9471098736174,0.1229500116385638,0.008598737208997235,32.074649068149824,1,temperate
13928753,57175,,481.7631162633661,80.0,436990000.0,50.77,-2.02,good,UHF,488.6621526619174,139.03738727362625,0.05139734110051482,0.0012246678290217998,38.06329840805897,1,polar
13925585,57175,,481.7631162633661,21.0,436990000.0,48.363,10.312,good,UHF,1120.4676349917204,146.24519952403332,0.14124170441085082,0.009759303284560083,30.757107158886015,1,temperate
13936477,57175,,481.7631162633661,40.0,436990000.0,51.721268,5.029968,good,UHF,715.3818272796561,142.34797127015617,0.07874529508228008,0.001876299970177465,34.724714825406124,1,polar
13931120,57175,,481.7631162633661,21.0,436990000.0,52.512,13.327,good,UHF,1120.4676349917204,146.24519952403332,0.14124170441085082,0.003365430347260568,30.763501031823324,1,polar
13925556,57175,,481.7631162633661,8.0,436990000.0,53.91,27.09,good,UHF,1789.1888981669108,150.3103370918833,0.36369456202979905,0.008665915788075794,26.47061012091359,1,polar
13937393,39086,,782.2412474129687,76.0,465988000.0,-34.747,-58.333,good,UHF,803.4689320354719,143.91465965051066,0.052664150337053926,0.003604490272776574,33.182379399494266,1,temperate
13931136,57166,,811.7137315693353,14.0,137900000.0,47.9183,19.8933,good,VHF,2116.7984110754323,141.7526585624141,0.17056469085219092,0.0144568208611677,32.215627616487296,1,temperate
13935668,39086,,782.2412474129687,81.0,465988000.0,-38.28,-57.854,good,UHF,790.9096393592672,143.77781525419863,0.05173676543474179,0.003541017306097911,33.32021465367529,1,temperate
13936490,63217,,469.1826959130867,28.0,436400000.0,51.721268,5.029968,good,UHF,900.6827653677924,144.33691511152568,0.1077949564535106,0.002568978546279574,32.70602864408926,1,polar
13936672,98492,,587.5337487022234,74.0,436650000.0,63.854,20.208,good,UHF,609.105842673669,140.94430781911453,0.05265042136515223,0.0012546660061264802,36.155094784128934,1,polar
13936654,57197,,460.16021298554824,29.0,401523000.0,59.589261,150.832095,good,UHF,862.9749372463866,143.24195543267263,0.10318562430323658,0.0024877030539791766,33.80567893058492,1,polar
13933772,41789,,663.5406803610595,69.0,437646970.0,-8.7356,115.1948,good,UHF,705.8797011072693,142.2448756048554,0.05422933907253651,0.007333721398419748,34.846869025288385,1,tropical
13932742,57172,,505.06217913152705,47.0,437625000.0,50.469,5.718,good,UHF,669.8346685901661,141.78917812809163,0.06922380131699368,0.0016490822022438012,35.29325667900386,1,polar
13935350,46907,,493.6946668929286,37.0,401090000.0,-38.28,-57.854,good,UHF,774.0464881906769,142.28796079926238,0.08311219351868789,0.005811455966586745,34.77642324186709,1,temperate
13936557,40974,BISONSAT,520.5738840995682,24.0,437375500.0,40.44,-3.8,good,UHF,1099.2273343692132,146.08662264935387,0.12446118603227449,0.008598737208997235,30.93362511801962,1,temperate
13936494,63215,,467.7939352753601,47.0,436400000.0,51.721268,5.029968,good,UHF,621.6595286646752,141.11652995639912,0.06919588504799624,0.0016490822022438012,35.96593276696538,1,polar
13936585,40974,BISONSAT,520.5674914086931,70.0,437375500.0,53.109,6.108,good,UHF,551.2343144985425,140.09159715527636,0.05387179156271517,0.001283464769444089,37.006555279006236,1,polar
13934316,40974,BISONSAT,520.5738840995682,68.0,437375500.0,51.4901,3.8236,good,UHF,558.0402340727424,140.19818250545936,0.0545985833884616,0.00130078017099296,36.899225821595934,1,polar
13936488,40974,BISONSAT,520.5738840995682,63.0,437375500.0,51.721268,5.029968,good,UHF,578.6382536381288,140.51301508859615,0.05681543695329643,0.0013535954453127257,36.582123569619995,1,polar
13935349,46914,,494.30083110808755,39.0,401060080.0,-38.28,-57.854,good,UHF,746.4755940527411,141.97228420555606,0.07947886118318861,0.005557457785920593,35.09598716608957,1,temperate
13933771,98457,,514.0635395582931,79.0,401510000.0,-8.7356,115.1948,good,UHF,522.9492333482822,138.89090116049476,0.05096147245125042,0.0069747648255845136,38.204470292843155,1,tropical
13936493,63237,,474.6854839275593,51.0,436400000.0,51.721268,5.029968,good,UHF,597.520684966602,140.7725369458802,0.06511861243130022,0.001551912295373969,36.31410022000787,1,polar
13932741,63237,,474.6854839275593,49.0,436400000.0,50.469,5.718,good,UHF,613.2995711029989,140.99893127968355,0.06705449088340551,0.0015980483148621183,36.08572387173294,1,polar
13936570,32785,CUTE-1.7+APD II (CO-65),539.3248681594314,77.0,437274600.0,33.797628,-79.159123,good,UHF,552.3659092837452,140.10740558768822,0.051952789974608844,0.00358941805939963,36.99035989489252,1,temperate
13936713,67290,,493.9101265296222,87.0,437350000.0,47.25833,16.60462,good,UHF,494.539135053019,139.14837913755548,0.05069197158527976,0.0035022211794867933,37.950734360294504,1,temperate
13936577,40086,,697.0771149316688,71.0,137250000.0,36.717165,-4.464836,good,VHF,732.9856336905732,132.4999395378565,0.043618039593273615,0.0036989453167132875,41.606051167848264,1,temperate
13927721,49263,,344.93083864068467,18.0,437250000.0,53.907,27.17,good,UHF,927.9546925527652,144.61291503051035,0.16381245774435396,0.003902899823761522,32.37267730253629,1,polar
13933770,98459,,513.9994733155818,84.0,401530000.0,-8.7356,115.1948,good,UHF,516.6180020298098,138.78553390771373,0.050301054439304695,0.006884331841093402,38.31058839662063,1,tropical
13926909,68460,,515.1444472635849,51.0,401200000.0,40.009,-105.249,good,UHF,647.3624733219658,140.73795211615794,0.06436371348597623,0.004500340580193772,36.34649152039064,1,temperate
13926902,68460,,514.9710410873886,5.0,401200000.0,42.28,-73.32,good,UHF,2116.808112578705,151.02863153409265,0.5739151365484062,0.04012841147145734,25.51063260850222,1,temperate
13927233,39472,,353.31180249740646,48.0,437478000.0,42.29361,-83.71195,good,UHF,465.7164367962414,138.62933890203243,0.06812216353765527,0.004706244849154102,38.45114038019551,1,temperate
13927206,39472,,353.31180249740646,48.0,437478000.0,42.293,-83.711,good,UHF,465.7164367962414,138.62933890203243,0.06812216353765527,0.004706244849154102,38.45114038019551,1,temperate
13936726,60524,,445.0574523267169,65.0,401540000.0,42.48304,23.445813,good,UHF,487.63188516209084,138.2842014234585,0.055197215981377966,0.003858977664214949,38.81005007351065,1,temperate
13933769,39086,,782.2413873379292,42.0,465988000.0,-8.7356,115.1948,good,UHF,1099.1813878819448,146.6366652017428,0.07636745280277153,0.010232111169155646,30.43004292490002,1,tropical
13936492,63214,,467.6839575111617,73.0,436400000.0,51.721268,5.029968,good,UHF,487.50152293156134,139.00499759524888,0.052918974156626275,0.0012611694811354845,38.09412995172811,1,polar
13936481,63216,,486.7794937849967,56.0,401357500.0,51.721268,5.029,good,UHF,577.9798904218951,139.75666544590334,0.060338188106280166,0.0014547740811894556,37.33484928252393,1,polar
13936473,63216,,486.7794937849967,56.0,401357500.0,51.721268,5.029968,good,UHF,577.9798904218951,139.75666544590334,0.060338188106280166,0.0014547740811894556,37.33484928252393,1,polar
13936576,5580,,888.4946011322327,11.0,137560000.0,36.717165,-4.464836,good,VHF,2471.4092787024447,143.0765200222021,0.2161952580830521,0.01832943724784388,30.842262973081773,1,temperate
13936547,60475,,496.31791526856705,79.0,401530000.0,38.65,20.74,good,UHF,504.9195678143269,138.58658723405077,0.050961812023482066,0.003562881678556305,38.512195762861936,1,temperate
13932321,43784,,487.5416538963318,80.0,437275000.0,50.7060925,2.8352674531249953,good,UHF,494.51744433851763,139.14650851399935,0.05140216437692127,0.0012246678290217998,37.95417234440946,1,polar
13933422,63214,,467.6839575111617,72.0,436400000.0,43.81477,4.06576,good,UHF,489.9911234240999,139.0492423104593,0.053210998294617916,0.003677406596931524,38.047176975263895,1,temperate
13936491,43784,,487.5416538963318,67.0,437275000.0,51.721268,5.029968,good,UHF,526.2995196742322,139.6875356642313,0.05499292025472785,0.0013102183745819988,37.409468887754144,1,polar
13928746,43784,,487.5416538963318,61.0,437275000.0,50.77,-2.02,good,UHF,551.4784221408217,140.0934466778371,0.0578780121083323,0.001378956320147354,37.00060404434916,1,polar
13927774,55104,,424.68021804115324,29.0,437325000.0,53.91,27.09,good,UHF,801.309973667117,143.33988028431892,0.10441641671139221,0.0024877030539791766,33.706523286530484,1,polar
13932739,43784,,487.5416538963318,58.0,437275000.0,50.469,5.718,good,UHF,567.138409301806,140.33665740630005,0.05969148475119353,0.0014221627032139864,36.7555366368603,1,polar
13936582,43784,,487.5416538963318,64.0,437275000.0,53.109,6.108,good,UHF,537.9327198928804,139.8774354141601,0.056321300979279655,0.0013418673364062929,37.21820910813898,1,polar
13936486,43784,,487.5416538963318,67.0,437275000.0,51.721268,5.029968,good,UHF,526.2995196742322,139.6875356642313,0.05499292025472785,0.0013102183745819988,37.409468887754144,1,polar
13936472,43784,,487.5416538963318,67.0,437275000.0,51.721268,5.029968,good,UHF,526.2995196742322,139.6875356642313,0.05499292025472785,0.0013102183745819988,37.409468887754144,1,polar
13936529,62709,,585.1427009513163,87.0,401520000.0,42.99996628871616,24.930953710839745,good,UHF,585.8781157634012,139.87807239855525,0.050093985399328,0.0035022211794867933,37.22163908548069,1,temperate
13936651,57204,SITRO-AIS 12 (SMIRENNIY),456.19073223545183,15.0,401349000.0,59.589261,150.832095,good,UHF,1307.6773455882649,146.8482389267362,0.1932720341871246,0.004659867176341542,30.10713686251509,1,polar
13936525,62709,,585.1427009513163,82.0,401520000.0,42.48304,23.445813,good,UHF,590.403649316996,139.94490753978423,0.050516960924434716,0.0035317926705674993,37.154351397235516,1,temperate
13936575,41183,,696.9780786457186,49.0,137288000.0,36.717165,-4.464836,good,VHF,891.4235296700044,134.20211665535842,0.05464742255048547,0.004634128940096609,39.891909483765744,1,temperate
13933767,46507,NETSAT-2,434.60322440155414,14.0,435600000.0,-8.7356,115.1948,good,UHF,1305.4413407761288,147.54468788026338,0.20913085691530447,0.028300947022497486,29.371188006413576,1,tropical
13935347,46912,,490.20282774055795,41.0,401030000.0,-38.28,-57.854,good,UHF,714.8463322767248,141.5955743320816,0.07623882067994583,0.005330955527675721,35.47616358232551,1,temperate
13936528,98518,,509.3836838253201,69.0,401496000.0,42.99996628871616,24.930953710839745,good,UHF,542.682130667703,139.21231810835712,0.053583956897026136,0.00374624553794562,37.88365937982266,1,temperate
13936524,98518,,509.3836838253201,81.0,401496000.0,42.48304,23.445813,good,UHF,515.2556725245295,138.76186331312576,0.05064850041986979,0.003541017306097911,38.337254859763036,1,temperate
13936335,63213,,467.2859585363003,74.0,436400000.0,53.109,6.108,good,UHF,484.76056797542697,138.95602377317726,0.052646086784169474,0.0012546660061264802,38.14338316464719,1,polar
13935889,63213,,467.2859585363003,61.0,436400000.0,51.721268,5.029968,good,UHF,528.782949971047,139.71102692724722,0.05786133819484249,0.001378956320147354,37.38304046885254,1,polar
13935885,63213,,467.2859585363003,61.0,436400000.0,51.721268,5.029,good,UHF,528.782949971047,139.71102692724722,0.05786133819484249,0.001378956320147354,37.38304046885254,1,polar
13935879,63213,,467.2859585363003,61.0,436400000.0,51.721268,5.029968,good,UHF,528.782949971047,139.71102692724722,0.05786133819484249,0.001378956320147354,37.38304046885254,1,polar
13935713,62083,,653.6538903280198,63.0,400639000.0,33.797628,-79.159123,good,UHF,724.9634906060837,141.70917040395238,0.056128264656148855,0.003925247921460921,35.38408377408476,1,temperate
13936553,43689,,820.2422986721886,27.0,465987500.0,40.44,-3.8,good,UHF,1522.5999581017245,149.4669848320877,0.11255696252671035,0.007703732807371461,27.56606216319301,1,temperate
13936326,43017,,530.6987426393534,31.0,145960000.0,36.717165,-4.464836,good,VHF,939.0544386722963,135.1862757122755,0.08063869842487492,0.006790607680197814,38.879602672234185,1,temperate
13936527,60472,,496.339573111597,55.0,401510000.0,42.99996628871616,24.930953710839745,good,UHF,595.5516765265584,140.0200995785878,0.061069452265223305,0.004269563302029241,37.06786909645969,1,temperate
13936363,57194,SITRO-AIS 7 (FARTUSHNIY),491.3527136666271,17.0,401199000.0,59.589261,150.832095,good,UHF,1295.3852169739787,146.7629587899968,0.17108353005899976,0.004125099499724285,30.215140271059227,1,polar
13936523,60472,,496.339573111597,46.0,401510000.0,42.48304,23.445813,good,UHF,668.1846134089674,141.0196399618778,0.0695431653345412,0.004861988041579228,36.05926257536083,1,temperate
13936482,66673,,501.10582397294,30.0,400600000.0,51.721268,5.029,bad,UHF,911.3592994017208,143.69579470954142,0.10002000000000003,0.0024121247457705958,33.35508085632756,0,polar
13936474,66673,,501.10582397294,30.0,400600000.0,51.721268,5.029968,bad,UHF,911.3592994017208,143.69579470954142,0.10002000000000003,0.0024121247457705958,33.35508085632756,0,polar
13936487,50993,,475.9706516191036,70.0,437515000.0,51.721268,5.029968,bad,UHF,504.2083794714963,139.31984334524213,0.05387426577603618,0.001283464769444089,37.778306614827144,0,polar
13936480,43784,,487.5416538963318,67.0,437275000.0,51.721268,5.029,bad,UHF,526.2995196742322,139.6875356642313,0.05499292025472785,0.0013102183745819988,37.409468887754144,0,polar
13933768,44530,,656.1292369809689,12.0,435840000.0,-8.7356,115.1948,bad,UHF,1923.3387933426225,150.91544076623532,0.24335973188580037,0.032930417351805505,25.96157677514185,0,tropical
13933787,27848,CUBESAT XI-IV (CO-57),813.2248575014492,13.0,436848700.0,-8.7356,115.1948,bad,UHF,2183.7413865746285,152.03842827465533,0.2250007013642627,0.03043603761235311,24.85944267698281,0,tropical
13935731,43770,,488.90109466601643,79.0,145920000.0,49.45262,11.09435,bad,VHF,497.38358604662153,129.6639086254677,0.04230798348595335,0.003562881678556305,44.443528199982524,0,temperate
13933766,25397,,810.4486473732777,78.0,435225000.0,-8.7356,115.1948,bad,UHF,826.4547413988421,143.56644141248037,0.051717228867486816,0.006999576286658615,33.52814947298023,0,tropical
13935878,56192,,488.5349857191695,89.0,401415000.0,51.721268,5.029968,bad,UHF,488.60410770145063,138.2987974391116,0.050031203327931754,0.0012062460900073898,38.8032728020852,0,polar
13935884,35933,BEESAT-1,687.8941844436995,27.0,435950000.0,51.721268,5.029,bad,UHF,1303.5224086024105,147.5388868906989,0.11145424121362735,0.002656580641174678,29.50030997806104,0,polar
13935883,63217,,469.1826959130867,26.0,436400000.0,51.721268,5.029,bad,UHF,948.7013319443136,144.78806826652448,0.11544251266841725,0.0027512357547236003,32.24704567566715,0,polar
13935877,63217,,469.1826959130867,26.0,436400000.0,51.721268,5.029968,bad,UHF,948.7013319443136,144.78806826652448,0.11544251266841725,0.0027512357547236003,32.24704567566715,0,polar
13935876,43440,,492.6948797459936,11.0,401440000.0,51.721268,5.029968,bad,UHF,1612.9768643561094,148.67275886439214,0.2621679334419325,0.00632078362188973,28.212060109158784,0,polar
13935882,61781,,461.0974337214411,25.0,435400000.0,51.721268,5.029,bad,UHF,959.6584562041526,144.8678856063957,0.1197061380916849,0.0028537866961018503,32.162862159431256,0,polar
13933763,40012,,604.3384074273326,32.0,437421500.0,-8.7356,115.1948,bad,UHF,1035.760773772935,145.57097492117867,0.09553095175718765,0.012920116729206753,31.473881700949676,0,tropical
13934551,25544,,419.6307747912688,23.0,145800000.0,-33.933,151.058,bad,VHF,934.1966931646521,135.13170021461715,0.10627939173217586,0.008950967179402807,38.90637711708602,0,temperate
13934311,40974,BISONSAT,520.5738840995682,16.0,437375500.0,51.4901,3.8236,bad,UHF,1404.5932234174052,148.2158836371388,0.1836577079690516,0.004375540351961674,28.749390805154945,0,polar
13935712,40974,BISONSAT,520.5738840995682,17.0,437375500.0,51.721268,5.029968,bad,UHF,1358.4119395512869,147.92550206287933,0.17314577362404804,0.004125099499724285,29.050534754611647,0,polar
13934310,27848,CUBESAT XI-IV (CO-57),813.2248575014492,19.0,437490000.0,51.4901,3.8236,bad,UHF,1841.00413829922,150.56824112683086,0.15549688334150424,0.0037044850866825487,26.425865195355726,0,polar
13935704,44408,,380.01522461782315,36.0,400500000.0,51.721268,5.029,bad,UHF,615.2893843182073,140.2814220743603,0.08507925834867652,0.0020518758648357155,36.78475448204094,0,polar
13936062,59117,,458.6756181443179,38.0,401050000.0,-5.362,105.311,bad,UHF,707.9784545307252,141.5121544609297,0.08124188698593314,0.011120752272710907,35.54879059042639,0,tropical
13933761,44530,,656.1292369809689,31.0,435840000.0,-8.7356,115.1948,bad,UHF,1141.2323466270159,146.38180639234153,0.09823998612562695,0.013293422534137988,30.659967889613455,0,tropical
13933719,48274,,378.647425336193,81.0,436510000.0,-8.7356,115.1948,bad,UHF,383.09821931382976,136.91386983659453,0.05123934131844214,0.006931962714901434,40.18126654998689,0,tropical
13934550,43678,,566.2535568738604,61.0,145900000.0,-33.933,151.058,bad,VHF,639.5111038769292,131.84585085107673,0.04748349443877898,0.003998791107185853,42.25597455399206,0,temperate
13935708,60209,,392.7027015479098,23.0,435800000.0,51.721268,5.029968,bad,UHF,880.4563768041103,144.1276846046984,0.12949228504597027,0.003086681057504754,32.893044119812856,0,polar
13936735,43880,,436.8412097157052,68.0,435599000.0,42.99996628871616,24.930953710839745,good,UHF,468.70854247223997,138.64757808046252,0.054566649772288825,0.0037720906051719677,38.44739086977478,1,temperate
13936676,62715,,585.2259758810051,90.0,401530000.0,63.854,20.208,good,UHF,585.2259758810051,139.86861508800024,0.0500255,0.0012060623728852977,37.23346104024162,1,polar
13934470,63235,,495.8572977365284,24.0,400496500.0,43.5649,1.4751,good,UHF,1052.8526813690642,144.9471098736174,0.1229500116385638,0.008598737208997235,32.074649068149824,1,temperate
13928753,57175,,481.7631162633661,80.0,436990000.0,50.77,-2.02,good,UHF,488.6621526619174,139.03738727362625,0.05139734110051482,0.0012246678290217998,38.06329840805897,1,polar
13925585,57175,,481.7631162633661,21.0,436990000.0,48.363,10.312,good,UHF,1120.4676349917204,146.24519952403332,0.14124170441085082,0.009759303284560083,30.757107158886015,1,temperate
13936477,57175,,481.7631162633661,40.0,436990000.0,51.721268,5.029968,good,UHF,715.3818272796561,142.34797127015617,0.07874529508228008,0.001876299970177465,34.724714825406124,1,polar
13931120,57175,,481.7631162633661,21.0,436990000.0,52.512,13.327,good,UHF,1120.4676349917204,146.24519952403332,0.14124170441085082,0.003365430347260568,30.763501031823324,1,polar
13925556,57175,,481.7631162633661,8.0,436990000.0,53.91,27.09,good,UHF,1789.1888981669108,150.3103370918833,0.36369456202979905,0.008665915788075794,26.47061012091359,1,polar
13937393,39086,,782.2412474129687,76.0,465988000.0,-34.747,-58.333,good,UHF,803.4689320354719,143.91465965051066,0.052664150337053926,0.003604490272776574,33.182379399494266,1,temperate
13931136,57166,,811.7137315693353,14.0,137900000.0,47.9183,19.8933,good,VHF,2116.7984110754323,141.7526585624141,0.17056469085219092,0.0144568208611677,32.215627616487296,1,temperate
13935668,39086,,782.2412474129687,81.0,465988000.0,-38.28,-57.854,good,UHF,790.9096393592672,143.77781525419863,0.05173676543474179,0.003541017306097911,33.32021465367529,1,temperate
13936490,63217,,469.1826959130867,28.0,436400000.0,51.721268,5.029968,good,UHF,900.6827653677924,144.33691511152568,0.1077949564535106,0.002568978546279574,32.70602864408926,1,polar
13936672,98492,,587.5337487022234,74.0,436650000.0,63.854,20.208,good,UHF,609.105842673669,140.94430781911453,0.05265042136515223,0.0012546660061264802,36.155094784128934,1,polar
13936654,57197,,460.16021298554824,29.0,401523000.0,59.589261,150.832095,good,UHF,862.9749372463866,143.24195543267263,0.10318562430323658,0.0024877030539791766,33.80567893058492,1,polar
13933772,41789,,663.5406803610595,69.0,437646970.0,-8.7356,115.1948,good,UHF,705.8797011072693,142.2448756048554,0.05422933907253651,0.007333721398419748,34.846869025288385,1,tropical
13932742,57172,,505.06217913152705,47.0,437625000.0,50.469,5.718,good,UHF,669.8346685901661,141.78917812809163,0.06922380131699368,0.0016490822022438012,35.29325667900386,1,polar
13935350,46907,,493.6946668929286,37.0,401090000.0,-38.28,-57.854,good,UHF,774.0464881906769,142.28796079926238,0.08311219351868789,0.005811455966586745,34.77642324186709,1,temperate
13936557,40974,BISONSAT,520.5738840995682,24.0,437375500.0,40.44,-3.8,good,UHF,1099.2273343692132,146.08662264935387,0.12446118603227449,0.008598737208997235,30.93362511801962,1,temperate
13936494,63215,,467.7939352753601,47.0,436400000.0,51.721268,5.029968,good,UHF,621.6595286646752,141.11652995639912,0.06919588504799624,0.0016490822022438012,35.96593276696538,1,polar
13936585,40974,BISONSAT,520.5674914086931,70.0,437375500.0,53.109,6.108,good,UHF,551.2343144985425,140.09159715527636,0.05387179156271517,0.001283464769444089,37.006555279006236,1,polar
13934316,40974,BISONSAT,520.5738840995682,68.0,437375500.0,51.4901,3.8236,good,UHF,558.0402340727424,140.19818250545936,0.0545985833884616,0.00130078017099296,36.899225821595934,1,polar
13936488,40974,BISONSAT,520.5738840995682,63.0,437375500.0,51.721268,5.029968,good,UHF,578.6382536381288,140.51301508859615,0.05681543695329643,0.0013535954453127257,36.582123569619995,1,polar
13935349,46914,,494.30083110808755,39.0,401060080.0,-38.28,-57.854,good,UHF,746.4755940527411,141.97228420555606,0.07947886118318861,0.005557457785920593,35.09598716608957,1,temperate
13933771,98457,,514.0635395582931,79.0,401510000.0,-8.7356,115.1948,good,UHF,522.9492333482822,138.89090116049476,0.05096147245125042,0.0069747648255845136,38.204470292843155,1,tropical
13936493,63237,,474.6854839275593,51.0,436400000.0,51.721268,5.029968,good,UHF,597.520684966602,140.7725369458802,0.06511861243130022,0.001551912295373969,36.31410022000787,1,polar
13932741,63237,,474.6854839275593,49.0,436400000.0,50.469,5.718,good,UHF,613.2995711029989,140.99893127968355,0.06705449088340551,0.0015980483148621183,36.08572387173294,1,polar
13936570,32785,CUTE-1.7+APD II (CO-65),539.3248681594314,77.0,437274600.0,33.797628,-79.159123,good,UHF,552.3659092837452,140.10740558768822,0.051952789974608844,0.00358941805939963,36.99035989489252,1,temperate
13936713,67290,,493.9101265296222,87.0,437350000.0,47.25833,16.60462,good,UHF,494.539135053019,139.14837913755548,0.05069197158527976,0.0035022211794867933,37.950734360294504,1,temperate
13936577,40086,,697.0771149316688,71.0,137250000.0,36.717165,-4.464836,good,VHF,732.9856336905732,132.4999395378565,0.043618039593273615,0.0036989453167132875,41.606051167848264,1,temperate
13927721,49263,,344.93083864068467,18.0,437250000.0,53.907,27.17,good,UHF,927.9546925527652,144.61291503051035,0.16381245774435396,0.003902899823761522,32.37267730253629,1,polar
13933770,98459,,513.9994733155818,84.0,401530000.0,-8.7356,115.1948,good,UHF,516.6180020298098,138.78553390771373,0.050301054439304695,0.006884331841093402,38.31058839662063,1,tropical
13926909,68460,,515.1444472635849,51.0,401200000.0,40.009,-105.249,good,UHF,647.3624733219658,140.73795211615794,0.06436371348597623,0.004500340580193772,36.34649152039064,1,temperate
13926902,68460,,514.9710410873886,5.0,401200000.0,42.28,-73.32,good,UHF,2116.808112578705,151.02863153409265,0.5739151365484062,0.04012841147145734,25.51063260850222,1,temperate
13927233,39472,,353.31180249740646,48.0,437478000.0,42.29361,-83.71195,good,UHF,465.7164367962414,138.62933890203243,0.06812216353765527,0.004706244849154102,38.45114038019551,1,temperate
13927206,39472,,353.31180249740646,48.0,437478000.0,42.293,-83.711,good,UHF,465.7164367962414,138.62933890203243,0.06812216353765527,0.004706244849154102,38.45114038019551,1,temperate
13936726,60524,,445.0574523267169,65.0,401540000.0,42.48304,23.445813,good,UHF,487.63188516209084,138.2842014234585,0.055197215981377966,0.003858977664214949,38.81005007351065,1,temperate
13933769,39086,,782.2413873379292,42.0,465988000.0,-8.7356,115.1948,good,UHF,1099.1813878819448,146.6366652017428,0.07636745280277153,0.010232111169155646,30.43004292490002,1,tropical
13936492,63214,,467.6839575111617,73.0,436400000.0,51.721268,5.029968,good,UHF,487.50152293156134,139.00499759524888,0.052918974156626275,0.0012611694811354845,38.09412995172811,1,polar
13936481,63216,,486.7794937849967,56.0,401357500.0,51.721268,5.029,good,UHF,577.9798904218951,139.75666544590334,0.060338188106280166,0.0014547740811894556,37.33484928252393,1,polar
13936473,63216,,486.7794937849967,56.0,401357500.0,51.721268,5.029968,good,UHF,577.9798904218951,139.75666544590334,0.060338188106280166,0.0014547740811894556,37.33484928252393,1,polar
13936576,5580,,888.4946011322327,11.0,137560000.0,36.717165,-4.464836,good,VHF,2471.4092787024447,143.0765200222021,0.2161952580830521,0.01832943724784388,30.842262973081773,1,temperate
13936547,60475,,496.31791526856705,79.0,401530000.0,38.65,20.74,good,UHF,504.9195678143269,138.58658723405077,0.050961812023482066,0.003562881678556305,38.512195762861936,1,temperate
13932321,43784,,487.5416538963318,80.0,437275000.0,50.7060925,2.8352674531249953,good,UHF,494.51744433851763,139.14650851399935,0.05140216437692127,0.0012246678290217998,37.95417234440946,1,polar
13933422,63214,,467.6839575111617,72.0,436400000.0,43.81477,4.06576,good,UHF,489.9911234240999,139.0492423104593,0.053210998294617916,0.003677406596931524,38.047176975263895,1,temperate
13936491,43784,,487.5416538963318,67.0,437275000.0,51.721268,5.029968,good,UHF,526.2995196742322,139.6875356642313,0.05499292025472785,0.0013102183745819988,37.409468887754144,1,polar
13928746,43784,,487.5416538963318,61.0,437275000.0,50.77,-2.02,good,UHF,551.4784221408217,140.0934466778371,0.0578780121083323,0.001378956320147354,37.00060404434916,1,polar
13927774,55104,,424.68021804115324,29.0,437325000.0,53.91,27.09,good,UHF,801.309973667117,143.33988028431892,0.10441641671139221,0.0024877030539791766,33.706523286530484,1,polar
13932739,43784,,487.5416538963318,58.0,437275000.0,50.469,5.718,good,UHF,567.138409301806,140.33665740630005,0.05969148475119353,0.0014221627032139864,36.7555366368603,1,polar
13936582,43784,,487.5416538963318,64.0,437275000.0,53.109,6.108,good,UHF,537.9327198928804,139.8774354141601,0.056321300979279655,0.0013418673364062929,37.21820910813898,1,polar
13936486,43784,,487.5416538963318,67.0,437275000.0,51.721268,5.029968,good,UHF,526.2995196742322,139.6875356642313,0.05499292025472785,0.0013102183745819988,37.409468887754144,1,polar
13936472,43784,,487.5416538963318,67.0,437275000.0,51.721268,5.029968,good,UHF,526.2995196742322,139.6875356642313,0.05499292025472785,0.0013102183745819988,37.409468887754144,1,polar
13936529,62709,,585.1427009513163,87.0,401520000.0,42.99996628871616,24.930953710839745,good,UHF,585.8781157634012,139.87807239855525,0.050093985399328,0.0035022211794867933,37.22163908548069,1,temperate
13936651,57204,SITRO-AIS 12 (SMIRENNIY),456.19073223545183,15.0,401349000.0,59.589261,150.832095,good,UHF,1307.6773455882649,146.8482389267362,0.1932720341871246,0.004659867176341542,30.10713686251509,1,polar
13936525,62709,,585.1427009513163,82.0,401520000.0,42.48304,23.445813,good,UHF,590.403649316996,139.94490753978423,0.050516960924434716,0.0035317926705674993,37.154351397235516,1,temperate
13936575,41183,,696.9780786457186,49.0,137288000.0,36.717165,-4.464836,good,VHF,891.4235296700044,134.20211665535842,0.05464742255048547,0.004634128940096609,39.891909483765744,1,temperate
13933767,46507,NETSAT-2,434.60322440155414,14.0,435600000.0,-8.7356,115.1948,good,UHF,1305.4413407761288,147.54468788026338,0.20913085691530447,0.028300947022497486,29.371188006413576,1,tropical
13935347,46912,,490.20282774055795,41.0,401030000.0,-38.28,-57.854,good,UHF,714.8463322767248,141.5955743320816,0.07623882067994583,0.005330955527675721,35.47616358232551,1,temperate
13936528,98518,,509.3836838253201,69.0,401496000.0,42.99996628871616,24.930953710839745,good,UHF,542.682130667703,139.21231810835712,0.053583956897026136,0.00374624553794562,37.88365937982266,1,temperate
13936524,98518,,509.3836838253201,81.0,401496000.0,42.48304,23.445813,good,UHF,515.2556725245295,138.76186331312576,0.05064850041986979,0.003541017306097911,38.337254859763036,1,temperate
13936335,63213,,467.2859585363003,74.0,436400000.0,53.109,6.108,good,UHF,484.76056797542697,138.95602377317726,0.052646086784169474,0.0012546660061264802,38.14338316464719,1,polar
13935889,63213,,467.2859585363003,61.0,436400000.0,51.721268,5.029968,good,UHF,528.782949971047,139.71102692724722,0.05786133819484249,0.001378956320147354,37.38304046885254,1,polar
13935885,63213,,467.2859585363003,61.0,436400000.0,51.721268,5.029,good,UHF,528.782949971047,139.71102692724722,0.05786133819484249,0.001378956320147354,37.38304046885254,1,polar
13935879,63213,,467.2859585363003,61.0,436400000.0,51.721268,5.029968,good,UHF,528.782949971047,139.71102692724722,0.05786133819484249,0.001378956320147354,37.38304046885254,1,polar
13935713,62083,,653.6538903280198,63.0,400639000.0,33.797628,-79.159123,good,UHF,724.9634906060837,141.70917040395238,0.056128264656148855,0.003925247921460921,35.38408377408476,1,temperate
13936553,43689,,820.2422986721886,27.0,465987500.0,40.44,-3.8,good,UHF,1522.5999581017245,149.4669848320877,0.11255696252671035,0.007703732807371461,27.56606216319301,1,temperate
13936326,43017,,530.6987426393534,31.0,145960000.0,36.717165,-4.464836,good,VHF,939.0544386722963,135.1862757122755,0.08063869842487492,0.006790607680197814,38.879602672234185,1,temperate
13936527,60472,,496.339573111597,55.0,401510000.0,42.99996628871616,24.930953710839745,good,UHF,595.5516765265584,140.0200995785878,0.061069452265223305,0.004269563302029241,37.06786909645969,1,temperate
13936363,57194,SITRO-AIS 7 (FARTUSHNIY),491.3527136666271,17.0,401199000.0,59.589261,150.832095,good,UHF,1295.3852169739787,146.7629587899968,0.17108353005899976,0.004125099499724285,30.215140271059227,1,polar
13936523,60472,,496.339573111597,46.0,401510000.0,42.48304,23.445813,good,UHF,668.1846134089674,141.0196399618778,0.0695431653345412,0.004861988041579228,36.05926257536083,1,temperate
13936482,66673,,501.10582397294,30.0,400600000.0,51.721268,5.029,bad,UHF,911.3592994017208,143.69579470954142,0.10002000000000003,0.0024121247457705958,33.35508085632756,0,polar
13936474,66673,,501.10582397294,30.0,400600000.0,51.721268,5.029968,bad,UHF,911.3592994017208,143.69579470954142,0.10002000000000003,0.0024121247457705958,33.35508085632756,0,polar
13936487,50993,,475.9706516191036,70.0,437515000.0,51.721268,5.029968,bad,UHF,504.2083794714963,139.31984334524213,0.05387426577603618,0.001283464769444089,37.778306614827144,0,polar
13936480,43784,,487.5416538963318,67.0,437275000.0,51.721268,5.029,bad,UHF,526.2995196742322,139.6875356642313,0.05499292025472785,0.0013102183745819988,37.409468887754144,0,polar
13933768,44530,,656.1292369809689,12.0,435840000.0,-8.7356,115.1948,bad,UHF,1923.3387933426225,150.91544076623532,0.24335973188580037,0.032930417351805505,25.96157677514185,0,tropical
13933787,27848,CUBESAT XI-IV (CO-57),813.2248575014492,13.0,436848700.0,-8.7356,115.1948,bad,UHF,2183.7413865746285,152.03842827465533,0.2250007013642627,0.03043603761235311,24.85944267698281,0,tropical
13935731,43770,,488.90109466601643,79.0,145920000.0,49.45262,11.09435,bad,VHF,497.38358604662153,129.6639086254677,0.04230798348595335,0.003562881678556305,44.443528199982524,0,temperate
13933766,25397,,810.4486473732777,78.0,435225000.0,-8.7356,115.1948,bad,UHF,826.4547413988421,143.56644141248037,0.051717228867486816,0.006999576286658615,33.52814947298023,0,tropical
13935878,56192,,488.5349857191695,89.0,401415000.0,51.721268,5.029968,bad,UHF,488.60410770145063,138.2987974391116,0.050031203327931754,0.0012062460900073898,38.8032728020852,0,polar
13935884,35933,BEESAT-1,687.8941844436995,27.0,435950000.0,51.721268,5.029,bad,UHF,1303.5224086024105,147.5388868906989,0.11145424121362735,0.002656580641174678,29.50030997806104,0,polar
13935883,63217,,469.1826959130867,26.0,436400000.0,51.721268,5.029,bad,UHF,948.7013319443136,144.78806826652448,0.11544251266841725,0.0027512357547236003,32.24704567566715,0,polar
13935877,63217,,469.1826959130867,26.0,436400000.0,51.721268,5.029968,bad,UHF,948.7013319443136,144.78806826652448,0.11544251266841725,0.0027512357547236003,32.24704567566715,0,polar
13935876,43440,,492.6948797459936,11.0,401440000.0,51.721268,5.029968,bad,UHF,1612.9768643561094,148.67275886439214,0.2621679334419325,0.00632078362188973,28.212060109158784,0,polar
13935882,61781,,461.0974337214411,25.0,435400000.0,51.721268,5.029,bad,UHF,959.6584562041526,144.8678856063957,0.1197061380916849,0.0028537866961018503,32.162862159431256,0,polar
13933763,40012,,604.3384074273326,32.0,437421500.0,-8.7356,115.1948,bad,UHF,1035.760773772935,145.57097492117867,0.09553095175718765,0.012920116729206753,31.473881700949676,0,tropical
13934551,25544,,419.6307747912688,23.0,145800000.0,-33.933,151.058,bad,VHF,934.1966931646521,135.13170021461715,0.10627939173217586,0.008950967179402807,38.90637711708602,0,temperate
13934311,40974,BISONSAT,520.5738840995682,16.0,437375500.0,51.4901,3.8236,bad,UHF,1404.5932234174052,148.2158836371388,0.1836577079690516,0.004375540351961674,28.749390805154945,0,polar
13935712,40974,BISONSAT,520.5738840995682,17.0,437375500.0,51.721268,5.029968,bad,UHF,1358.4119395512869,147.92550206287933,0.17314577362404804,0.004125099499724285,29.050534754611647,0,polar
13934310,27848,CUBESAT XI-IV (CO-57),813.2248575014492,19.0,437490000.0,51.4901,3.8236,bad,UHF,1841.00413829922,150.56824112683086,0.15549688334150424,0.0037044850866825487,26.425865195355726,0,polar
13935704,44408,,380.01522461782315,36.0,400500000.0,51.721268,5.029,bad,UHF,615.2893843182073,140.2814220743603,0.08507925834867652,0.0020518758648357155,36.78475448204094,0,polar
13936062,59117,,458.6756181443179,38.0,401050000.0,-5.362,105.311,bad,UHF,707.9784545307252,141.5121544609297,0.08124188698593314,0.011120752272710907,35.54879059042639,0,tropical
13933761,44530,,656.1292369809689,31.0,435840000.0,-8.7356,115.1948,bad,UHF,1141.2323466270159,146.38180639234153,0.09823998612562695,0.013293422534137988,30.659967889613455,0,tropical
13933719,48274,,378.647425336193,81.0,436510000.0,-8.7356,115.1948,bad,UHF,383.09821931382976,136.91386983659453,0.05123934131844214,0.006931962714901434,40.18126654998689,0,tropical
13934550,43678,,566.2535568738604,61.0,145900000.0,-33.933,151.058,bad,VHF,639.5111038769292,131.84585085107673,0.04748349443877898,0.003998791107185853,42.25597455399206,0,temperate
13935708,60209,,392.7027015479098,23.0,435800000.0,51.721268,5.029968,bad,UHF,880.4563768041103,144.1276846046984,0.12949228504597027,0.003086681057504754,32.893044119812856,0,polar
13936735,43880,,436.8412097157052,68.0,435599000.0,42.99996628871616,24.930953710839745,good,UHF,468.70854247223997,138.64757808046252,0.054566649772288825,0.0037720906051719677,38.44739086977478,1,temperate
13936676,62715,,585.2259758810051,90.0,401530000.0,63.854,20.208,good,UHF,585.2259758810051,139.86861508800024,0.0500255,0.0012060623728852977,37.23346104024162,1,polar
13934470,63235,,495.8572977365284,24.0,400496500.0,43.5649,1.4751,good,UHF,1052.8526813690642,144.9471098736174,0.1229500116385638,0.008598737208997235,32.074649068149824,1,temperate
13928753,57175,,481.7631162633661,80.0,436990000.0,50.77,-2.02,good,UHF,488.6621526619174,139.03738727362625,0.05139734110051482,0.0012246678290217998,38.06329840805897,1,polar
13925585,57175,,481.7631162633661,21.0,436990000.0,48.363,10.312,good,UHF,1120.4676349917204,146.24519952403332,0.14124170441085082,0.009759303284560083,30.757107158886015,1,temperate
13936477,57175,,481.7631162633661,40.0,436990000.0,51.721268,5.029968,good,UHF,715.3818272796561,142.34797127015617,0.07874529508228008,0.001876299970177465,34.724714825406124,1,polar
13931120,57175,,481.7631162633661,21.0,436990000.0,52.512,13.327,good,UHF,1120.4676349917204,146.24519952403332,0.14124170441085082,0.003365430347260568,30.763501031823324,1,polar
13925556,57175,,481.7631162633661,8.0,436990000.0,53.91,27.09,good,UHF,1789.1888981669108,150.3103370918833,0.36369456202979905,0.008665915788075794,26.47061012091359,1,polar
13937393,39086,,782.2412474129687,76.0,465988000.0,-34.747,-58.333,good,UHF,803.4689320354719,143.91465965051066,0.052664150337053926,0.003604490272776574,33.182379399494266,1,temperate
13931136,57166,,811.7137315693353,14.0,137900000.0,47.9183,19.8933,good,VHF,2116.7984110754323,141.7526585624141,0.17056469085219092,0.0144568208611677,32.215627616487296,1,temperate
13935668,39086,,782.2412474129687,81.0,465988000.0,-38.28,-57.854,good,UHF,790.9096393592672,143.77781525419863,0.05173676543474179,0.003541017306097911,33.32021465367529,1,temperate
13936490,63217,,469.1826959130867,28.0,436400000.0,51.721268,5.029968,good,UHF,900.6827653677924,144.33691511152568,0.1077949564535106,0.002568978546279574,32.70602864408926,1,polar
13936672,98492,,587.5337487022234,74.0,436650000.0,63.854,20.208,good,UHF,609.105842673669,140.94430781911453,0.05265042136515223,0.0012546660061264802,36.155094784128934,1,polar
13936654,57197,,460.16021298554824,29.0,401523000.0,59.589261,150.832095,good,UHF,862.9749372463866,143.24195543267263,0.10318562430323658,0.0024877030539791766,33.80567893058492,1,polar
13933772,41789,,663.5406803610595,69.0,437646970.0,-8.7356,115.1948,good,UHF,705.8797011072693,142.2448756048554,0.05422933907253651,0.007333721398419748,34.846869025288385,1,tropical
13932742,57172,,505.06217913152705,47.0,437625000.0,50.469,5.718,good,UHF,669.8346685901661,141.78917812809163,0.06922380131699368,0.0016490822022438012,35.29325667900386,1,polar
13935350,46907,,493.6946668929286,37.0,401090000.0,-38.28,-57.854,good,UHF,774.0464881906769,142.28796079926238,0.08311219351868789,0.005811455966586745,34.77642324186709,1,temperate
13936557,40974,BISONSAT,520.5738840995682,24.0,437375500.0,40.44,-3.8,good,UHF,1099.2273343692132,146.08662264935387,0.12446118603227449,0.008598737208997235,30.93362511801962,1,temperate
13936494,63215,,467.7939352753601,47.0,436400000.0,51.721268,5.029968,good,UHF,621.6595286646752,141.11652995639912,0.06919588504799624,0.0016490822022438012,35.96593276696538,1,polar
13936585,40974,BISONSAT,520.5674914086931,70.0,437375500.0,53.109,6.108,good,UHF,551.2343144985425,140.09159715527636,0.05387179156271517,0.001283464769444089,37.006555279006236,1,polar
13934316,40974,BISONSAT,520.5738840995682,68.0,437375500.0,51.4901,3.8236,good,UHF,558.0402340727424,140.19818250545936,0.0545985833884616,0.00130078017099296,36.899225821595934,1,polar
13936488,40974,BISONSAT,520.5738840995682,63.0,437375500.0,51.721268,5.029968,good,UHF,578.6382536381288,140.51301508859615,0.05681543695329643,0.0013535954453127257,36.582123569619995,1,polar
13935349,46914,,494.30083110808755,39.0,401060080.0,-38.28,-57.854,good,UHF,746.4755940527411,141.97228420555606,0.07947886118318861,0.005557457785920593,35.09598716608957,1,temperate
13933771,98457,,514.0635395582931,79.0,401510000.0,-8.7356,115.1948,good,UHF,522.9492333482822,138.89090116049476,0.05096147245125042,0.0069747648255845136,38.204470292843155,1,tropical
13936493,63237,,474.6854839275593,51.0,436400000.0,51.721268,5.029968,good,UHF,597.520684966602,140.7725369458802,0.06511861243130022,0.001551912295373969,36.31410022000787,1,polar
13932741,63237,,474.6854839275593,49.0,436400000.0,50.469,5.718,good,UHF,613.2995711029989,140.99893127968355,0.06705449088340551,0.0015980483148621183,36.08572387173294,1,polar
13936570,32785,CUTE-1.7+APD II (CO-65),539.3248681594314,77.0,437274600.0,33.797628,-79.159123,good,UHF,552.3659092837452,140.10740558768822,0.051952789974608844,0.00358941805939963,36.99035989489252,1,temperate
13936713,67290,,493.9101265296222,87.0,437350000.0,47.25833,16.60462,good,UHF,494.539135053019,139.14837913755548,0.05069197158527976,0.0035022211794867933,37.950734360294504,1,temperate
13936577,40086,,697.0771149316688,71.0,137250000.0,36.717165,-4.464836,good,VHF,732.9856336905732,132.4999395378565,0.043618039593273615,0.0036989453167132875,41.606051167848264,1,temperate
13927721,49263,,344.93083864068467,18.0,437250000.0,53.907,27.17,good,UHF,927.9546925527652,144.61291503051035,0.16381245774435396,0.003902899823761522,32.37267730253629,1,polar
13933770,98459,,513.9994733155818,84.0,401530000.0,-8.7356,115.1948,good,UHF,516.6180020298098,138.78553390771373,0.050301054439304695,0.006884331841093402,38.31058839662063,1,tropical
13926909,68460,,515.1444472635849,51.0,401200000.0,40.009,-105.249,good,UHF,647.3624733219658,140.73795211615794,0.06436371348597623,0.004500340580193772,36.34649152039064,1,temperate
13926902,68460,,514.9710410873886,5.0,401200000.0,42.28,-73.32,good,UHF,2116.808112578705,151.02863153409265,0.5739151365484062,0.04012841147145734,25.51063260850222,1,temperate
13927233,39472,,353.31180249740646,48.0,437478000.0,42.29361,-83.71195,good,UHF,465.7164367962414,138.62933890203243,0.06812216353765527,0.004706244849154102,38.45114038019551,1,temperate
13927206,39472,,353.31180249740646,48.0,437478000.0,42.293,-83.711,good,UHF,465.7164367962414,138.62933890203243,0.06812216353765527,0.004706244849154102,38.45114038019551,1,temperate
13936726,60524,,445.0574523267169,65.0,401540000.0,42.48304,23.445813,good,UHF,487.63188516209084,138.2842014234585,0.055197215981377966,0.003858977664214949,38.81005007351065,1,temperate
13933769,39086,,782.2413873379292,42.0,465988000.0,-8.7356,115.1948,good,UHF,1099.1813878819448,146.6366652017428,0.07636745280277153,0.010232111169155646,30.43004292490002,1,tropical
13936492,63214,,467.6839575111617,73.0,436400000.0,51.721268,5.029968,good,UHF,487.50152293156134,139.00499759524888,0.052918974156626275,0.0012611694811354845,38.09412995172811,1,polar
13936481,63216,,486.7794937849967,56.0,401357500.0,51.721268,5.029,good,UHF,577.9798904218951,139.75666544590334,0.060338188106280166,0.0014547740811894556,37.33484928252393,1,polar
13936473,63216,,486.7794937849967,56.0,401357500.0,51.721268,5.029968,good,UHF,577.9798904218951,139.75666544590334,0.060338188106280166,0.0014547740811894556,37.33484928252393,1,polar
13936576,5580,,888.4946011322327,11.0,137560000.0,36.717165,-4.464836,good,VHF,2471.4092787024447,143.0765200222021,0.2161952580830521,0.01832943724784388,30.842262973081773,1,temperate
13936547,60475,,496.31791526856705,79.0,401530000.0,38.65,20.74,good,UHF,504.9195678143269,138.58658723405077,0.050961812023482066,0.003562881678556305,38.512195762861936,1,temperate
13932321,43784,,487.5416538963318,80.0,437275000.0,50.7060925,2.8352674531249953,good,UHF,494.51744433851763,139.14650851399935,0.05140216437692127,0.0012246678290217998,37.95417234440946,1,polar
13933422,63214,,467.6839575111617,72.0,436400000.0,43.81477,4.06576,good,UHF,489.9911234240999,139.0492423104593,0.053210998294617916,0.003677406596931524,38.047176975263895,1,temperate
13936491,43784,,487.5416538963318,67.0,437275000.0,51.721268,5.029968,good,UHF,526.2995196742322,139.6875356642313,0.05499292025472785,0.0013102183745819988,37.409468887754144,1,polar
13928746,43784,,487.5416538963318,61.0,437275000.0,50.77,-2.02,good,UHF,551.4784221408217,140.0934466778371,0.0578780121083323,0.001378956320147354,37.00060404434916,1,polar
13927774,55104,,424.68021804115324,29.0,437325000.0,53.91,27.09,good,UHF,801.309973667117,143.33988028431892,0.10441641671139221,0.0024877030539791766,33.706523286530484,1,polar
13932739,43784,,487.5416538963318,58.0,437275000.0,50.469,5.718,good,UHF,567.138409301806,140.33665740630005,0.05969148475119353,0.0014221627032139864,36.7555366368603,1,polar
13936582,43784,,487.5416538963318,64.0,437275000.0,53.109,6.108,good,UHF,537.9327198928804,139.8774354141601,0.056321300979279655,0.0013418673364062929,37.21820910813898,1,polar
13936486,43784,,487.5416538963318,67.0,437275000.0,51.721268,5.029968,good,UHF,526.2995196742322,139.6875356642313,0.05499292025472785,0.0013102183745819988,37.409468887754144,1,polar
13936472,43784,,487.5416538963318,67.0,437275000.0,51.721268,5.029968,good,UHF,526.2995196742322,139.6875356642313,0.05499292025472785,0.0013102183745819988,37.409468887754144,1,polar
13936529,62709,,585.1427009513163,87.0,401520000.0,42.99996628871616,24.930953710839745,good,UHF,585.8781157634012,139.87807239855525,0.050093985399328,0.0035022211794867933,37.22163908548069,1,temperate
13936651,57204,SITRO-AIS 12 (SMIRENNIY),456.19073223545183,15.0,401349000.0,59.589261,150.832095,good,UHF,1307.6773455882649,146.8482389267362,0.1932720341871246,0.004659867176341542,30.10713686251509,1,polar
13936525,62709,,585.1427009513163,82.0,401520000.0,42.48304,23.445813,good,UHF,590.403649316996,139.94490753978423,0.050516960924434716,0.0035317926705674993,37.154351397235516,1,temperate
13936575,41183,,696.9780786457186,49.0,137288000.0,36.717165,-4.464836,good,VHF,891.4235296700044,134.20211665535842,0.05464742255048547,0.004634128940096609,39.891909483765744,1,temperate
13933767,46507,NETSAT-2,434.60322440155414,14.0,435600000.0,-8.7356,115.1948,good,UHF,1305.4413407761288,147.54468788026338,0.20913085691530447,0.028300947022497486,29.371188006413576,1,tropical
13935347,46912,,490.20282774055795,41.0,401030000.0,-38.28,-57.854,good,UHF,714.8463322767248,141.5955743320816,0.07623882067994583,0.005330955527675721,35.47616358232551,1,temperate
13936528,98518,,509.3836838253201,69.0,401496000.0,42.99996628871616,24.930953710839745,good,UHF,542.682130667703,139.21231810835712,0.053583956897026136,0.00374624553794562,37.88365937982266,1,temperate
13936524,98518,,509.3836838253201,81.0,401496000.0,42.48304,23.445813,good,UHF,515.2556725245295,138.76186331312576,0.05064850041986979,0.003541017306097911,38.337254859763036,1,temperate
13936335,63213,,467.2859585363003,74.0,436400000.0,53.109,6.108,good,UHF,484.76056797542697,138.95602377317726,0.052646086784169474,0.0012546660061264802,38.14338316464719,1,polar
13935889,63213,,467.2859585363003,61.0,436400000.0,51.721268,5.029968,good,UHF,528.782949971047,139.71102692724722,0.05786133819484249,0.001378956320147354,37.38304046885254,1,polar
13935885,63213,,467.2859585363003,61.0,436400000.0,51.721268,5.029,good,UHF,528.782949971047,139.71102692724722,0.05786133819484249,0.001378956320147354,37.38304046885254,1,polar
13935879,63213,,467.2859585363003,61.0,436400000.0,51.721268,5.029968,good,UHF,528.782949971047,139.71102692724722,0.05786133819484249,0.001378956320147354,37.38304046885254,1,polar
13935713,62083,,653.6538903280198,63.0,400639000.0,33.797628,-79.159123,good,UHF,724.9634906060837,141.70917040395238,0.056128264656148855,0.003925247921460921,35.38408377408476,1,temperate
13936553,43689,,820.2422986721886,27.0,465987500.0,40.44,-3.8,good,UHF,1522.5999581017245,149.4669848320877,0.11255696252671035,0.007703732807371461,27.56606216319301,1,temperate
13936326,43017,,530.6987426393534,31.0,145960000.0,36.717165,-4.464836,good,VHF,939.0544386722963,135.1862757122755,0.08063869842487492,0.006790607680197814,38.879602672234185,1,temperate
13936527,60472,,496.339573111597,55.0,401510000.0,42.99996628871616,24.930953710839745,good,UHF,595.5516765265584,140.0200995785878,0.061069452265223305,0.004269563302029241,37.06786909645969,1,temperate
13936363,57194,SITRO-AIS 7 (FARTUSHNIY),491.3527136666271,17.0,401199000.0,59.589261,150.832095,good,UHF,1295.3852169739787,146.7629587899968,0.17108353005899976,0.004125099499724285,30.215140271059227,1,polar
13936523,60472,,496.339573111597,46.0,401510000.0,42.48304,23.445813,good,UHF,668.1846134089674,141.0196399618778,0.0695431653345412,0.004861988041579228,36.05926257536083,1,temperate
13936482,66673,,501.10582397294,30.0,400600000.0,51.721268,5.029,bad,UHF,911.3592994017208,143.69579470954142,0.10002000000000003,0.0024121247457705958,33.35508085632756,0,polar
13936474,66673,,501.10582397294,30.0,400600000.0,51.721268,5.029968,bad,UHF,911.3592994017208,143.69579470954142,0.10002000000000003,0.0024121247457705958,33.35508085632756,0,polar
13936487,50993,,475.9706516191036,70.0,437515000.0,51.721268,5.029968,bad,UHF,504.2083794714963,139.31984334524213,0.05387426577603618,0.001283464769444089,37.778306614827144,0,polar
13936480,43784,,487.5416538963318,67.0,437275000.0,51.721268,5.029,bad,UHF,526.2995196742322,139.6875356642313,0.05499292025472785,0.0013102183745819988,37.409468887754144,0,polar
13933768,44530,,656.1292369809689,12.0,435840000.0,-8.7356,115.1948,bad,UHF,1923.3387933426225,150.91544076623532,0.24335973188580037,0.032930417351805505,25.96157677514185,0,tropical
13933787,27848,CUBESAT XI-IV (CO-57),813.2248575014492,13.0,436848700.0,-8.7356,115.1948,bad,UHF,2183.7413865746285,152.03842827465533,0.2250007013642627,0.03043603761235311,24.85944267698281,0,tropical
13935731,43770,,488.90109466601643,79.0,145920000.0,49.45262,11.09435,bad,VHF,497.38358604662153,129.6639086254677,0.04230798348595335,0.003562881678556305,44.443528199982524,0,temperate
13933766,25397,,810.4486473732777,78.0,435225000.0,-8.7356,115.1948,bad,UHF,826.4547413988421,143.56644141248037,0.051717228867486816,0.006999576286658615,33.52814947298023,0,tropical
13935878,56192,,488.5349857191695,89.0,401415000.0,51.721268,5.029968,bad,UHF,488.60410770145063,138.2987974391116,0.050031203327931754,0.0012062460900073898,38.8032728020852,0,polar
13935884,35933,BEESAT-1,687.8941844436995,27.0,435950000.0,51.721268,5.029,bad,UHF,1303.5224086024105,147.5388868906989,0.11145424121362735,0.002656580641174678,29.50030997806104,0,polar
13935883,63217,,469.1826959130867,26.0,436400000.0,51.721268,5.029,bad,UHF,948.7013319443136,144.78806826652448,0.11544251266841725,0.0027512357547236003,32.24704567566715,0,polar
13935877,63217,,469.1826959130867,26.0,436400000.0,51.721268,5.029968,bad,UHF,948.7013319443136,144.78806826652448,0.11544251266841725,0.0027512357547236003,32.24704567566715,0,polar
13935876,43440,,492.6948797459936,11.0,401440000.0,51.721268,5.029968,bad,UHF,1612.9768643561094,148.67275886439214,0.2621679334419325,0.00632078362188973,28.212060109158784,0,polar
13935882,61781,,461.0974337214411,25.0,435400000.0,51.721268,5.029,bad,UHF,959.6584562041526,144.8678856063957,0.1197061380916849,0.0028537866961018503,32.162862159431256,0,polar
13933763,40012,,604.3384074273326,32.0,437421500.0,-8.7356,115.1948,bad,UHF,1035.760773772935,145.57097492117867,0.09553095175718765,0.012920116729206753,31.473881700949676,0,tropical
13934551,25544,,419.6307747912688,23.0,145800000.0,-33.933,151.058,bad,VHF,934.1966931646521,135.13170021461715,0.10627939173217586,0.008950967179402807,38.90637711708602,0,temperate
13934311,40974,BISONSAT,520.5738840995682,16.0,437375500.0,51.4901,3.8236,bad,UHF,1404.5932234174052,148.2158836371388,0.1836577079690516,0.004375540351961674,28.749390805154945,0,polar
13935712,40974,BISONSAT,520.5738840995682,17.0,437375500.0,51.721268,5.029968,bad,UHF,1358.4119395512869,147.92550206287933,0.17314577362404804,0.004125099499724285,29.050534754611647,0,polar
13934310,27848,CUBESAT XI-IV (CO-57),813.2248575014492,19.0,437490000.0,51.4901,3.8236,bad,UHF,1841.00413829922,150.56824112683086,0.15549688334150424,0.0037044850866825487,26.425865195355726,0,polar
13935704,44408,,380.01522461782315,36.0,400500000.0,51.721268,5.029,bad,UHF,615.2893843182073,140.2814220743603,0.08507925834867652,0.0020518758648357155,36.78475448204094,0,polar
13936062,59117,,458.6756181443179,38.0,401050000.0,-5.362,105.311,bad,UHF,707.9784545307252,141.5121544609297,0.08124188698593314,0.011120752272710907,35.54879059042639,0,tropical
13933761,44530,,656.1292369809689,31.0,435840000.0,-8.7356,115.1948,bad,UHF,1141.2323466270159,146.38180639234153,0.09823998612562695,0.013293422534137988,30.659967889613455,0,tropical
13933719,48274,,378.647425336193,81.0,436510000.0,-8.7356,115.1948,bad,UHF,383.09821931382976,136.91386983659453,0.05123934131844214,0.006931962714901434,40.18126654998689,0,tropical
13934550,43678,,566.2535568738604,61.0,145900000.0,-33.933,151.058,bad,VHF,639.5111038769292,131.84585085107673,0.04748349443877898,0.003998791107185853,42.25597455399206,0,temperate
13935708,60209,,392.7027015479098,23.0,435800000.0,51.721268,5.029968,bad,UHF,880.4563768041103,144.1276846046984,0.12949228504597027,0.003086681057504754,32.893044119812856,0,polar
13935867,98457,,514.0635395582931,34.0,401510000.0,33.797628,-79.159123,good,UHF,854.0805994659922,143.15168768610664,0.08945958783842764,0.006254409677538892,33.905906006992126,1,temperate
13936735,43880,,436.8412097157052,68.0,435599000.0,42.99996628871616,24.930953710839745,good,UHF,468.70854247223997,138.64757808046252,0.054566649772288825,0.0037720906051719677,38.44739086977478,1,temperate
13936676,62715,,585.2259758810051,90.0,401530000.0,63.854,20.208,good,UHF,585.2259758810051,139.86861508800024,0.0500255,0.0012060623728852977,37.23346104024162,1,polar
13934470,63235,,495.8572977365284,24.0,400496500.0,43.5649,1.4751,good,UHF,1052.8526813690642,144.9471098736174,0.1229500116385638,0.008598737208997235,32.074649068149824,1,temperate
13928753,57175,,481.7631162633661,80.0,436990000.0,50.77,-2.02,good,UHF,488.6621526619174,139.03738727362625,0.05139734110051482,0.0012246678290217998,38.06329840805897,1,polar
13925585,57175,,481.7631162633661,21.0,436990000.0,48.363,10.312,good,UHF,1120.4676349917204,146.24519952403332,0.14124170441085082,0.009759303284560083,30.757107158886015,1,temperate
13936477,57175,,481.7631162633661,40.0,436990000.0,51.721268,5.029968,good,UHF,715.3818272796561,142.34797127015617,0.07874529508228008,0.001876299970177465,34.724714825406124,1,polar
13931120,57175,,481.7631162633661,21.0,436990000.0,52.512,13.327,good,UHF,1120.4676349917204,146.24519952403332,0.14124170441085082,0.003365430347260568,30.763501031823324,1,polar
13925556,57175,,481.7631162633661,8.0,436990000.0,53.91,27.09,good,UHF,1789.1888981669108,150.3103370918833,0.36369456202979905,0.008665915788075794,26.47061012091359,1,polar
13937393,39086,,782.2412474129687,76.0,465988000.0,-34.747,-58.333,good,UHF,803.4689320354719,143.91465965051066,0.052664150337053926,0.003604490272776574,33.182379399494266,1,temperate
13931136,57166,,811.7137315693353,14.0,137900000.0,47.9183,19.8933,good,VHF,2116.7984110754323,141.7526585624141,0.17056469085219092,0.0144568208611677,32.215627616487296,1,temperate
13935668,39086,,782.2412474129687,81.0,465988000.0,-38.28,-57.854,good,UHF,790.9096393592672,143.77781525419863,0.05173676543474179,0.003541017306097911,33.32021465367529,1,temperate
13936490,63217,,469.1826959130867,28.0,436400000.0,51.721268,5.029968,good,UHF,900.6827653677924,144.33691511152568,0.1077949564535106,0.002568978546279574,32.70602864408926,1,polar
13936672,98492,,587.5337487022234,74.0,436650000.0,63.854,20.208,good,UHF,609.105842673669,140.94430781911453,0.05265042136515223,0.0012546660061264802,36.155094784128934,1,polar
13936654,57197,,460.16021298554824,29.0,401523000.0,59.589261,150.832095,good,UHF,862.9749372463866,143.24195543267263,0.10318562430323658,0.0024877030539791766,33.80567893058492,1,polar
13933772,41789,,663.5406803610595,69.0,437646970.0,-8.7356,115.1948,good,UHF,705.8797011072693,142.2448756048554,0.05422933907253651,0.007333721398419748,34.846869025288385,1,tropical
13932742,57172,,505.06217913152705,47.0,437625000.0,50.469,5.718,good,UHF,669.8346685901661,141.78917812809163,0.06922380131699368,0.0016490822022438012,35.29325667900386,1,polar
13935350,46907,,493.6946668929286,37.0,401090000.0,-38.28,-57.854,good,UHF,774.0464881906769,142.28796079926238,0.08311219351868789,0.005811455966586745,34.77642324186709,1,temperate
13936557,40974,BISONSAT,520.5738840995682,24.0,437375500.0,40.44,-3.8,good,UHF,1099.2273343692132,146.08662264935387,0.12446118603227449,0.008598737208997235,30.93362511801962,1,temperate
13936494,63215,,467.7939352753601,47.0,436400000.0,51.721268,5.029968,good,UHF,621.6595286646752,141.11652995639912,0.06919588504799624,0.0016490822022438012,35.96593276696538,1,polar
13936585,40974,BISONSAT,520.5674914086931,70.0,437375500.0,53.109,6.108,good,UHF,551.2343144985425,140.09159715527636,0.05387179156271517,0.001283464769444089,37.006555279006236,1,polar
13934316,40974,BISONSAT,520.5738840995682,68.0,437375500.0,51.4901,3.8236,good,UHF,558.0402340727424,140.19818250545936,0.0545985833884616,0.00130078017099296,36.899225821595934,1,polar
13936488,40974,BISONSAT,520.5738840995682,63.0,437375500.0,51.721268,5.029968,good,UHF,578.6382536381288,140.51301508859615,0.05681543695329643,0.0013535954453127257,36.582123569619995,1,polar
13935349,46914,,494.30083110808755,39.0,401060080.0,-38.28,-57.854,good,UHF,746.4755940527411,141.97228420555606,0.07947886118318861,0.005557457785920593,35.09598716608957,1,temperate
13933771,98457,,514.0635395582931,79.0,401510000.0,-8.7356,115.1948,good,UHF,522.9492333482822,138.89090116049476,0.05096147245125042,0.0069747648255845136,38.204470292843155,1,tropical
13936493,63237,,474.6854839275593,51.0,436400000.0,51.721268,5.029968,good,UHF,597.520684966602,140.7725369458802,0.06511861243130022,0.001551912295373969,36.31410022000787,1,polar
13932741,63237,,474.6854839275593,49.0,436400000.0,50.469,5.718,good,UHF,613.2995711029989,140.99893127968355,0.06705449088340551,0.0015980483148621183,36.08572387173294,1,polar
13936570,32785,CUTE-1.7+APD II (CO-65),539.3248681594314,77.0,437274600.0,33.797628,-79.159123,good,UHF,552.3659092837452,140.10740558768822,0.051952789974608844,0.00358941805939963,36.99035989489252,1,temperate
13936713,67290,,493.9101265296222,87.0,437350000.0,47.25833,16.60462,good,UHF,494.539135053019,139.14837913755548,0.05069197158527976,0.0035022211794867933,37.950734360294504,1,temperate
13936577,40086,,697.0771149316688,71.0,137250000.0,36.717165,-4.464836,good,VHF,732.9856336905732,132.4999395378565,0.043618039593273615,0.0036989453167132875,41.606051167848264,1,temperate
13927721,49263,,344.93083864068467,18.0,437250000.0,53.907,27.17,good,UHF,927.9546925527652,144.61291503051035,0.16381245774435396,0.003902899823761522,32.37267730253629,1,polar
13933770,98459,,513.9994733155818,84.0,401530000.0,-8.7356,115.1948,good,UHF,516.6180020298098,138.78553390771373,0.050301054439304695,0.006884331841093402,38.31058839662063,1,tropical
13926909,68460,,515.1444472635849,51.0,401200000.0,40.009,-105.249,good,UHF,647.3624733219658,140.73795211615794,0.06436371348597623,0.004500340580193772,36.34649152039064,1,temperate
13926902,68460,,514.9710410873886,5.0,401200000.0,42.28,-73.32,good,UHF,2116.808112578705,151.02863153409265,0.5739151365484062,0.04012841147145734,25.51063260850222,1,temperate
13927233,39472,,353.31180249740646,48.0,437478000.0,42.29361,-83.71195,good,UHF,465.7164367962414,138.62933890203243,0.06812216353765527,0.004706244849154102,38.45114038019551,1,temperate
13927206,39472,,353.31180249740646,48.0,437478000.0,42.293,-83.711,good,UHF,465.7164367962414,138.62933890203243,0.06812216353765527,0.004706244849154102,38.45114038019551,1,temperate
13936726,60524,,445.0574523267169,65.0,401540000.0,42.48304,23.445813,good,UHF,487.63188516209084,138.2842014234585,0.055197215981377966,0.003858977664214949,38.81005007351065,1,temperate
13933769,39086,,782.2413873379292,42.0,465988000.0,-8.7356,115.1948,good,UHF,1099.1813878819448,146.6366652017428,0.07636745280277153,0.010232111169155646,30.43004292490002,1,tropical
13936492,63214,,467.6839575111617,73.0,436400000.0,51.721268,5.029968,good,UHF,487.50152293156134,139.00499759524888,0.052918974156626275,0.0012611694811354845,38.09412995172811,1,polar
13936481,63216,,486.7794937849967,56.0,401357500.0,51.721268,5.029,good,UHF,577.9798904218951,139.75666544590334,0.060338188106280166,0.0014547740811894556,37.33484928252393,1,polar
13936473,63216,,486.7794937849967,56.0,401357500.0,51.721268,5.029968,good,UHF,577.9798904218951,139.75666544590334,0.060338188106280166,0.0014547740811894556,37.33484928252393,1,polar
13936576,5580,,888.4946011322327,11.0,137560000.0,36.717165,-4.464836,good,VHF,2471.4092787024447,143.0765200222021,0.2161952580830521,0.01832943724784388,30.842262973081773,1,temperate
13936547,60475,,496.31791526856705,79.0,401530000.0,38.65,20.74,good,UHF,504.9195678143269,138.58658723405077,0.050961812023482066,0.003562881678556305,38.512195762861936,1,temperate
13932321,43784,,487.5416538963318,80.0,437275000.0,50.7060925,2.8352674531249953,good,UHF,494.51744433851763,139.14650851399935,0.05140216437692127,0.0012246678290217998,37.95417234440946,1,polar
13933422,63214,,467.6839575111617,72.0,436400000.0,43.81477,4.06576,good,UHF,489.9911234240999,139.0492423104593,0.053210998294617916,0.003677406596931524,38.047176975263895,1,temperate
13936491,43784,,487.5416538963318,67.0,437275000.0,51.721268,5.029968,good,UHF,526.2995196742322,139.6875356642313,0.05499292025472785,0.0013102183745819988,37.409468887754144,1,polar
13928746,43784,,487.5416538963318,61.0,437275000.0,50.77,-2.02,good,UHF,551.4784221408217,140.0934466778371,0.0578780121083323,0.001378956320147354,37.00060404434916,1,polar
13927774,55104,,424.68021804115324,29.0,437325000.0,53.91,27.09,good,UHF,801.309973667117,143.33988028431892,0.10441641671139221,0.0024877030539791766,33.706523286530484,1,polar
13932739,43784,,487.5416538963318,58.0,437275000.0,50.469,5.718,good,UHF,567.138409301806,140.33665740630005,0.05969148475119353,0.0014221627032139864,36.7555366368603,1,polar
13936582,43784,,487.5416538963318,64.0,437275000.0,53.109,6.108,good,UHF,537.9327198928804,139.8774354141601,0.056321300979279655,0.0013418673364062929,37.21820910813898,1,polar
13936486,43784,,487.5416538963318,67.0,437275000.0,51.721268,5.029968,good,UHF,526.2995196742322,139.6875356642313,0.05499292025472785,0.0013102183745819988,37.409468887754144,1,polar
13936472,43784,,487.5416538963318,67.0,437275000.0,51.721268,5.029968,good,UHF,526.2995196742322,139.6875356642313,0.05499292025472785,0.0013102183745819988,37.409468887754144,1,polar
13936529,62709,,585.1427009513163,87.0,401520000.0,42.99996628871616,24.930953710839745,good,UHF,585.8781157634012,139.87807239855525,0.050093985399328,0.0035022211794867933,37.22163908548069,1,temperate
13936651,57204,SITRO-AIS 12 (SMIRENNIY),456.19073223545183,15.0,401349000.0,59.589261,150.832095,good,UHF,1307.6773455882649,146.8482389267362,0.1932720341871246,0.004659867176341542,30.10713686251509,1,polar
13936525,62709,,585.1427009513163,82.0,401520000.0,42.48304,23.445813,good,UHF,590.403649316996,139.94490753978423,0.050516960924434716,0.0035317926705674993,37.154351397235516,1,temperate
13936575,41183,,696.9780786457186,49.0,137288000.0,36.717165,-4.464836,good,VHF,891.4235296700044,134.20211665535842,0.05464742255048547,0.004634128940096609,39.891909483765744,1,temperate
13933767,46507,NETSAT-2,434.60322440155414,14.0,435600000.0,-8.7356,115.1948,good,UHF,1305.4413407761288,147.54468788026338,0.20913085691530447,0.028300947022497486,29.371188006413576,1,tropical
13935347,46912,,490.20282774055795,41.0,401030000.0,-38.28,-57.854,good,UHF,714.8463322767248,141.5955743320816,0.07623882067994583,0.005330955527675721,35.47616358232551,1,temperate
13936528,98518,,509.3836838253201,69.0,401496000.0,42.99996628871616,24.930953710839745,good,UHF,542.682130667703,139.21231810835712,0.053583956897026136,0.00374624553794562,37.88365937982266,1,temperate
13936524,98518,,509.3836838253201,81.0,401496000.0,42.48304,23.445813,good,UHF,515.2556725245295,138.76186331312576,0.05064850041986979,0.003541017306097911,38.337254859763036,1,temperate
13936335,63213,,467.2859585363003,74.0,436400000.0,53.109,6.108,good,UHF,484.76056797542697,138.95602377317726,0.052646086784169474,0.0012546660061264802,38.14338316464719,1,polar
13935889,63213,,467.2859585363003,61.0,436400000.0,51.721268,5.029968,good,UHF,528.782949971047,139.71102692724722,0.05786133819484249,0.001378956320147354,37.38304046885254,1,polar
13935885,63213,,467.2859585363003,61.0,436400000.0,51.721268,5.029,good,UHF,528.782949971047,139.71102692724722,0.05786133819484249,0.001378956320147354,37.38304046885254,1,polar
13935879,63213,,467.2859585363003,61.0,436400000.0,51.721268,5.029968,good,UHF,528.782949971047,139.71102692724722,0.05786133819484249,0.001378956320147354,37.38304046885254,1,polar
13935713,62083,,653.6538903280198,63.0,400639000.0,33.797628,-79.159123,good,UHF,724.9634906060837,141.70917040395238,0.056128264656148855,0.003925247921460921,35.38408377408476,1,temperate
13936553,43689,,820.2422986721886,27.0,465987500.0,40.44,-3.8,good,UHF,1522.5999581017245,149.4669848320877,0.11255696252671035,0.007703732807371461,27.56606216319301,1,temperate
13936326,43017,,530.6987426393534,31.0,145960000.0,36.717165,-4.464836,good,VHF,939.0544386722963,135.1862757122755,0.08063869842487492,0.006790607680197814,38.879602672234185,1,temperate
13936527,60472,,496.339573111597,55.0,401510000.0,42.99996628871616,24.930953710839745,good,UHF,595.5516765265584,140.0200995785878,0.061069452265223305,0.004269563302029241,37.06786909645969,1,temperate
13936363,57194,SITRO-AIS 7 (FARTUSHNIY),491.3527136666271,17.0,401199000.0,59.589261,150.832095,good,UHF,1295.3852169739787,146.7629587899968,0.17108353005899976,0.004125099499724285,30.215140271059227,1,polar
13936482,66673,,501.10582397294,30.0,400600000.0,51.721268,5.029,bad,UHF,911.3592994017208,143.69579470954142,0.10002000000000003,0.0024121247457705958,33.35508085632756,0,polar
13936474,66673,,501.10582397294,30.0,400600000.0,51.721268,5.029968,bad,UHF,911.3592994017208,143.69579470954142,0.10002000000000003,0.0024121247457705958,33.35508085632756,0,polar
13936487,50993,,475.9706516191036,70.0,437515000.0,51.721268,5.029968,bad,UHF,504.2083794714963,139.31984334524213,0.05387426577603618,0.001283464769444089,37.778306614827144,0,polar
13936480,43784,,487.5416538963318,67.0,437275000.0,51.721268,5.029,bad,UHF,526.2995196742322,139.6875356642313,0.05499292025472785,0.0013102183745819988,37.409468887754144,0,polar
13933768,44530,,656.1292369809689,12.0,435840000.0,-8.7356,115.1948,bad,UHF,1923.3387933426225,150.91544076623532,0.24335973188580037,0.032930417351805505,25.96157677514185,0,tropical
13933787,27848,CUBESAT XI-IV (CO-57),813.2248575014492,13.0,436848700.0,-8.7356,115.1948,bad,UHF,2183.7413865746285,152.03842827465533,0.2250007013642627,0.03043603761235311,24.85944267698281,0,tropical
13935731,43770,,488.90109466601643,79.0,145920000.0,49.45262,11.09435,bad,VHF,497.38358604662153,129.6639086254677,0.04230798348595335,0.003562881678556305,44.443528199982524,0,temperate
13933766,25397,,810.4486473732777,78.0,435225000.0,-8.7356,115.1948,bad,UHF,826.4547413988421,143.56644141248037,0.051717228867486816,0.006999576286658615,33.52814947298023,0,tropical
13935878,56192,,488.5349857191695,89.0,401415000.0,51.721268,5.029968,bad,UHF,488.60410770145063,138.2987974391116,0.050031203327931754,0.0012062460900073898,38.8032728020852,0,polar
13935884,35933,BEESAT-1,687.8941844436995,27.0,435950000.0,51.721268,5.029,bad,UHF,1303.5224086024105,147.5388868906989,0.11145424121362735,0.002656580641174678,29.50030997806104,0,polar
13935883,63217,,469.1826959130867,26.0,436400000.0,51.721268,5.029,bad,UHF,948.7013319443136,144.78806826652448,0.11544251266841725,0.0027512357547236003,32.24704567566715,0,polar
13935877,63217,,469.1826959130867,26.0,436400000.0,51.721268,5.029968,bad,UHF,948.7013319443136,144.78806826652448,0.11544251266841725,0.0027512357547236003,32.24704567566715,0,polar
13935876,43440,,492.6948797459936,11.0,401440000.0,51.721268,5.029968,bad,UHF,1612.9768643561094,148.67275886439214,0.2621679334419325,0.00632078362188973,28.212060109158784,0,polar
13935882,61781,,461.0974337214411,25.0,435400000.0,51.721268,5.029,bad,UHF,959.6584562041526,144.8678856063957,0.1197061380916849,0.0028537866961018503,32.162862159431256,0,polar
13933763,40012,,604.3384074273326,32.0,437421500.0,-8.7356,115.1948,bad,UHF,1035.760773772935,145.57097492117867,0.09553095175718765,0.012920116729206753,31.473881700949676,0,tropical
13934551,25544,,419.6307747912688,23.0,145800000.0,-33.933,151.058,bad,VHF,934.1966931646521,135.13170021461715,0.10627939173217586,0.008950967179402807,38.90637711708602,0,temperate
13934311,40974,BISONSAT,520.5738840995682,16.0,437375500.0,51.4901,3.8236,bad,UHF,1404.5932234174052,148.2158836371388,0.1836577079690516,0.004375540351961674,28.749390805154945,0,polar
13935712,40974,BISONSAT,520.5738840995682,17.0,437375500.0,51.721268,5.029968,bad,UHF,1358.4119395512869,147.92550206287933,0.17314577362404804,0.004125099499724285,29.050534754611647,0,polar
13934310,27848,CUBESAT XI-IV (CO-57),813.2248575014492,19.0,437490000.0,51.4901,3.8236,bad,UHF,1841.00413829922,150.56824112683086,0.15549688334150424,0.0037044850866825487,26.425865195355726,0,polar
13935704,44408,,380.01522461782315,36.0,400500000.0,51.721268,5.029,bad,UHF,615.2893843182073,140.2814220743603,0.08507925834867652,0.0020518758648357155,36.78475448204094,0,polar
13936062,59117,,458.6756181443179,38.0,401050000.0,-5.362,105.311,bad,UHF,707.9784545307252,141.5121544609297,0.08124188698593314,0.011120752272710907,35.54879059042639,0,tropical
13933761,44530,,656.1292369809689,31.0,435840000.0,-8.7356,115.1948,bad,UHF,1141.2323466270159,146.38180639234153,0.09823998612562695,0.013293422534137988,30.659967889613455,0,tropical
13933719,48274,,378.647425336193,81.0,436510000.0,-8.7356,115.1948,bad,UHF,383.09821931382976,136.91386983659453,0.05123934131844214,0.006931962714901434,40.18126654998689,0,tropical
13934550,43678,,566.2535568738604,61.0,145900000.0,-33.933,151.058,bad,VHF,639.5111038769292,131.84585085107673,0.04748349443877898,0.003998791107185853,42.25597455399206,0,temperate
13935708,60209,,392.7027015479098,23.0,435800000.0,51.721268,5.029968,bad,UHF,880.4563768041103,144.1276846046984,0.12949228504597027,0.003086681057504754,32.893044119812856,0,polar
13935867,98457,,514.0635395582931,34.0,401510000.0,33.797628,-79.159123,good,UHF,854.0805994659922,143.15168768610664,0.08945958783842764,0.006254409677538892,33.905906006992126,1,temperate
13936735,43880,,436.8412097157052,68.0,435599000.0,42.99996628871616,24.930953710839745,good,UHF,468.70854247223997,138.64757808046252,0.054566649772288825,0.0037720906051719677,38.44739086977478,1,temperate
13934462,63235,,495.8572977365284,59.0,400496500.0,51.904,-8.664,good,UHF,571.1376247374728,139.63457314434368,0.058341323752128485,0.0014070326433327572,37.45898618987562,1,polar
13936676,62715,,585.2259758810051,90.0,401530000.0,63.854,20.208,good,UHF,585.2259758810051,139.86861508800024,0.0500255,0.0012060623728852977,37.23346104024162,1,polar
13934470,63235,,495.8572977365284,24.0,400496500.0,43.5649,1.4751,good,UHF,1052.8526813690642,144.9471098736174,0.1229500116385638,0.008598737208997235,32.074649068149824,1,temperate
13928753,57175,,481.7631162633661,80.0,436990000.0,50.77,-2.02,good,UHF,488.6621526619174,139.03738727362625,0.05139734110051482,0.0012246678290217998,38.06329840805897,1,polar
13925585,57175,,481.7631162633661,21.0,436990000.0,48.363,10.312,good,UHF,1120.4676349917204,146.24519952403332,0.14124170441085082,0.009759303284560083,30.757107158886015,1,temperate
13936477,57175,,481.7631162633661,40.0,436990000.0,51.721268,5.029968,good,UHF,715.3818272796561,142.34797127015617,0.07874529508228008,0.001876299970177465,34.724714825406124,1,polar
13931120,57175,,481.7631162633661,21.0,436990000.0,52.512,13.327,good,UHF,1120.4676349917204,146.24519952403332,0.14124170441085082,0.003365430347260568,30.763501031823324,1,polar
13925556,57175,,481.7631162633661,8.0,436990000.0,53.91,27.09,good,UHF,1789.1888981669108,150.3103370918833,0.36369456202979905,0.008665915788075794,26.47061012091359,1,polar
13937393,39086,,782.2412474129687,76.0,465988000.0,-34.747,-58.333,good,UHF,803.4689320354719,143.91465965051066,0.052664150337053926,0.003604490272776574,33.182379399494266,1,temperate
13931136,57166,,811.7137315693353,14.0,137900000.0,47.9183,19.8933,good,VHF,2116.7984110754323,141.7526585624141,0.17056469085219092,0.0144568208611677,32.215627616487296,1,temperate
13935668,39086,,782.2412474129687,81.0,465988000.0,-38.28,-57.854,good,UHF,790.9096393592672,143.77781525419863,0.05173676543474179,0.003541017306097911,33.32021465367529,1,temperate
13936490,63217,,469.1826959130867,28.0,436400000.0,51.721268,5.029968,good,UHF,900.6827653677924,144.33691511152568,0.1077949564535106,0.002568978546279574,32.70602864408926,1,polar
13936672,98492,,587.5337487022234,74.0,436650000.0,63.854,20.208,good,UHF,609.105842673669,140.94430781911453,0.05265042136515223,0.0012546660061264802,36.155094784128934,1,polar
13936654,57197,,460.16021298554824,29.0,401523000.0,59.589261,150.832095,good,UHF,862.9749372463866,143.24195543267263,0.10318562430323658,0.0024877030539791766,33.80567893058492,1,polar
13933772,41789,,663.5406803610595,69.0,437646970.0,-8.7356,115.1948,good,UHF,705.8797011072693,142.2448756048554,0.05422933907253651,0.007333721398419748,34.846869025288385,1,tropical
13932742,57172,,505.06217913152705,47.0,437625000.0,50.469,5.718,good,UHF,669.8346685901661,141.78917812809163,0.06922380131699368,0.0016490822022438012,35.29325667900386,1,polar
13935350,46907,,493.6946668929286,37.0,401090000.0,-38.28,-57.854,good,UHF,774.0464881906769,142.28796079926238,0.08311219351868789,0.005811455966586745,34.77642324186709,1,temperate
13936557,40974,BISONSAT,520.5738840995682,24.0,437375500.0,40.44,-3.8,good,UHF,1099.2273343692132,146.08662264935387,0.12446118603227449,0.008598737208997235,30.93362511801962,1,temperate
13936494,63215,,467.7939352753601,47.0,436400000.0,51.721268,5.029968,good,UHF,621.6595286646752,141.11652995639912,0.06919588504799624,0.0016490822022438012,35.96593276696538,1,polar
13936585,40974,BISONSAT,520.5674914086931,70.0,437375500.0,53.109,6.108,good,UHF,551.2343144985425,140.09159715527636,0.05387179156271517,0.001283464769444089,37.006555279006236,1,polar
13934316,40974,BISONSAT,520.5738840995682,68.0,437375500.0,51.4901,3.8236,good,UHF,558.0402340727424,140.19818250545936,0.0545985833884616,0.00130078017099296,36.899225821595934,1,polar
13936488,40974,BISONSAT,520.5738840995682,63.0,437375500.0,51.721268,5.029968,good,UHF,578.6382536381288,140.51301508859615,0.05681543695329643,0.0013535954453127257,36.582123569619995,1,polar
13935349,46914,,494.30083110808755,39.0,401060080.0,-38.28,-57.854,good,UHF,746.4755940527411,141.97228420555606,0.07947886118318861,0.005557457785920593,35.09598716608957,1,temperate
13933771,98457,,514.0635395582931,79.0,401510000.0,-8.7356,115.1948,good,UHF,522.9492333482822,138.89090116049476,0.05096147245125042,0.0069747648255845136,38.204470292843155,1,tropical
13936493,63237,,474.6854839275593,51.0,436400000.0,51.721268,5.029968,good,UHF,597.520684966602,140.7725369458802,0.06511861243130022,0.001551912295373969,36.31410022000787,1,polar
13932741,63237,,474.6854839275593,49.0,436400000.0,50.469,5.718,good,UHF,613.2995711029989,140.99893127968355,0.06705449088340551,0.0015980483148621183,36.08572387173294,1,polar
13936570,32785,CUTE-1.7+APD II (CO-65),539.3248681594314,77.0,437274600.0,33.797628,-79.159123,good,UHF,552.3659092837452,140.10740558768822,0.051952789974608844,0.00358941805939963,36.99035989489252,1,temperate
13936713,67290,,493.9101265296222,87.0,437350000.0,47.25833,16.60462,good,UHF,494.539135053019,139.14837913755548,0.05069197158527976,0.0035022211794867933,37.950734360294504,1,temperate
13936577,40086,,697.0771149316688,71.0,137250000.0,36.717165,-4.464836,good,VHF,732.9856336905732,132.4999395378565,0.043618039593273615,0.0036989453167132875,41.606051167848264,1,temperate
13927721,49263,,344.93083864068467,18.0,437250000.0,53.907,27.17,good,UHF,927.9546925527652,144.61291503051035,0.16381245774435396,0.003902899823761522,32.37267730253629,1,polar
13933770,98459,,513.9994733155818,84.0,401530000.0,-8.7356,115.1948,good,UHF,516.6180020298098,138.78553390771373,0.050301054439304695,0.006884331841093402,38.31058839662063,1,tropical
13926909,68460,,515.1444472635849,51.0,401200000.0,40.009,-105.249,good,UHF,647.3624733219658,140.73795211615794,0.06436371348597623,0.004500340580193772,36.34649152039064,1,temperate
13926902,68460,,514.9710410873886,5.0,401200000.0,42.28,-73.32,good,UHF,2116.808112578705,151.02863153409265,0.5739151365484062,0.04012841147145734,25.51063260850222,1,temperate
13927233,39472,,353.31180249740646,48.0,437478000.0,42.29361,-83.71195,good,UHF,465.7164367962414,138.62933890203243,0.06812216353765527,0.004706244849154102,38.45114038019551,1,temperate
13927206,39472,,353.31180249740646,48.0,437478000.0,42.293,-83.711,good,UHF,465.7164367962414,138.62933890203243,0.06812216353765527,0.004706244849154102,38.45114038019551,1,temperate
13936726,60524,,445.0574523267169,65.0,401540000.0,42.48304,23.445813,good,UHF,487.63188516209084,138.2842014234585,0.055197215981377966,0.003858977664214949,38.81005007351065,1,temperate
13933769,39086,,782.2413873379292,42.0,465988000.0,-8.7356,115.1948,good,UHF,1099.1813878819448,146.6366652017428,0.07636745280277153,0.010232111169155646,30.43004292490002,1,tropical
13936492,63214,,467.6839575111617,73.0,436400000.0,51.721268,5.029968,good,UHF,487.50152293156134,139.00499759524888,0.052918974156626275,0.0012611694811354845,38.09412995172811,1,polar
13936481,63216,,486.7794937849967,56.0,401357500.0,51.721268,5.029,good,UHF,577.9798904218951,139.75666544590334,0.060338188106280166,0.0014547740811894556,37.33484928252393,1,polar
13936473,63216,,486.7794937849967,56.0,401357500.0,51.721268,5.029968,good,UHF,577.9798904218951,139.75666544590334,0.060338188106280166,0.0014547740811894556,37.33484928252393,1,polar
13936576,5580,,888.4946011322327,11.0,137560000.0,36.717165,-4.464836,good,VHF,2471.4092787024447,143.0765200222021,0.2161952580830521,0.01832943724784388,30.842262973081773,1,temperate
13936547,60475,,496.31791526856705,79.0,401530000.0,38.65,20.74,good,UHF,504.9195678143269,138.58658723405077,0.050961812023482066,0.003562881678556305,38.512195762861936,1,temperate
13932321,43784,,487.5416538963318,80.0,437275000.0,50.7060925,2.8352674531249953,good,UHF,494.51744433851763,139.14650851399935,0.05140216437692127,0.0012246678290217998,37.95417234440946,1,polar
13933422,63214,,467.6839575111617,72.0,436400000.0,43.81477,4.06576,good,UHF,489.9911234240999,139.0492423104593,0.053210998294617916,0.003677406596931524,38.047176975263895,1,temperate
13936491,43784,,487.5416538963318,67.0,437275000.0,51.721268,5.029968,good,UHF,526.2995196742322,139.6875356642313,0.05499292025472785,0.0013102183745819988,37.409468887754144,1,polar
13928746,43784,,487.5416538963318,61.0,437275000.0,50.77,-2.02,good,UHF,551.4784221408217,140.0934466778371,0.0578780121083323,0.001378956320147354,37.00060404434916,1,polar
13927774,55104,,424.68021804115324,29.0,437325000.0,53.91,27.09,good,UHF,801.309973667117,143.33988028431892,0.10441641671139221,0.0024877030539791766,33.706523286530484,1,polar
13932739,43784,,487.5416538963318,58.0,437275000.0,50.469,5.718,good,UHF,567.138409301806,140.33665740630005,0.05969148475119353,0.0014221627032139864,36.7555366368603,1,polar
13936582,43784,,487.5416538963318,64.0,437275000.0,53.109,6.108,good,UHF,537.9327198928804,139.8774354141601,0.056321300979279655,0.0013418673364062929,37.21820910813898,1,polar
13936486,43784,,487.5416538963318,67.0,437275000.0,51.721268,5.029968,good,UHF,526.2995196742322,139.6875356642313,0.05499292025472785,0.0013102183745819988,37.409468887754144,1,polar
13936472,43784,,487.5416538963318,67.0,437275000.0,51.721268,5.029968,good,UHF,526.2995196742322,139.6875356642313,0.05499292025472785,0.0013102183745819988,37.409468887754144,1,polar
13936529,62709,,585.1427009513163,87.0,401520000.0,42.99996628871616,24.930953710839745,good,UHF,585.8781157634012,139.87807239855525,0.050093985399328,0.0035022211794867933,37.22163908548069,1,temperate
13936651,57204,SITRO-AIS 12 (SMIRENNIY),456.19073223545183,15.0,401349000.0,59.589261,150.832095,good,UHF,1307.6773455882649,146.8482389267362,0.1932720341871246,0.004659867176341542,30.10713686251509,1,polar
13936525,62709,,585.1427009513163,82.0,401520000.0,42.48304,23.445813,good,UHF,590.403649316996,139.94490753978423,0.050516960924434716,0.0035317926705674993,37.154351397235516,1,temperate
13936575,41183,,696.9780786457186,49.0,137288000.0,36.717165,-4.464836,good,VHF,891.4235296700044,134.20211665535842,0.05464742255048547,0.004634128940096609,39.891909483765744,1,temperate
13933767,46507,NETSAT-2,434.60322440155414,14.0,435600000.0,-8.7356,115.1948,good,UHF,1305.4413407761288,147.54468788026338,0.20913085691530447,0.028300947022497486,29.371188006413576,1,tropical
13935347,46912,,490.20282774055795,41.0,401030000.0,-38.28,-57.854,good,UHF,714.8463322767248,141.5955743320816,0.07623882067994583,0.005330955527675721,35.47616358232551,1,temperate
13936528,98518,,509.3836838253201,69.0,401496000.0,42.99996628871616,24.930953710839745,good,UHF,542.682130667703,139.21231810835712,0.053583956897026136,0.00374624553794562,37.88365937982266,1,temperate
13936524,98518,,509.3836838253201,81.0,401496000.0,42.48304,23.445813,good,UHF,515.2556725245295,138.76186331312576,0.05064850041986979,0.003541017306097911,38.337254859763036,1,temperate
13936335,63213,,467.2859585363003,74.0,436400000.0,53.109,6.108,good,UHF,484.76056797542697,138.95602377317726,0.052646086784169474,0.0012546660061264802,38.14338316464719,1,polar
13935889,63213,,467.2859585363003,61.0,436400000.0,51.721268,5.029968,good,UHF,528.782949971047,139.71102692724722,0.05786133819484249,0.001378956320147354,37.38304046885254,1,polar
13935885,63213,,467.2859585363003,61.0,436400000.0,51.721268,5.029,good,UHF,528.782949971047,139.71102692724722,0.05786133819484249,0.001378956320147354,37.38304046885254,1,polar
13935879,63213,,467.2859585363003,61.0,436400000.0,51.721268,5.029968,good,UHF,528.782949971047,139.71102692724722,0.05786133819484249,0.001378956320147354,37.38304046885254,1,polar
13935713,62083,,653.6538903280198,63.0,400639000.0,33.797628,-79.159123,good,UHF,724.9634906060837,141.70917040395238,0.056128264656148855,0.003925247921460921,35.38408377408476,1,temperate
13936553,43689,,820.2422986721886,27.0,465987500.0,40.44,-3.8,good,UHF,1522.5999581017245,149.4669848320877,0.11255696252671035,0.007703732807371461,27.56606216319301,1,temperate
13936326,43017,,530.6987426393534,31.0,145960000.0,36.717165,-4.464836,good,VHF,939.0544386722963,135.1862757122755,0.08063869842487492,0.006790607680197814,38.879602672234185,1,temperate
13936527,60472,,496.339573111597,55.0,401510000.0,42.99996628871616,24.930953710839745,good,UHF,595.5516765265584,140.0200995785878,0.061069452265223305,0.004269563302029241,37.06786909645969,1,temperate
13936363,57194,SITRO-AIS 7 (FARTUSHNIY),491.3527136666271,17.0,401199000.0,59.589261,150.832095,good,UHF,1295.3852169739787,146.7629587899968,0.17108353005899976,0.004125099499724285,30.215140271059227,1,polar
13936482,66673,,501.10582397294,30.0,400600000.0,51.721268,5.029,bad,UHF,911.3592994017208,143.69579470954142,0.10002000000000003,0.0024121247457705958,33.35508085632756,0,polar
13936474,66673,,501.10582397294,30.0,400600000.0,51.721268,5.029968,bad,UHF,911.3592994017208,143.69579470954142,0.10002000000000003,0.0024121247457705958,33.35508085632756,0,polar
13936487,50993,,475.9706516191036,70.0,437515000.0,51.721268,5.029968,bad,UHF,504.2083794714963,139.31984334524213,0.05387426577603618,0.001283464769444089,37.778306614827144,0,polar
13936480,43784,,487.5416538963318,67.0,437275000.0,51.721268,5.029,bad,UHF,526.2995196742322,139.6875356642313,0.05499292025472785,0.0013102183745819988,37.409468887754144,0,polar
13933768,44530,,656.1292369809689,12.0,435840000.0,-8.7356,115.1948,bad,UHF,1923.3387933426225,150.91544076623532,0.24335973188580037,0.032930417351805505,25.96157677514185,0,tropical
13933787,27848,CUBESAT XI-IV (CO-57),813.2248575014492,13.0,436848700.0,-8.7356,115.1948,bad,UHF,2183.7413865746285,152.03842827465533,0.2250007013642627,0.03043603761235311,24.85944267698281,0,tropical
13935731,43770,,488.90109466601643,79.0,145920000.0,49.45262,11.09435,bad,VHF,497.38358604662153,129.6639086254677,0.04230798348595335,0.003562881678556305,44.443528199982524,0,temperate
13933766,25397,,810.4486473732777,78.0,435225000.0,-8.7356,115.1948,bad,UHF,826.4547413988421,143.56644141248037,0.051717228867486816,0.006999576286658615,33.52814947298023,0,tropical
13935878,56192,,488.5349857191695,89.0,401415000.0,51.721268,5.029968,bad,UHF,488.60410770145063,138.2987974391116,0.050031203327931754,0.0012062460900073898,38.8032728020852,0,polar
13935884,35933,BEESAT-1,687.8941844436995,27.0,435950000.0,51.721268,5.029,bad,UHF,1303.5224086024105,147.5388868906989,0.11145424121362735,0.002656580641174678,29.50030997806104,0,polar
13935883,63217,,469.1826959130867,26.0,436400000.0,51.721268,5.029,bad,UHF,948.7013319443136,144.78806826652448,0.11544251266841725,0.0027512357547236003,32.24704567566715,0,polar
13935877,63217,,469.1826959130867,26.0,436400000.0,51.721268,5.029968,bad,UHF,948.7013319443136,144.78806826652448,0.11544251266841725,0.0027512357547236003,32.24704567566715,0,polar
13935876,43440,,492.6948797459936,11.0,401440000.0,51.721268,5.029968,bad,UHF,1612.9768643561094,148.67275886439214,0.2621679334419325,0.00632078362188973,28.212060109158784,0,polar
13935882,61781,,461.0974337214411,25.0,435400000.0,51.721268,5.029,bad,UHF,959.6584562041526,144.8678856063957,0.1197061380916849,0.0028537866961018503,32.162862159431256,0,polar
13933763,40012,,604.3384074273326,32.0,437421500.0,-8.7356,115.1948,bad,UHF,1035.760773772935,145.57097492117867,0.09553095175718765,0.012920116729206753,31.473881700949676,0,tropical
13934551,25544,,419.6307747912688,23.0,145800000.0,-33.933,151.058,bad,VHF,934.1966931646521,135.13170021461715,0.10627939173217586,0.008950967179402807,38.90637711708602,0,temperate
13934311,40974,BISONSAT,520.5738840995682,16.0,437375500.0,51.4901,3.8236,bad,UHF,1404.5932234174052,148.2158836371388,0.1836577079690516,0.004375540351961674,28.749390805154945,0,polar
13935712,40974,BISONSAT,520.5738840995682,17.0,437375500.0,51.721268,5.029968,bad,UHF,1358.4119395512869,147.92550206287933,0.17314577362404804,0.004125099499724285,29.050534754611647,0,polar
13934310,27848,CUBESAT XI-IV (CO-57),813.2248575014492,19.0,437490000.0,51.4901,3.8236,bad,UHF,1841.00413829922,150.56824112683086,0.15549688334150424,0.0037044850866825487,26.425865195355726,0,polar
13935704,44408,,380.01522461782315,36.0,400500000.0,51.721268,5.029,bad,UHF,615.2893843182073,140.2814220743603,0.08507925834867652,0.0020518758648357155,36.78475448204094,0,polar
13936062,59117,,458.6756181443179,38.0,401050000.0,-5.362,105.311,bad,UHF,707.9784545307252,141.5121544609297,0.08124188698593314,0.011120752272710907,35.54879059042639,0,tropical
13933761,44530,,656.1292369809689,31.0,435840000.0,-8.7356,115.1948,bad,UHF,1141.2323466270159,146.38180639234153,0.09823998612562695,0.013293422534137988,30.659967889613455,0,tropical
13933719,48274,,378.647425336193,81.0,436510000.0,-8.7356,115.1948,bad,UHF,383.09821931382976,136.91386983659453,0.05123934131844214,0.006931962714901434,40.18126654998689,0,tropical
13934550,43678,,566.2535568738604,61.0,145900000.0,-33.933,151.058,bad,VHF,639.5111038769292,131.84585085107673,0.04748349443877898,0.003998791107185853,42.25597455399206,0,temperate
13935708,60209,,392.7027015479098,23.0,435800000.0,51.721268,5.029968,bad,UHF,880.4563768041103,144.1276846046984,0.12949228504597027,0.003086681057504754,32.893044119812856,0,polar
13935867,98457,,514.0635395582931,34.0,401510000.0,33.797628,-79.159123,good,UHF,854.0805994659922,143.15168768610664,0.08945958783842764,0.006254409677538892,33.905906006992126,1,temperate
13934463,63235,,495.8572977365284,48.0,400496500.0,52.74,-6.89,good,UHF,648.7774457544601,140.74167259438875,0.0672927715911563,0.0016229170029011858,36.34271940763195,1,polar
13936735,43880,,436.8412097157052,68.0,435599000.0,42.99996628871616,24.930953710839745,good,UHF,468.70854247223997,138.64757808046252,0.054566649772288825,0.0037720906051719677,38.44739086977478,1,temperate
13934462,63235,,495.8572977365284,59.0,400496500.0,51.904,-8.664,good,UHF,571.1376247374728,139.63457314434368,0.058341323752128485,0.0014070326433327572,37.45898618987562,1,polar
13936676,62715,,585.2259758810051,90.0,401530000.0,63.854,20.208,good,UHF,585.2259758810051,139.86861508800024,0.0500255,0.0012060623728852977,37.23346104024162,1,polar
13934470,63235,,495.8572977365284,24.0,400496500.0,43.5649,1.4751,good,UHF,1052.8526813690642,144.9471098736174,0.1229500116385638,0.008598737208997235,32.074649068149824,1,temperate
13928753,57175,,481.7631162633661,80.0,436990000.0,50.77,-2.02,good,UHF,488.6621526619174,139.03738727362625,0.05139734110051482,0.0012246678290217998,38.06329840805897,1,polar
13925585,57175,,481.7631162633661,21.0,436990000.0,48.363,10.312,good,UHF,1120.4676349917204,146.24519952403332,0.14124170441085082,0.009759303284560083,30.757107158886015,1,temperate
13936477,57175,,481.7631162633661,40.0,436990000.0,51.721268,5.029968,good,UHF,715.3818272796561,142.34797127015617,0.07874529508228008,0.001876299970177465,34.724714825406124,1,polar
13931120,57175,,481.7631162633661,21.0,436990000.0,52.512,13.327,good,UHF,1120.4676349917204,146.24519952403332,0.14124170441085082,0.003365430347260568,30.763501031823324,1,polar
13925556,57175,,481.7631162633661,8.0,436990000.0,53.91,27.09,good,UHF,1789.1888981669108,150.3103370918833,0.36369456202979905,0.008665915788075794,26.47061012091359,1,polar
13937393,39086,,782.2412474129687,76.0,465988000.0,-34.747,-58.333,good,UHF,803.4689320354719,143.91465965051066,0.052664150337053926,0.003604490272776574,33.182379399494266,1,temperate
13931136,57166,,811.7137315693353,14.0,137900000.0,47.9183,19.8933,good,VHF,2116.7984110754323,141.7526585624141,0.17056469085219092,0.0144568208611677,32.215627616487296,1,temperate
13935668,39086,,782.2412474129687,81.0,465988000.0,-38.28,-57.854,good,UHF,790.9096393592672,143.77781525419863,0.05173676543474179,0.003541017306097911,33.32021465367529,1,temperate
13936490,63217,,469.1826959130867,28.0,436400000.0,51.721268,5.029968,good,UHF,900.6827653677924,144.33691511152568,0.1077949564535106,0.002568978546279574,32.70602864408926,1,polar
13936672,98492,,587.5337487022234,74.0,436650000.0,63.854,20.208,good,UHF,609.105842673669,140.94430781911453,0.05265042136515223,0.0012546660061264802,36.155094784128934,1,polar
13936654,57197,,460.16021298554824,29.0,401523000.0,59.589261,150.832095,good,UHF,862.9749372463866,143.24195543267263,0.10318562430323658,0.0024877030539791766,33.80567893058492,1,polar
13933772,41789,,663.5406803610595,69.0,437646970.0,-8.7356,115.1948,good,UHF,705.8797011072693,142.2448756048554,0.05422933907253651,0.007333721398419748,34.846869025288385,1,tropical
13932742,57172,,505.06217913152705,47.0,437625000.0,50.469,5.718,good,UHF,669.8346685901661,141.78917812809163,0.06922380131699368,0.0016490822022438012,35.29325667900386,1,polar
13935350,46907,,493.6946668929286,37.0,401090000.0,-38.28,-57.854,good,UHF,774.0464881906769,142.28796079926238,0.08311219351868789,0.005811455966586745,34.77642324186709,1,temperate
13936557,40974,BISONSAT,520.5738840995682,24.0,437375500.0,40.44,-3.8,good,UHF,1099.2273343692132,146.08662264935387,0.12446118603227449,0.008598737208997235,30.93362511801962,1,temperate
13936494,63215,,467.7939352753601,47.0,436400000.0,51.721268,5.029968,good,UHF,621.6595286646752,141.11652995639912,0.06919588504799624,0.0016490822022438012,35.96593276696538,1,polar
13936585,40974,BISONSAT,520.5674914086931,70.0,437375500.0,53.109,6.108,good,UHF,551.2343144985425,140.09159715527636,0.05387179156271517,0.001283464769444089,37.006555279006236,1,polar
13934316,40974,BISONSAT,520.5738840995682,68.0,437375500.0,51.4901,3.8236,good,UHF,558.0402340727424,140.19818250545936,0.0545985833884616,0.00130078017099296,36.899225821595934,1,polar
13936488,40974,BISONSAT,520.5738840995682,63.0,437375500.0,51.721268,5.029968,good,UHF,578.6382536381288,140.51301508859615,0.05681543695329643,0.0013535954453127257,36.582123569619995,1,polar
13935349,46914,,494.30083110808755,39.0,401060080.0,-38.28,-57.854,good,UHF,746.4755940527411,141.97228420555606,0.07947886118318861,0.005557457785920593,35.09598716608957,1,temperate
13933771,98457,,514.0635395582931,79.0,401510000.0,-8.7356,115.1948,good,UHF,522.9492333482822,138.89090116049476,0.05096147245125042,0.0069747648255845136,38.204470292843155,1,tropical
13936493,63237,,474.6854839275593,51.0,436400000.0,51.721268,5.029968,good,UHF,597.520684966602,140.7725369458802,0.06511861243130022,0.001551912295373969,36.31410022000787,1,polar
13932741,63237,,474.6854839275593,49.0,436400000.0,50.469,5.718,good,UHF,613.2995711029989,140.99893127968355,0.06705449088340551,0.0015980483148621183,36.08572387173294,1,polar
13936570,32785,CUTE-1.7+APD II (CO-65),539.3248681594314,77.0,437274600.0,33.797628,-79.159123,good,UHF,552.3659092837452,140.10740558768822,0.051952789974608844,0.00358941805939963,36.99035989489252,1,temperate
13936713,67290,,493.9101265296222,87.0,437350000.0,47.25833,16.60462,good,UHF,494.539135053019,139.14837913755548,0.05069197158527976,0.0035022211794867933,37.950734360294504,1,temperate
13936577,40086,,697.0771149316688,71.0,137250000.0,36.717165,-4.464836,good,VHF,732.9856336905732,132.4999395378565,0.043618039593273615,0.0036989453167132875,41.606051167848264,1,temperate
13927721,49263,,344.93083864068467,18.0,437250000.0,53.907,27.17,good,UHF,927.9546925527652,144.61291503051035,0.16381245774435396,0.003902899823761522,32.37267730253629,1,polar
13933770,98459,,513.9994733155818,84.0,401530000.0,-8.7356,115.1948,good,UHF,516.6180020298098,138.78553390771373,0.050301054439304695,0.006884331841093402,38.31058839662063,1,tropical
13926909,68460,,515.1444472635849,51.0,401200000.0,40.009,-105.249,good,UHF,647.3624733219658,140.73795211615794,0.06436371348597623,0.004500340580193772,36.34649152039064,1,temperate
13926902,68460,,514.9710410873886,5.0,401200000.0,42.28,-73.32,good,UHF,2116.808112578705,151.02863153409265,0.5739151365484062,0.04012841147145734,25.51063260850222,1,temperate
13927233,39472,,353.31180249740646,48.0,437478000.0,42.29361,-83.71195,good,UHF,465.7164367962414,138.62933890203243,0.06812216353765527,0.004706244849154102,38.45114038019551,1,temperate
13927206,39472,,353.31180249740646,48.0,437478000.0,42.293,-83.711,good,UHF,465.7164367962414,138.62933890203243,0.06812216353765527,0.004706244849154102,38.45114038019551,1,temperate
13936726,60524,,445.0574523267169,65.0,401540000.0,42.48304,23.445813,good,UHF,487.63188516209084,138.2842014234585,0.055197215981377966,0.003858977664214949,38.81005007351065,1,temperate
13933769,39086,,782.2413873379292,42.0,465988000.0,-8.7356,115.1948,good,UHF,1099.1813878819448,146.6366652017428,0.07636745280277153,0.010232111169155646,30.43004292490002,1,tropical
13936492,63214,,467.6839575111617,73.0,436400000.0,51.721268,5.029968,good,UHF,487.50152293156134,139.00499759524888,0.052918974156626275,0.0012611694811354845,38.09412995172811,1,polar
13936481,63216,,486.7794937849967,56.0,401357500.0,51.721268,5.029,good,UHF,577.9798904218951,139.75666544590334,0.060338188106280166,0.0014547740811894556,37.33484928252393,1,polar
13936473,63216,,486.7794937849967,56.0,401357500.0,51.721268,5.029968,good,UHF,577.9798904218951,139.75666544590334,0.060338188106280166,0.0014547740811894556,37.33484928252393,1,polar
13936576,5580,,888.4946011322327,11.0,137560000.0,36.717165,-4.464836,good,VHF,2471.4092787024447,143.0765200222021,0.2161952580830521,0.01832943724784388,30.842262973081773,1,temperate
13936547,60475,,496.31791526856705,79.0,401530000.0,38.65,20.74,good,UHF,504.9195678143269,138.58658723405077,0.050961812023482066,0.003562881678556305,38.512195762861936,1,temperate
13932321,43784,,487.5416538963318,80.0,437275000.0,50.7060925,2.8352674531249953,good,UHF,494.51744433851763,139.14650851399935,0.05140216437692127,0.0012246678290217998,37.95417234440946,1,polar
13933422,63214,,467.6839575111617,72.0,436400000.0,43.81477,4.06576,good,UHF,489.9911234240999,139.0492423104593,0.053210998294617916,0.003677406596931524,38.047176975263895,1,temperate
13936491,43784,,487.5416538963318,67.0,437275000.0,51.721268,5.029968,good,UHF,526.2995196742322,139.6875356642313,0.05499292025472785,0.0013102183745819988,37.409468887754144,1,polar
13928746,43784,,487.5416538963318,61.0,437275000.0,50.77,-2.02,good,UHF,551.4784221408217,140.0934466778371,0.0578780121083323,0.001378956320147354,37.00060404434916,1,polar
13927774,55104,,424.68021804115324,29.0,437325000.0,53.91,27.09,good,UHF,801.309973667117,143.33988028431892,0.10441641671139221,0.0024877030539791766,33.706523286530484,1,polar
13932739,43784,,487.5416538963318,58.0,437275000.0,50.469,5.718,good,UHF,567.138409301806,140.33665740630005,0.05969148475119353,0.0014221627032139864,36.7555366368603,1,polar
13936582,43784,,487.5416538963318,64.0,437275000.0,53.109,6.108,good,UHF,537.9327198928804,139.8774354141601,0.056321300979279655,0.0013418673364062929,37.21820910813898,1,polar
13936486,43784,,487.5416538963318,67.0,437275000.0,51.721268,5.029968,good,UHF,526.2995196742322,139.6875356642313,0.05499292025472785,0.0013102183745819988,37.409468887754144,1,polar
13936472,43784,,487.5416538963318,67.0,437275000.0,51.721268,5.029968,good,UHF,526.2995196742322,139.6875356642313,0.05499292025472785,0.0013102183745819988,37.409468887754144,1,polar
13936529,62709,,585.1427009513163,87.0,401520000.0,42.99996628871616,24.930953710839745,good,UHF,585.8781157634012,139.87807239855525,0.050093985399328,0.0035022211794867933,37.22163908548069,1,temperate
13936651,57204,SITRO-AIS 12 (SMIRENNIY),456.19073223545183,15.0,401349000.0,59.589261,150.832095,good,UHF,1307.6773455882649,146.8482389267362,0.1932720341871246,0.004659867176341542,30.10713686251509,1,polar
13936525,62709,,585.1427009513163,82.0,401520000.0,42.48304,23.445813,good,UHF,590.403649316996,139.94490753978423,0.050516960924434716,0.0035317926705674993,37.154351397235516,1,temperate
13936575,41183,,696.9780786457186,49.0,137288000.0,36.717165,-4.464836,good,VHF,891.4235296700044,134.20211665535842,0.05464742255048547,0.004634128940096609,39.891909483765744,1,temperate
13933767,46507,NETSAT-2,434.60322440155414,14.0,435600000.0,-8.7356,115.1948,good,UHF,1305.4413407761288,147.54468788026338,0.20913085691530447,0.028300947022497486,29.371188006413576,1,tropical
13935347,46912,,490.20282774055795,41.0,401030000.0,-38.28,-57.854,good,UHF,714.8463322767248,141.5955743320816,0.07623882067994583,0.005330955527675721,35.47616358232551,1,temperate
13936528,98518,,509.3836838253201,69.0,401496000.0,42.99996628871616,24.930953710839745,good,UHF,542.682130667703,139.21231810835712,0.053583956897026136,0.00374624553794562,37.88365937982266,1,temperate
13936524,98518,,509.3836838253201,81.0,401496000.0,42.48304,23.445813,good,UHF,515.2556725245295,138.76186331312576,0.05064850041986979,0.003541017306097911,38.337254859763036,1,temperate
13936335,63213,,467.2859585363003,74.0,436400000.0,53.109,6.108,good,UHF,484.76056797542697,138.95602377317726,0.052646086784169474,0.0012546660061264802,38.14338316464719,1,polar
13935889,63213,,467.2859585363003,61.0,436400000.0,51.721268,5.029968,good,UHF,528.782949971047,139.71102692724722,0.05786133819484249,0.001378956320147354,37.38304046885254,1,polar
13935885,63213,,467.2859585363003,61.0,436400000.0,51.721268,5.029,good,UHF,528.782949971047,139.71102692724722,0.05786133819484249,0.001378956320147354,37.38304046885254,1,polar
13935879,63213,,467.2859585363003,61.0,436400000.0,51.721268,5.029968,good,UHF,528.782949971047,139.71102692724722,0.05786133819484249,0.001378956320147354,37.38304046885254,1,polar
13935713,62083,,653.6538903280198,63.0,400639000.0,33.797628,-79.159123,good,UHF,724.9634906060837,141.70917040395238,0.056128264656148855,0.003925247921460921,35.38408377408476,1,temperate
13936553,43689,,820.2422986721886,27.0,465987500.0,40.44,-3.8,good,UHF,1522.5999581017245,149.4669848320877,0.11255696252671035,0.007703732807371461,27.56606216319301,1,temperate
13936326,43017,,530.6987426393534,31.0,145960000.0,36.717165,-4.464836,good,VHF,939.0544386722963,135.1862757122755,0.08063869842487492,0.006790607680197814,38.879602672234185,1,temperate
13936527,60472,,496.339573111597,55.0,401510000.0,42.99996628871616,24.930953710839745,good,UHF,595.5516765265584,140.0200995785878,0.061069452265223305,0.004269563302029241,37.06786909645969,1,temperate
13936363,57194,SITRO-AIS 7 (FARTUSHNIY),491.3527136666271,17.0,401199000.0,59.589261,150.832095,good,UHF,1295.3852169739787,146.7629587899968,0.17108353005899976,0.004125099499724285,30.215140271059227,1,polar
13936482,66673,,501.10582397294,30.0,400600000.0,51.721268,5.029,bad,UHF,911.3592994017208,143.69579470954142,0.10002000000000003,0.0024121247457705958,33.35508085632756,0,polar
13936474,66673,,501.10582397294,30.0,400600000.0,51.721268,5.029968,bad,UHF,911.3592994017208,143.69579470954142,0.10002000000000003,0.0024121247457705958,33.35508085632756,0,polar
13936487,50993,,475.9706516191036,70.0,437515000.0,51.721268,5.029968,bad,UHF,504.2083794714963,139.31984334524213,0.05387426577603618,0.001283464769444089,37.778306614827144,0,polar
13936480,43784,,487.5416538963318,67.0,437275000.0,51.721268,5.029,bad,UHF,526.2995196742322,139.6875356642313,0.05499292025472785,0.0013102183745819988,37.409468887754144,0,polar
13933768,44530,,656.1292369809689,12.0,435840000.0,-8.7356,115.1948,bad,UHF,1923.3387933426225,150.91544076623532,0.24335973188580037,0.032930417351805505,25.96157677514185,0,tropical
13933787,27848,CUBESAT XI-IV (CO-57),813.2248575014492,13.0,436848700.0,-8.7356,115.1948,bad,UHF,2183.7413865746285,152.03842827465533,0.2250007013642627,0.03043603761235311,24.85944267698281,0,tropical
13935731,43770,,488.90109466601643,79.0,145920000.0,49.45262,11.09435,bad,VHF,497.38358604662153,129.6639086254677,0.04230798348595335,0.003562881678556305,44.443528199982524,0,temperate
13933766,25397,,810.4486473732777,78.0,435225000.0,-8.7356,115.1948,bad,UHF,826.4547413988421,143.56644141248037,0.051717228867486816,0.006999576286658615,33.52814947298023,0,tropical
13935878,56192,,488.5349857191695,89.0,401415000.0,51.721268,5.029968,bad,UHF,488.60410770145063,138.2987974391116,0.050031203327931754,0.0012062460900073898,38.8032728020852,0,polar
13935884,35933,BEESAT-1,687.8941844436995,27.0,435950000.0,51.721268,5.029,bad,UHF,1303.5224086024105,147.5388868906989,0.11145424121362735,0.002656580641174678,29.50030997806104,0,polar
13935883,63217,,469.1826959130867,26.0,436400000.0,51.721268,5.029,bad,UHF,948.7013319443136,144.78806826652448,0.11544251266841725,0.0027512357547236003,32.24704567566715,0,polar
13935877,63217,,469.1826959130867,26.0,436400000.0,51.721268,5.029968,bad,UHF,948.7013319443136,144.78806826652448,0.11544251266841725,0.0027512357547236003,32.24704567566715,0,polar
13935876,43440,,492.6948797459936,11.0,401440000.0,51.721268,5.029968,bad,UHF,1612.9768643561094,148.67275886439214,0.2621679334419325,0.00632078362188973,28.212060109158784,0,polar
13935882,61781,,461.0974337214411,25.0,435400000.0,51.721268,5.029,bad,UHF,959.6584562041526,144.8678856063957,0.1197061380916849,0.0028537866961018503,32.162862159431256,0,polar
13933763,40012,,604.3384074273326,32.0,437421500.0,-8.7356,115.1948,bad,UHF,1035.760773772935,145.57097492117867,0.09553095175718765,0.012920116729206753,31.473881700949676,0,tropical
13934551,25544,,419.6307747912688,23.0,145800000.0,-33.933,151.058,bad,VHF,934.1966931646521,135.13170021461715,0.10627939173217586,0.008950967179402807,38.90637711708602,0,temperate
13934311,40974,BISONSAT,520.5738840995682,16.0,437375500.0,51.4901,3.8236,bad,UHF,1404.5932234174052,148.2158836371388,0.1836577079690516,0.004375540351961674,28.749390805154945,0,polar
13935712,40974,BISONSAT,520.5738840995682,17.0,437375500.0,51.721268,5.029968,bad,UHF,1358.4119395512869,147.92550206287933,0.17314577362404804,0.004125099499724285,29.050534754611647,0,polar
13934310,27848,CUBESAT XI-IV (CO-57),813.2248575014492,19.0,437490000.0,51.4901,3.8236,bad,UHF,1841.00413829922,150.56824112683086,0.15549688334150424,0.0037044850866825487,26.425865195355726,0,polar
13935704,44408,,380.01522461782315,36.0,400500000.0,51.721268,5.029,bad,UHF,615.2893843182073,140.2814220743603,0.08507925834867652,0.0020518758648357155,36.78475448204094,0,polar
13936062,59117,,458.6756181443179,38.0,401050000.0,-5.362,105.311,bad,UHF,707.9784545307252,141.5121544609297,0.08124188698593314,0.011120752272710907,35.54879059042639,0,tropical
13933761,44530,,656.1292369809689,31.0,435840000.0,-8.7356,115.1948,bad,UHF,1141.2323466270159,146.38180639234153,0.09823998612562695,0.013293422534137988,30.659967889613455,0,tropical
13933719,48274,,378.647425336193,81.0,436510000.0,-8.7356,115.1948,bad,UHF,383.09821931382976,136.91386983659453,0.05123934131844214,0.006931962714901434,40.18126654998689,0,tropical
13934550,43678,,566.2535568738604,61.0,145900000.0,-33.933,151.058,bad,VHF,639.5111038769292,131.84585085107673,0.04748349443877898,0.003998791107185853,42.25597455399206,0,temperate
13935708,60209,,392.7027015479098,23.0,435800000.0,51.721268,5.029968,bad,UHF,880.4563768041103,144.1276846046984,0.12949228504597027,0.003086681057504754,32.893044119812856,0,polar
13935867,98457,,514.0635395582931,34.0,401510000.0,33.797628,-79.159123,good,UHF,854.0805994659922,143.15168768610664,0.08945958783842764,0.006254409677538892,33.905906006992126,1,temperate
13934463,63235,,495.8572977365284,48.0,400496500.0,52.74,-6.89,good,UHF,648.7774457544601,140.74167259438875,0.0672927715911563,0.0016229170029011858,36.34271940763195,1,polar
13936735,43880,,436.8412097157052,68.0,435599000.0,42.99996628871616,24.930953710839745,good,UHF,468.70854247223997,138.64757808046252,0.054566649772288825,0.0037720906051719677,38.44739086977478,1,temperate
13934462,63235,,495.8572977365284,59.0,400496500.0,51.904,-8.664,good,UHF,571.1376247374728,139.63457314434368,0.058341323752128485,0.0014070326433327572,37.45898618987562,1,polar
13936731,43880,,436.8412097157052,85.0,435599000.0,42.48304,23.445813,good,UHF,438.40234889472777,138.06697815083504,0.05078657491711246,0.00351078108905616,39.03203218377354,1,temperate
13936676,62715,,585.2259758810051,90.0,401530000.0,63.854,20.208,good,UHF,585.2259758810051,139.86861508800024,0.0500255,0.0012060623728852977,37.23346104024162,1,polar
13934470,63235,,495.8572977365284,24.0,400496500.0,43.5649,1.4751,good,UHF,1052.8526813690642,144.9471098736174,0.1229500116385638,0.008598737208997235,32.074649068149824,1,temperate
13928753,57175,,481.7631162633661,80.0,436990000.0,50.77,-2.02,good,UHF,488.6621526619174,139.03738727362625,0.05139734110051482,0.0012246678290217998,38.06329840805897,1,polar
13925585,57175,,481.7631162633661,21.0,436990000.0,48.363,10.312,good,UHF,1120.4676349917204,146.24519952403332,0.14124170441085082,0.009759303284560083,30.757107158886015,1,temperate
13936477,57175,,481.7631162633661,40.0,436990000.0,51.721268,5.029968,good,UHF,715.3818272796561,142.34797127015617,0.07874529508228008,0.001876299970177465,34.724714825406124,1,polar
13931120,57175,,481.7631162633661,21.0,436990000.0,52.512,13.327,good,UHF,1120.4676349917204,146.24519952403332,0.14124170441085082,0.003365430347260568,30.763501031823324,1,polar
13925556,57175,,481.7631162633661,8.0,436990000.0,53.91,27.09,good,UHF,1789.1888981669108,150.3103370918833,0.36369456202979905,0.008665915788075794,26.47061012091359,1,polar
13937393,39086,,782.2412474129687,76.0,465988000.0,-34.747,-58.333,good,UHF,803.4689320354719,143.91465965051066,0.052664150337053926,0.003604490272776574,33.182379399494266,1,temperate
13931136,57166,,811.7137315693353,14.0,137900000.0,47.9183,19.8933,good,VHF,2116.7984110754323,141.7526585624141,0.17056469085219092,0.0144568208611677,32.215627616487296,1,temperate
13935668,39086,,782.2412474129687,81.0,465988000.0,-38.28,-57.854,good,UHF,790.9096393592672,143.77781525419863,0.05173676543474179,0.003541017306097911,33.32021465367529,1,temperate
13936490,63217,,469.1826959130867,28.0,436400000.0,51.721268,5.029968,good,UHF,900.6827653677924,144.33691511152568,0.1077949564535106,0.002568978546279574,32.70602864408926,1,polar
13936672,98492,,587.5337487022234,74.0,436650000.0,63.854,20.208,good,UHF,609.105842673669,140.94430781911453,0.05265042136515223,0.0012546660061264802,36.155094784128934,1,polar
13936654,57197,,460.16021298554824,29.0,401523000.0,59.589261,150.832095,good,UHF,862.9749372463866,143.24195543267263,0.10318562430323658,0.0024877030539791766,33.80567893058492,1,polar
13933772,41789,,663.5406803610595,69.0,437646970.0,-8.7356,115.1948,good,UHF,705.8797011072693,142.2448756048554,0.05422933907253651,0.007333721398419748,34.846869025288385,1,tropical
13932742,57172,,505.06217913152705,47.0,437625000.0,50.469,5.718,good,UHF,669.8346685901661,141.78917812809163,0.06922380131699368,0.0016490822022438012,35.29325667900386,1,polar
13935350,46907,,493.6946668929286,37.0,401090000.0,-38.28,-57.854,good,UHF,774.0464881906769,142.28796079926238,0.08311219351868789,0.005811455966586745,34.77642324186709,1,temperate
13936557,40974,BISONSAT,520.5738840995682,24.0,437375500.0,40.44,-3.8,good,UHF,1099.2273343692132,146.08662264935387,0.12446118603227449,0.008598737208997235,30.93362511801962,1,temperate
13936494,63215,,467.7939352753601,47.0,436400000.0,51.721268,5.029968,good,UHF,621.6595286646752,141.11652995639912,0.06919588504799624,0.0016490822022438012,35.96593276696538,1,polar
13936585,40974,BISONSAT,520.5674914086931,70.0,437375500.0,53.109,6.108,good,UHF,551.2343144985425,140.09159715527636,0.05387179156271517,0.001283464769444089,37.006555279006236,1,polar
13934316,40974,BISONSAT,520.5738840995682,68.0,437375500.0,51.4901,3.8236,good,UHF,558.0402340727424,140.19818250545936,0.0545985833884616,0.00130078017099296,36.899225821595934,1,polar
13936488,40974,BISONSAT,520.5738840995682,63.0,437375500.0,51.721268,5.029968,good,UHF,578.6382536381288,140.51301508859615,0.05681543695329643,0.0013535954453127257,36.582123569619995,1,polar
13935349,46914,,494.30083110808755,39.0,401060080.0,-38.28,-57.854,good,UHF,746.4755940527411,141.97228420555606,0.07947886118318861,0.005557457785920593,35.09598716608957,1,temperate
13933771,98457,,514.0635395582931,79.0,401510000.0,-8.7356,115.1948,good,UHF,522.9492333482822,138.89090116049476,0.05096147245125042,0.0069747648255845136,38.204470292843155,1,tropical
13936493,63237,,474.6854839275593,51.0,436400000.0,51.721268,5.029968,good,UHF,597.520684966602,140.7725369458802,0.06511861243130022,0.001551912295373969,36.31410022000787,1,polar
13932741,63237,,474.6854839275593,49.0,436400000.0,50.469,5.718,good,UHF,613.2995711029989,140.99893127968355,0.06705449088340551,0.0015980483148621183,36.08572387173294,1,polar
13936570,32785,CUTE-1.7+APD II (CO-65),539.3248681594314,77.0,437274600.0,33.797628,-79.159123,good,UHF,552.3659092837452,140.10740558768822,0.051952789974608844,0.00358941805939963,36.99035989489252,1,temperate
13936713,67290,,493.9101265296222,87.0,437350000.0,47.25833,16.60462,good,UHF,494.539135053019,139.14837913755548,0.05069197158527976,0.0035022211794867933,37.950734360294504,1,temperate
13936577,40086,,697.0771149316688,71.0,137250000.0,36.717165,-4.464836,good,VHF,732.9856336905732,132.4999395378565,0.043618039593273615,0.0036989453167132875,41.606051167848264,1,temperate
13927721,49263,,344.93083864068467,18.0,437250000.0,53.907,27.17,good,UHF,927.9546925527652,144.61291503051035,0.16381245774435396,0.003902899823761522,32.37267730253629,1,polar
13933770,98459,,513.9994733155818,84.0,401530000.0,-8.7356,115.1948,good,UHF,516.6180020298098,138.78553390771373,0.050301054439304695,0.006884331841093402,38.31058839662063,1,tropical
13926909,68460,,515.1444472635849,51.0,401200000.0,40.009,-105.249,good,UHF,647.3624733219658,140.73795211615794,0.06436371348597623,0.004500340580193772,36.34649152039064,1,temperate
13926902,68460,,514.9710410873886,5.0,401200000.0,42.28,-73.32,good,UHF,2116.808112578705,151.02863153409265,0.5739151365484062,0.04012841147145734,25.51063260850222,1,temperate
13927233,39472,,353.31180249740646,48.0,437478000.0,42.29361,-83.71195,good,UHF,465.7164367962414,138.62933890203243,0.06812216353765527,0.004706244849154102,38.45114038019551,1,temperate
13927206,39472,,353.31180249740646,48.0,437478000.0,42.293,-83.711,good,UHF,465.7164367962414,138.62933890203243,0.06812216353765527,0.004706244849154102,38.45114038019551,1,temperate
13936726,60524,,445.0574523267169,65.0,401540000.0,42.48304,23.445813,good,UHF,487.63188516209084,138.2842014234585,0.055197215981377966,0.003858977664214949,38.81005007351065,1,temperate
13933769,39086,,782.2413873379292,42.0,465988000.0,-8.7356,115.1948,good,UHF,1099.1813878819448,146.6366652017428,0.07636745280277153,0.010232111169155646,30.43004292490002,1,tropical
13936492,63214,,467.6839575111617,73.0,436400000.0,51.721268,5.029968,good,UHF,487.50152293156134,139.00499759524888,0.052918974156626275,0.0012611694811354845,38.09412995172811,1,polar
13936481,63216,,486.7794937849967,56.0,401357500.0,51.721268,5.029,good,UHF,577.9798904218951,139.75666544590334,0.060338188106280166,0.0014547740811894556,37.33484928252393,1,polar
13936473,63216,,486.7794937849967,56.0,401357500.0,51.721268,5.029968,good,UHF,577.9798904218951,139.75666544590334,0.060338188106280166,0.0014547740811894556,37.33484928252393,1,polar
13936576,5580,,888.4946011322327,11.0,137560000.0,36.717165,-4.464836,good,VHF,2471.4092787024447,143.0765200222021,0.2161952580830521,0.01832943724784388,30.842262973081773,1,temperate
13936547,60475,,496.31791526856705,79.0,401530000.0,38.65,20.74,good,UHF,504.9195678143269,138.58658723405077,0.050961812023482066,0.003562881678556305,38.512195762861936,1,temperate
13932321,43784,,487.5416538963318,80.0,437275000.0,50.7060925,2.8352674531249953,good,UHF,494.51744433851763,139.14650851399935,0.05140216437692127,0.0012246678290217998,37.95417234440946,1,polar
13933422,63214,,467.6839575111617,72.0,436400000.0,43.81477,4.06576,good,UHF,489.9911234240999,139.0492423104593,0.053210998294617916,0.003677406596931524,38.047176975263895,1,temperate
13936491,43784,,487.5416538963318,67.0,437275000.0,51.721268,5.029968,good,UHF,526.2995196742322,139.6875356642313,0.05499292025472785,0.0013102183745819988,37.409468887754144,1,polar
13928746,43784,,487.5416538963318,61.0,437275000.0,50.77,-2.02,good,UHF,551.4784221408217,140.0934466778371,0.0578780121083323,0.001378956320147354,37.00060404434916,1,polar
13927774,55104,,424.68021804115324,29.0,437325000.0,53.91,27.09,good,UHF,801.309973667117,143.33988028431892,0.10441641671139221,0.0024877030539791766,33.706523286530484,1,polar
13932739,43784,,487.5416538963318,58.0,437275000.0,50.469,5.718,good,UHF,567.138409301806,140.33665740630005,0.05969148475119353,0.0014221627032139864,36.7555366368603,1,polar
13936582,43784,,487.5416538963318,64.0,437275000.0,53.109,6.108,good,UHF,537.9327198928804,139.8774354141601,0.056321300979279655,0.0013418673364062929,37.21820910813898,1,polar
13936486,43784,,487.5416538963318,67.0,437275000.0,51.721268,5.029968,good,UHF,526.2995196742322,139.6875356642313,0.05499292025472785,0.0013102183745819988,37.409468887754144,1,polar
13936472,43784,,487.5416538963318,67.0,437275000.0,51.721268,5.029968,good,UHF,526.2995196742322,139.6875356642313,0.05499292025472785,0.0013102183745819988,37.409468887754144,1,polar
13936529,62709,,585.1427009513163,87.0,401520000.0,42.99996628871616,24.930953710839745,good,UHF,585.8781157634012,139.87807239855525,0.050093985399328,0.0035022211794867933,37.22163908548069,1,temperate
13936651,57204,SITRO-AIS 12 (SMIRENNIY),456.19073223545183,15.0,401349000.0,59.589261,150.832095,good,UHF,1307.6773455882649,146.8482389267362,0.1932720341871246,0.004659867176341542,30.10713686251509,1,polar
13936525,62709,,585.1427009513163,82.0,401520000.0,42.48304,23.445813,good,UHF,590.403649316996,139.94490753978423,0.050516960924434716,0.0035317926705674993,37.154351397235516,1,temperate
13936575,41183,,696.9780786457186,49.0,137288000.0,36.717165,-4.464836,good,VHF,891.4235296700044,134.20211665535842,0.05464742255048547,0.004634128940096609,39.891909483765744,1,temperate
13933767,46507,NETSAT-2,434.60322440155414,14.0,435600000.0,-8.7356,115.1948,good,UHF,1305.4413407761288,147.54468788026338,0.20913085691530447,0.028300947022497486,29.371188006413576,1,tropical
13935347,46912,,490.20282774055795,41.0,401030000.0,-38.28,-57.854,good,UHF,714.8463322767248,141.5955743320816,0.07623882067994583,0.005330955527675721,35.47616358232551,1,temperate
13936528,98518,,509.3836838253201,69.0,401496000.0,42.99996628871616,24.930953710839745,good,UHF,542.682130667703,139.21231810835712,0.053583956897026136,0.00374624553794562,37.88365937982266,1,temperate
13936524,98518,,509.3836838253201,81.0,401496000.0,42.48304,23.445813,good,UHF,515.2556725245295,138.76186331312576,0.05064850041986979,0.003541017306097911,38.337254859763036,1,temperate
13936335,63213,,467.2859585363003,74.0,436400000.0,53.109,6.108,good,UHF,484.76056797542697,138.95602377317726,0.052646086784169474,0.0012546660061264802,38.14338316464719,1,polar
13935889,63213,,467.2859585363003,61.0,436400000.0,51.721268,5.029968,good,UHF,528.782949971047,139.71102692724722,0.05786133819484249,0.001378956320147354,37.38304046885254,1,polar
13935885,63213,,467.2859585363003,61.0,436400000.0,51.721268,5.029,good,UHF,528.782949971047,139.71102692724722,0.05786133819484249,0.001378956320147354,37.38304046885254,1,polar
13935879,63213,,467.2859585363003,61.0,436400000.0,51.721268,5.029968,good,UHF,528.782949971047,139.71102692724722,0.05786133819484249,0.001378956320147354,37.38304046885254,1,polar
13935713,62083,,653.6538903280198,63.0,400639000.0,33.797628,-79.159123,good,UHF,724.9634906060837,141.70917040395238,0.056128264656148855,0.003925247921460921,35.38408377408476,1,temperate
13936553,43689,,820.2422986721886,27.0,465987500.0,40.44,-3.8,good,UHF,1522.5999581017245,149.4669848320877,0.11255696252671035,0.007703732807371461,27.56606216319301,1,temperate
13936326,43017,,530.6987426393534,31.0,145960000.0,36.717165,-4.464836,good,VHF,939.0544386722963,135.1862757122755,0.08063869842487492,0.006790607680197814,38.879602672234185,1,temperate
13936527,60472,,496.339573111597,55.0,401510000.0,42.99996628871616,24.930953710839745,good,UHF,595.5516765265584,140.0200995785878,0.061069452265223305,0.004269563302029241,37.06786909645969,1,temperate
13936363,57194,SITRO-AIS 7 (FARTUSHNIY),491.3527136666271,17.0,401199000.0,59.589261,150.832095,good,UHF,1295.3852169739787,146.7629587899968,0.17108353005899976,0.004125099499724285,30.215140271059227,1,polar
13936482,66673,,501.10582397294,30.0,400600000.0,51.721268,5.029,bad,UHF,911.3592994017208,143.69579470954142,0.10002000000000003,0.0024121247457705958,33.35508085632756,0,polar
13936474,66673,,501.10582397294,30.0,400600000.0,51.721268,5.029968,bad,UHF,911.3592994017208,143.69579470954142,0.10002000000000003,0.0024121247457705958,33.35508085632756,0,polar
13936487,50993,,475.9706516191036,70.0,437515000.0,51.721268,5.029968,bad,UHF,504.2083794714963,139.31984334524213,0.05387426577603618,0.001283464769444089,37.778306614827144,0,polar
13936480,43784,,487.5416538963318,67.0,437275000.0,51.721268,5.029,bad,UHF,526.2995196742322,139.6875356642313,0.05499292025472785,0.0013102183745819988,37.409468887754144,0,polar
13933768,44530,,656.1292369809689,12.0,435840000.0,-8.7356,115.1948,bad,UHF,1923.3387933426225,150.91544076623532,0.24335973188580037,0.032930417351805505,25.96157677514185,0,tropical
13933787,27848,CUBESAT XI-IV (CO-57),813.2248575014492,13.0,436848700.0,-8.7356,115.1948,bad,UHF,2183.7413865746285,152.03842827465533,0.2250007013642627,0.03043603761235311,24.85944267698281,0,tropical
13935731,43770,,488.90109466601643,79.0,145920000.0,49.45262,11.09435,bad,VHF,497.38358604662153,129.6639086254677,0.04230798348595335,0.003562881678556305,44.443528199982524,0,temperate
13933766,25397,,810.4486473732777,78.0,435225000.0,-8.7356,115.1948,bad,UHF,826.4547413988421,143.56644141248037,0.051717228867486816,0.006999576286658615,33.52814947298023,0,tropical
13935878,56192,,488.5349857191695,89.0,401415000.0,51.721268,5.029968,bad,UHF,488.60410770145063,138.2987974391116,0.050031203327931754,0.0012062460900073898,38.8032728020852,0,polar
13935884,35933,BEESAT-1,687.8941844436995,27.0,435950000.0,51.721268,5.029,bad,UHF,1303.5224086024105,147.5388868906989,0.11145424121362735,0.002656580641174678,29.50030997806104,0,polar
13935883,63217,,469.1826959130867,26.0,436400000.0,51.721268,5.029,bad,UHF,948.7013319443136,144.78806826652448,0.11544251266841725,0.0027512357547236003,32.24704567566715,0,polar
13935877,63217,,469.1826959130867,26.0,436400000.0,51.721268,5.029968,bad,UHF,948.7013319443136,144.78806826652448,0.11544251266841725,0.0027512357547236003,32.24704567566715,0,polar
13935876,43440,,492.6948797459936,11.0,401440000.0,51.721268,5.029968,bad,UHF,1612.9768643561094,148.67275886439214,0.2621679334419325,0.00632078362188973,28.212060109158784,0,polar
13935882,61781,,461.0974337214411,25.0,435400000.0,51.721268,5.029,bad,UHF,959.6584562041526,144.8678856063957,0.1197061380916849,0.0028537866961018503,32.162862159431256,0,polar
13933763,40012,,604.3384074273326,32.0,437421500.0,-8.7356,115.1948,bad,UHF,1035.760773772935,145.57097492117867,0.09553095175718765,0.012920116729206753,31.473881700949676,0,tropical
13934551,25544,,419.6307747912688,23.0,145800000.0,-33.933,151.058,bad,VHF,934.1966931646521,135.13170021461715,0.10627939173217586,0.008950967179402807,38.90637711708602,0,temperate
13934311,40974,BISONSAT,520.5738840995682,16.0,437375500.0,51.4901,3.8236,bad,UHF,1404.5932234174052,148.2158836371388,0.1836577079690516,0.004375540351961674,28.749390805154945,0,polar
13935712,40974,BISONSAT,520.5738840995682,17.0,437375500.0,51.721268,5.029968,bad,UHF,1358.4119395512869,147.92550206287933,0.17314577362404804,0.004125099499724285,29.050534754611647,0,polar
13934310,27848,CUBESAT XI-IV (CO-57),813.2248575014492,19.0,437490000.0,51.4901,3.8236,bad,UHF,1841.00413829922,150.56824112683086,0.15549688334150424,0.0037044850866825487,26.425865195355726,0,polar
13935704,44408,,380.01522461782315,36.0,400500000.0,51.721268,5.029,bad,UHF,615.2893843182073,140.2814220743603,0.08507925834867652,0.0020518758648357155,36.78475448204094,0,polar
13936062,59117,,458.6756181443179,38.0,401050000.0,-5.362,105.311,bad,UHF,707.9784545307252,141.5121544609297,0.08124188698593314,0.011120752272710907,35.54879059042639,0,tropical
13933761,44530,,656.1292369809689,31.0,435840000.0,-8.7356,115.1948,bad,UHF,1141.2323466270159,146.38180639234153,0.09823998612562695,0.013293422534137988,30.659967889613455,0,tropical
13933719,48274,,378.647425336193,81.0,436510000.0,-8.7356,115.1948,bad,UHF,383.09821931382976,136.91386983659453,0.05123934131844214,0.006931962714901434,40.18126654998689,0,tropical
13934550,43678,,566.2535568738604,61.0,145900000.0,-33.933,151.058,bad,VHF,639.5111038769292,131.84585085107673,0.04748349443877898,0.003998791107185853,42.25597455399206,0,temperate
13935708,60209,,392.7027015479098,23.0,435800000.0,51.721268,5.029968,bad,UHF,880.4563768041103,144.1276846046984,0.12949228504597027,0.003086681057504754,32.893044119812856,0,polar
13935867,98457,,514.0635395582931,34.0,401510000.0,33.797628,-79.159123,good,UHF,854.0805994659922,143.15168768610664,0.08945958783842764,0.006254409677538892,33.905906006992126,1,temperate
13934463,63235,,495.8572977365284,48.0,400496500.0,52.74,-6.89,good,UHF,648.7774457544601,140.74167259438875,0.0672927715911563,0.0016229170029011858,36.34271940763195,1,polar
13936735,43880,,436.8412097157052,68.0,435599000.0,42.99996628871616,24.930953710839745,good,UHF,468.70854247223997,138.64757808046252,0.054566649772288825,0.0037720906051719677,38.44739086977478,1,temperate
13934462,63235,,495.8572977365284,59.0,400496500.0,51.904,-8.664,good,UHF,571.1376247374728,139.63457314434368,0.058341323752128485,0.0014070326433327572,37.45898618987562,1,polar
13936731,43880,,436.8412097157052,85.0,435599000.0,42.48304,23.445813,good,UHF,438.40234889472777,138.06697815083504,0.05078657491711246,0.00351078108905616,39.03203218377354,1,temperate
13936676,62715,,585.2259758810051,90.0,401530000.0,63.854,20.208,good,UHF,585.2259758810051,139.86861508800024,0.0500255,0.0012060623728852977,37.23346104024162,1,polar
13934470,63235,,495.8572977365284,24.0,400496500.0,43.5649,1.4751,good,UHF,1052.8526813690642,144.9471098736174,0.1229500116385638,0.008598737208997235,32.074649068149824,1,temperate
13928753,57175,,481.7631162633661,80.0,436990000.0,50.77,-2.02,good,UHF,488.6621526619174,139.03738727362625,0.05139734110051482,0.0012246678290217998,38.06329840805897,1,polar
13925585,57175,,481.7631162633661,21.0,436990000.0,48.363,10.312,good,UHF,1120.4676349917204,146.24519952403332,0.14124170441085082,0.009759303284560083,30.757107158886015,1,temperate
13936477,57175,,481.7631162633661,40.0,436990000.0,51.721268,5.029968,good,UHF,715.3818272796561,142.34797127015617,0.07874529508228008,0.001876299970177465,34.724714825406124,1,polar
13931120,57175,,481.7631162633661,21.0,436990000.0,52.512,13.327,good,UHF,1120.4676349917204,146.24519952403332,0.14124170441085082,0.003365430347260568,30.763501031823324,1,polar
13925556,57175,,481.7631162633661,8.0,436990000.0,53.91,27.09,good,UHF,1789.1888981669108,150.3103370918833,0.36369456202979905,0.008665915788075794,26.47061012091359,1,polar
13937393,39086,,782.2412474129687,76.0,465988000.0,-34.747,-58.333,good,UHF,803.4689320354719,143.91465965051066,0.052664150337053926,0.003604490272776574,33.182379399494266,1,temperate
13931136,57166,,811.7137315693353,14.0,137900000.0,47.9183,19.8933,good,VHF,2116.7984110754323,141.7526585624141,0.17056469085219092,0.0144568208611677,32.215627616487296,1,temperate
13935668,39086,,782.2412474129687,81.0,465988000.0,-38.28,-57.854,good,UHF,790.9096393592672,143.77781525419863,0.05173676543474179,0.003541017306097911,33.32021465367529,1,temperate
13936490,63217,,469.1826959130867,28.0,436400000.0,51.721268,5.029968,good,UHF,900.6827653677924,144.33691511152568,0.1077949564535106,0.002568978546279574,32.70602864408926,1,polar
13936672,98492,,587.5337487022234,74.0,436650000.0,63.854,20.208,good,UHF,609.105842673669,140.94430781911453,0.05265042136515223,0.0012546660061264802,36.155094784128934,1,polar
13936654,57197,,460.16021298554824,29.0,401523000.0,59.589261,150.832095,good,UHF,862.9749372463866,143.24195543267263,0.10318562430323658,0.0024877030539791766,33.80567893058492,1,polar
13933772,41789,,663.5406803610595,69.0,437646970.0,-8.7356,115.1948,good,UHF,705.8797011072693,142.2448756048554,0.05422933907253651,0.007333721398419748,34.846869025288385,1,tropical
13932742,57172,,505.06217913152705,47.0,437625000.0,50.469,5.718,good,UHF,669.8346685901661,141.78917812809163,0.06922380131699368,0.0016490822022438012,35.29325667900386,1,polar
13935350,46907,,493.6946668929286,37.0,401090000.0,-38.28,-57.854,good,UHF,774.0464881906769,142.28796079926238,0.08311219351868789,0.005811455966586745,34.77642324186709,1,temperate
13936557,40974,BISONSAT,520.5738840995682,24.0,437375500.0,40.44,-3.8,good,UHF,1099.2273343692132,146.08662264935387,0.12446118603227449,0.008598737208997235,30.93362511801962,1,temperate
13936494,63215,,467.7939352753601,47.0,436400000.0,51.721268,5.029968,good,UHF,621.6595286646752,141.11652995639912,0.06919588504799624,0.0016490822022438012,35.96593276696538,1,polar
13936585,40974,BISONSAT,520.5674914086931,70.0,437375500.0,53.109,6.108,good,UHF,551.2343144985425,140.09159715527636,0.05387179156271517,0.001283464769444089,37.006555279006236,1,polar
13934316,40974,BISONSAT,520.5738840995682,68.0,437375500.0,51.4901,3.8236,good,UHF,558.0402340727424,140.19818250545936,0.0545985833884616,0.00130078017099296,36.899225821595934,1,polar
13936488,40974,BISONSAT,520.5738840995682,63.0,437375500.0,51.721268,5.029968,good,UHF,578.6382536381288,140.51301508859615,0.05681543695329643,0.0013535954453127257,36.582123569619995,1,polar
13935349,46914,,494.30083110808755,39.0,401060080.0,-38.28,-57.854,good,UHF,746.4755940527411,141.97228420555606,0.07947886118318861,0.005557457785920593,35.09598716608957,1,temperate
13933771,98457,,514.0635395582931,79.0,401510000.0,-8.7356,115.1948,good,UHF,522.9492333482822,138.89090116049476,0.05096147245125042,0.0069747648255845136,38.204470292843155,1,tropical
13936493,63237,,474.6854839275593,51.0,436400000.0,51.721268,5.029968,good,UHF,597.520684966602,140.7725369458802,0.06511861243130022,0.001551912295373969,36.31410022000787,1,polar
13932741,63237,,474.6854839275593,49.0,436400000.0,50.469,5.718,good,UHF,613.2995711029989,140.99893127968355,0.06705449088340551,0.0015980483148621183,36.08572387173294,1,polar
13936570,32785,CUTE-1.7+APD II (CO-65),539.3248681594314,77.0,437274600.0,33.797628,-79.159123,good,UHF,552.3659092837452,140.10740558768822,0.051952789974608844,0.00358941805939963,36.99035989489252,1,temperate
13936713,67290,,493.9101265296222,87.0,437350000.0,47.25833,16.60462,good,UHF,494.539135053019,139.14837913755548,0.05069197158527976,0.0035022211794867933,37.950734360294504,1,temperate
13936577,40086,,697.0771149316688,71.0,137250000.0,36.717165,-4.464836,good,VHF,732.9856336905732,132.4999395378565,0.043618039593273615,0.0036989453167132875,41.606051167848264,1,temperate
13927721,49263,,344.93083864068467,18.0,437250000.0,53.907,27.17,good,UHF,927.9546925527652,144.61291503051035,0.16381245774435396,0.003902899823761522,32.37267730253629,1,polar
13933770,98459,,513.9994733155818,84.0,401530000.0,-8.7356,115.1948,good,UHF,516.6180020298098,138.78553390771373,0.050301054439304695,0.006884331841093402,38.31058839662063,1,tropical
13926909,68460,,515.1444472635849,51.0,401200000.0,40.009,-105.249,good,UHF,647.3624733219658,140.73795211615794,0.06436371348597623,0.004500340580193772,36.34649152039064,1,temperate
13926902,68460,,514.9710410873886,5.0,401200000.0,42.28,-73.32,good,UHF,2116.808112578705,151.02863153409265,0.5739151365484062,0.04012841147145734,25.51063260850222,1,temperate
13927233,39472,,353.31180249740646,48.0,437478000.0,42.29361,-83.71195,good,UHF,465.7164367962414,138.62933890203243,0.06812216353765527,0.004706244849154102,38.45114038019551,1,temperate
13927206,39472,,353.31180249740646,48.0,437478000.0,42.293,-83.711,good,UHF,465.7164367962414,138.62933890203243,0.06812216353765527,0.004706244849154102,38.45114038019551,1,temperate
13936726,60524,,445.0574523267169,65.0,401540000.0,42.48304,23.445813,good,UHF,487.63188516209084,138.2842014234585,0.055197215981377966,0.003858977664214949,38.81005007351065,1,temperate
13933769,39086,,782.2413873379292,42.0,465988000.0,-8.7356,115.1948,good,UHF,1099.1813878819448,146.6366652017428,0.07636745280277153,0.010232111169155646,30.43004292490002,1,tropical
13936492,63214,,467.6839575111617,73.0,436400000.0,51.721268,5.029968,good,UHF,487.50152293156134,139.00499759524888,0.052918974156626275,0.0012611694811354845,38.09412995172811,1,polar
13936481,63216,,486.7794937849967,56.0,401357500.0,51.721268,5.029,good,UHF,577.9798904218951,139.75666544590334,0.060338188106280166,0.0014547740811894556,37.33484928252393,1,polar
13936473,63216,,486.7794937849967,56.0,401357500.0,51.721268,5.029968,good,UHF,577.9798904218951,139.75666544590334,0.060338188106280166,0.0014547740811894556,37.33484928252393,1,polar
13936576,5580,,888.4946011322327,11.0,137560000.0,36.717165,-4.464836,good,VHF,2471.4092787024447,143.0765200222021,0.2161952580830521,0.01832943724784388,30.842262973081773,1,temperate
13936547,60475,,496.31791526856705,79.0,401530000.0,38.65,20.74,good,UHF,504.9195678143269,138.58658723405077,0.050961812023482066,0.003562881678556305,38.512195762861936,1,temperate
13932321,43784,,487.5416538963318,80.0,437275000.0,50.7060925,2.8352674531249953,good,UHF,494.51744433851763,139.14650851399935,0.05140216437692127,0.0012246678290217998,37.95417234440946,1,polar
13933422,63214,,467.6839575111617,72.0,436400000.0,43.81477,4.06576,good,UHF,489.9911234240999,139.0492423104593,0.053210998294617916,0.003677406596931524,38.047176975263895,1,temperate
13936491,43784,,487.5416538963318,67.0,437275000.0,51.721268,5.029968,good,UHF,526.2995196742322,139.6875356642313,0.05499292025472785,0.0013102183745819988,37.409468887754144,1,polar
13928746,43784,,487.5416538963318,61.0,437275000.0,50.77,-2.02,good,UHF,551.4784221408217,140.0934466778371,0.0578780121083323,0.001378956320147354,37.00060404434916,1,polar
13927774,55104,,424.68021804115324,29.0,437325000.0,53.91,27.09,good,UHF,801.309973667117,143.33988028431892,0.10441641671139221,0.0024877030539791766,33.706523286530484,1,polar
13932739,43784,,487.5416538963318,58.0,437275000.0,50.469,5.718,good,UHF,567.138409301806,140.33665740630005,0.05969148475119353,0.0014221627032139864,36.7555366368603,1,polar
13936582,43784,,487.5416538963318,64.0,437275000.0,53.109,6.108,good,UHF,537.9327198928804,139.8774354141601,0.056321300979279655,0.0013418673364062929,37.21820910813898,1,polar
13936486,43784,,487.5416538963318,67.0,437275000.0,51.721268,5.029968,good,UHF,526.2995196742322,139.6875356642313,0.05499292025472785,0.0013102183745819988,37.409468887754144,1,polar
13936472,43784,,487.5416538963318,67.0,437275000.0,51.721268,5.029968,good,UHF,526.2995196742322,139.6875356642313,0.05499292025472785,0.0013102183745819988,37.409468887754144,1,polar
13936529,62709,,585.1427009513163,87.0,401520000.0,42.99996628871616,24.930953710839745,good,UHF,585.8781157634012,139.87807239855525,0.050093985399328,0.0035022211794867933,37.22163908548069,1,temperate
13936651,57204,SITRO-AIS 12 (SMIRENNIY),456.19073223545183,15.0,401349000.0,59.589261,150.832095,good,UHF,1307.6773455882649,146.8482389267362,0.1932720341871246,0.004659867176341542,30.10713686251509,1,polar
13936525,62709,,585.1427009513163,82.0,401520000.0,42.48304,23.445813,good,UHF,590.403649316996,139.94490753978423,0.050516960924434716,0.0035317926705674993,37.154351397235516,1,temperate
13936575,41183,,696.9780786457186,49.0,137288000.0,36.717165,-4.464836,good,VHF,891.4235296700044,134.20211665535842,0.05464742255048547,0.004634128940096609,39.891909483765744,1,temperate
13933767,46507,NETSAT-2,434.60322440155414,14.0,435600000.0,-8.7356,115.1948,good,UHF,1305.4413407761288,147.54468788026338,0.20913085691530447,0.028300947022497486,29.371188006413576,1,tropical
13935347,46912,,490.20282774055795,41.0,401030000.0,-38.28,-57.854,good,UHF,714.8463322767248,141.5955743320816,0.07623882067994583,0.005330955527675721,35.47616358232551,1,temperate
13936528,98518,,509.3836838253201,69.0,401496000.0,42.99996628871616,24.930953710839745,good,UHF,542.682130667703,139.21231810835712,0.053583956897026136,0.00374624553794562,37.88365937982266,1,temperate
13936524,98518,,509.3836838253201,81.0,401496000.0,42.48304,23.445813,good,UHF,515.2556725245295,138.76186331312576,0.05064850041986979,0.003541017306097911,38.337254859763036,1,temperate
13936335,63213,,467.2859585363003,74.0,436400000.0,53.109,6.108,good,UHF,484.76056797542697,138.95602377317726,0.052646086784169474,0.0012546660061264802,38.14338316464719,1,polar
13935889,63213,,467.2859585363003,61.0,436400000.0,51.721268,5.029968,good,UHF,528.782949971047,139.71102692724722,0.05786133819484249,0.001378956320147354,37.38304046885254,1,polar
13935885,63213,,467.2859585363003,61.0,436400000.0,51.721268,5.029,good,UHF,528.782949971047,139.71102692724722,0.05786133819484249,0.001378956320147354,37.38304046885254,1,polar
13935879,63213,,467.2859585363003,61.0,436400000.0,51.721268,5.029968,good,UHF,528.782949971047,139.71102692724722,0.05786133819484249,0.001378956320147354,37.38304046885254,1,polar
13935713,62083,,653.6538903280198,63.0,400639000.0,33.797628,-79.159123,good,UHF,724.9634906060837,141.70917040395238,0.056128264656148855,0.003925247921460921,35.38408377408476,1,temperate
13936553,43689,,820.2422986721886,27.0,465987500.0,40.44,-3.8,good,UHF,1522.5999581017245,149.4669848320877,0.11255696252671035,0.007703732807371461,27.56606216319301,1,temperate
13936326,43017,,530.6987426393534,31.0,145960000.0,36.717165,-4.464836,good,VHF,939.0544386722963,135.1862757122755,0.08063869842487492,0.006790607680197814,38.879602672234185,1,temperate
13936527,60472,,496.339573111597,55.0,401510000.0,42.99996628871616,24.930953710839745,good,UHF,595.5516765265584,140.0200995785878,0.061069452265223305,0.004269563302029241,37.06786909645969,1,temperate
13936363,57194,SITRO-AIS 7 (FARTUSHNIY),491.3527136666271,17.0,401199000.0,59.589261,150.832095,good,UHF,1295.3852169739787,146.7629587899968,0.17108353005899976,0.004125099499724285,30.215140271059227,1,polar
13936482,66673,,501.10582397294,30.0,400600000.0,51.721268,5.029,bad,UHF,911.3592994017208,143.69579470954142,0.10002000000000003,0.0024121247457705958,33.35508085632756,0,polar
13936474,66673,,501.10582397294,30.0,400600000.0,51.721268,5.029968,bad,UHF,911.3592994017208,143.69579470954142,0.10002000000000003,0.0024121247457705958,33.35508085632756,0,polar
13936487,50993,,475.9706516191036,70.0,437515000.0,51.721268,5.029968,bad,UHF,504.2083794714963,139.31984334524213,0.05387426577603618,0.001283464769444089,37.778306614827144,0,polar
13936480,43784,,487.5416538963318,67.0,437275000.0,51.721268,5.029,bad,UHF,526.2995196742322,139.6875356642313,0.05499292025472785,0.0013102183745819988,37.409468887754144,0,polar
13933768,44530,,656.1292369809689,12.0,435840000.0,-8.7356,115.1948,bad,UHF,1923.3387933426225,150.91544076623532,0.24335973188580037,0.032930417351805505,25.96157677514185,0,tropical
13933787,27848,CUBESAT XI-IV (CO-57),813.2248575014492,13.0,436848700.0,-8.7356,115.1948,bad,UHF,2183.7413865746285,152.03842827465533,0.2250007013642627,0.03043603761235311,24.85944267698281,0,tropical
13935731,43770,,488.90109466601643,79.0,145920000.0,49.45262,11.09435,bad,VHF,497.38358604662153,129.6639086254677,0.04230798348595335,0.003562881678556305,44.443528199982524,0,temperate
13933766,25397,,810.4486473732777,78.0,435225000.0,-8.7356,115.1948,bad,UHF,826.4547413988421,143.56644141248037,0.051717228867486816,0.006999576286658615,33.52814947298023,0,tropical
13935878,56192,,488.5349857191695,89.0,401415000.0,51.721268,5.029968,bad,UHF,488.60410770145063,138.2987974391116,0.050031203327931754,0.0012062460900073898,38.8032728020852,0,polar
13935884,35933,BEESAT-1,687.8941844436995,27.0,435950000.0,51.721268,5.029,bad,UHF,1303.5224086024105,147.5388868906989,0.11145424121362735,0.002656580641174678,29.50030997806104,0,polar
13935883,63217,,469.1826959130867,26.0,436400000.0,51.721268,5.029,bad,UHF,948.7013319443136,144.78806826652448,0.11544251266841725,0.0027512357547236003,32.24704567566715,0,polar
13935877,63217,,469.1826959130867,26.0,436400000.0,51.721268,5.029968,bad,UHF,948.7013319443136,144.78806826652448,0.11544251266841725,0.0027512357547236003,32.24704567566715,0,polar
13935876,43440,,492.6948797459936,11.0,401440000.0,51.721268,5.029968,bad,UHF,1612.9768643561094,148.67275886439214,0.2621679334419325,0.00632078362188973,28.212060109158784,0,polar
13935882,61781,,461.0974337214411,25.0,435400000.0,51.721268,5.029,bad,UHF,959.6584562041526,144.8678856063957,0.1197061380916849,0.0028537866961018503,32.162862159431256,0,polar
13933763,40012,,604.3384074273326,32.0,437421500.0,-8.7356,115.1948,bad,UHF,1035.760773772935,145.57097492117867,0.09553095175718765,0.012920116729206753,31.473881700949676,0,tropical
13934551,25544,,419.6307747912688,23.0,145800000.0,-33.933,151.058,bad,VHF,934.1966931646521,135.13170021461715,0.10627939173217586,0.008950967179402807,38.90637711708602,0,temperate
13934311,40974,BISONSAT,520.5738840995682,16.0,437375500.0,51.4901,3.8236,bad,UHF,1404.5932234174052,148.2158836371388,0.1836577079690516,0.004375540351961674,28.749390805154945,0,polar
13935712,40974,BISONSAT,520.5738840995682,17.0,437375500.0,51.721268,5.029968,bad,UHF,1358.4119395512869,147.92550206287933,0.17314577362404804,0.004125099499724285,29.050534754611647,0,polar
13934310,27848,CUBESAT XI-IV (CO-57),813.2248575014492,19.0,437490000.0,51.4901,3.8236,bad,UHF,1841.00413829922,150.56824112683086,0.15549688334150424,0.0037044850866825487,26.425865195355726,0,polar
13935704,44408,,380.01522461782315,36.0,400500000.0,51.721268,5.029,bad,UHF,615.2893843182073,140.2814220743603,0.08507925834867652,0.0020518758648357155,36.78475448204094,0,polar
13936062,59117,,458.6756181443179,38.0,401050000.0,-5.362,105.311,bad,UHF,707.9784545307252,141.5121544609297,0.08124188698593314,0.011120752272710907,35.54879059042639,0,tropical
13933761,44530,,656.1292369809689,31.0,435840000.0,-8.7356,115.1948,bad,UHF,1141.2323466270159,146.38180639234153,0.09823998612562695,0.013293422534137988,30.659967889613455,0,tropical
13933719,48274,,378.647425336193,81.0,436510000.0,-8.7356,115.1948,bad,UHF,383.09821931382976,136.91386983659453,0.05123934131844214,0.006931962714901434,40.18126654998689,0,tropical
13934550,43678,,566.2535568738604,61.0,145900000.0,-33.933,151.058,bad,VHF,639.5111038769292,131.84585085107673,0.04748349443877898,0.003998791107185853,42.25597455399206,0,temperate
13935708,60209,,392.7027015479098,23.0,435800000.0,51.721268,5.029968,bad,UHF,880.4563768041103,144.1276846046984,0.12949228504597027,0.003086681057504754,32.893044119812856,0,polar
13935867,98457,,514.0635395582931,34.0,401510000.0,33.797628,-79.159123,good,UHF,854.0805994659922,143.15168768610664,0.08945958783842764,0.006254409677538892,33.905906006992126,1,temperate
13927775,43880,,436.8412097157052,36.0,435599000.0,53.91,27.09,good,UHF,702.7786036399029,142.16589131877546,0.08607449143942146,0.0020518758648357155,34.89929000453503,1,polar
13934463,63235,,495.8572977365284,48.0,400496500.0,52.74,-6.89,good,UHF,648.7774457544601,140.74167259438875,0.0672927715911563,0.0016229170029011858,36.34271940763195,1,polar
13936735,43880,,436.8412097157052,68.0,435599000.0,42.99996628871616,24.930953710839745,good,UHF,468.70854247223997,138.64757808046252,0.054566649772288825,0.0037720906051719677,38.44739086977478,1,temperate
13934462,63235,,495.8572977365284,59.0,400496500.0,51.904,-8.664,good,UHF,571.1376247374728,139.63457314434368,0.058341323752128485,0.0014070326433327572,37.45898618987562,1,polar
13936731,43880,,436.8412097157052,85.0,435599000.0,42.48304,23.445813,good,UHF,438.40234889472777,138.06697815083504,0.05078657491711246,0.00351078108905616,39.03203218377354,1,temperate
13936676,62715,,585.2259758810051,90.0,401530000.0,63.854,20.208,good,UHF,585.2259758810051,139.86861508800024,0.0500255,0.0012060623728852977,37.23346104024162,1,polar
13934470,63235,,495.8572977365284,24.0,400496500.0,43.5649,1.4751,good,UHF,1052.8526813690642,144.9471098736174,0.1229500116385638,0.008598737208997235,32.074649068149824,1,temperate
13928753,57175,,481.7631162633661,80.0,436990000.0,50.77,-2.02,good,UHF,488.6621526619174,139.03738727362625,0.05139734110051482,0.0012246678290217998,38.06329840805897,1,polar
13925585,57175,,481.7631162633661,21.0,436990000.0,48.363,10.312,good,UHF,1120.4676349917204,146.24519952403332,0.14124170441085082,0.009759303284560083,30.757107158886015,1,temperate
13936477,57175,,481.7631162633661,40.0,436990000.0,51.721268,5.029968,good,UHF,715.3818272796561,142.34797127015617,0.07874529508228008,0.001876299970177465,34.724714825406124,1,polar
13931120,57175,,481.7631162633661,21.0,436990000.0,52.512,13.327,good,UHF,1120.4676349917204,146.24519952403332,0.14124170441085082,0.003365430347260568,30.763501031823324,1,polar
13925556,57175,,481.7631162633661,8.0,436990000.0,53.91,27.09,good,UHF,1789.1888981669108,150.3103370918833,0.36369456202979905,0.008665915788075794,26.47061012091359,1,polar
13937393,39086,,782.2412474129687,76.0,465988000.0,-34.747,-58.333,good,UHF,803.4689320354719,143.91465965051066,0.052664150337053926,0.003604490272776574,33.182379399494266,1,temperate
13931136,57166,,811.7137315693353,14.0,137900000.0,47.9183,19.8933,good,VHF,2116.7984110754323,141.7526585624141,0.17056469085219092,0.0144568208611677,32.215627616487296,1,temperate
13935668,39086,,782.2412474129687,81.0,465988000.0,-38.28,-57.854,good,UHF,790.9096393592672,143.77781525419863,0.05173676543474179,0.003541017306097911,33.32021465367529,1,temperate
13936490,63217,,469.1826959130867,28.0,436400000.0,51.721268,5.029968,good,UHF,900.6827653677924,144.33691511152568,0.1077949564535106,0.002568978546279574,32.70602864408926,1,polar
13936672,98492,,587.5337487022234,74.0,436650000.0,63.854,20.208,good,UHF,609.105842673669,140.94430781911453,0.05265042136515223,0.0012546660061264802,36.155094784128934,1,polar
13936654,57197,,460.16021298554824,29.0,401523000.0,59.589261,150.832095,good,UHF,862.9749372463866,143.24195543267263,0.10318562430323658,0.0024877030539791766,33.80567893058492,1,polar
13933772,41789,,663.5406803610595,69.0,437646970.0,-8.7356,115.1948,good,UHF,705.8797011072693,142.2448756048554,0.05422933907253651,0.007333721398419748,34.846869025288385,1,tropical
13932742,57172,,505.06217913152705,47.0,437625000.0,50.469,5.718,good,UHF,669.8346685901661,141.78917812809163,0.06922380131699368,0.0016490822022438012,35.29325667900386,1,polar
13935350,46907,,493.6946668929286,37.0,401090000.0,-38.28,-57.854,good,UHF,774.0464881906769,142.28796079926238,0.08311219351868789,0.005811455966586745,34.77642324186709,1,temperate
13936557,40974,BISONSAT,520.5738840995682,24.0,437375500.0,40.44,-3.8,good,UHF,1099.2273343692132,146.08662264935387,0.12446118603227449,0.008598737208997235,30.93362511801962,1,temperate
13936494,63215,,467.7939352753601,47.0,436400000.0,51.721268,5.029968,good,UHF,621.6595286646752,141.11652995639912,0.06919588504799624,0.0016490822022438012,35.96593276696538,1,polar
13936585,40974,BISONSAT,520.5674914086931,70.0,437375500.0,53.109,6.108,good,UHF,551.2343144985425,140.09159715527636,0.05387179156271517,0.001283464769444089,37.006555279006236,1,polar
13934316,40974,BISONSAT,520.5738840995682,68.0,437375500.0,51.4901,3.8236,good,UHF,558.0402340727424,140.19818250545936,0.0545985833884616,0.00130078017099296,36.899225821595934,1,polar
13936488,40974,BISONSAT,520.5738840995682,63.0,437375500.0,51.721268,5.029968,good,UHF,578.6382536381288,140.51301508859615,0.05681543695329643,0.0013535954453127257,36.582123569619995,1,polar
13935349,46914,,494.30083110808755,39.0,401060080.0,-38.28,-57.854,good,UHF,746.4755940527411,141.97228420555606,0.07947886118318861,0.005557457785920593,35.09598716608957,1,temperate
13933771,98457,,514.0635395582931,79.0,401510000.0,-8.7356,115.1948,good,UHF,522.9492333482822,138.89090116049476,0.05096147245125042,0.0069747648255845136,38.204470292843155,1,tropical
13936493,63237,,474.6854839275593,51.0,436400000.0,51.721268,5.029968,good,UHF,597.520684966602,140.7725369458802,0.06511861243130022,0.001551912295373969,36.31410022000787,1,polar
13932741,63237,,474.6854839275593,49.0,436400000.0,50.469,5.718,good,UHF,613.2995711029989,140.99893127968355,0.06705449088340551,0.0015980483148621183,36.08572387173294,1,polar
13936570,32785,CUTE-1.7+APD II (CO-65),539.3248681594314,77.0,437274600.0,33.797628,-79.159123,good,UHF,552.3659092837452,140.10740558768822,0.051952789974608844,0.00358941805939963,36.99035989489252,1,temperate
13936713,67290,,493.9101265296222,87.0,437350000.0,47.25833,16.60462,good,UHF,494.539135053019,139.14837913755548,0.05069197158527976,0.0035022211794867933,37.950734360294504,1,temperate
13936577,40086,,697.0771149316688,71.0,137250000.0,36.717165,-4.464836,good,VHF,732.9856336905732,132.4999395378565,0.043618039593273615,0.0036989453167132875,41.606051167848264,1,temperate
13927721,49263,,344.93083864068467,18.0,437250000.0,53.907,27.17,good,UHF,927.9546925527652,144.61291503051035,0.16381245774435396,0.003902899823761522,32.37267730253629,1,polar
13933770,98459,,513.9994733155818,84.0,401530000.0,-8.7356,115.1948,good,UHF,516.6180020298098,138.78553390771373,0.050301054439304695,0.006884331841093402,38.31058839662063,1,tropical
13926909,68460,,515.1444472635849,51.0,401200000.0,40.009,-105.249,good,UHF,647.3624733219658,140.73795211615794,0.06436371348597623,0.004500340580193772,36.34649152039064,1,temperate
13926902,68460,,514.9710410873886,5.0,401200000.0,42.28,-73.32,good,UHF,2116.808112578705,151.02863153409265,0.5739151365484062,0.04012841147145734,25.51063260850222,1,temperate
13927233,39472,,353.31180249740646,48.0,437478000.0,42.29361,-83.71195,good,UHF,465.7164367962414,138.62933890203243,0.06812216353765527,0.004706244849154102,38.45114038019551,1,temperate
13927206,39472,,353.31180249740646,48.0,437478000.0,42.293,-83.711,good,UHF,465.7164367962414,138.62933890203243,0.06812216353765527,0.004706244849154102,38.45114038019551,1,temperate
13936726,60524,,445.0574523267169,65.0,401540000.0,42.48304,23.445813,good,UHF,487.63188516209084,138.2842014234585,0.055197215981377966,0.003858977664214949,38.81005007351065,1,temperate
13933769,39086,,782.2413873379292,42.0,465988000.0,-8.7356,115.1948,good,UHF,1099.1813878819448,146.6366652017428,0.07636745280277153,0.010232111169155646,30.43004292490002,1,tropical
13936492,63214,,467.6839575111617,73.0,436400000.0,51.721268,5.029968,good,UHF,487.50152293156134,139.00499759524888,0.052918974156626275,0.0012611694811354845,38.09412995172811,1,polar
13936481,63216,,486.7794937849967,56.0,401357500.0,51.721268,5.029,good,UHF,577.9798904218951,139.75666544590334,0.060338188106280166,0.0014547740811894556,37.33484928252393,1,polar
13936473,63216,,486.7794937849967,56.0,401357500.0,51.721268,5.029968,good,UHF,577.9798904218951,139.75666544590334,0.060338188106280166,0.0014547740811894556,37.33484928252393,1,polar
13936576,5580,,888.4946011322327,11.0,137560000.0,36.717165,-4.464836,good,VHF,2471.4092787024447,143.0765200222021,0.2161952580830521,0.01832943724784388,30.842262973081773,1,temperate
13936547,60475,,496.31791526856705,79.0,401530000.0,38.65,20.74,good,UHF,504.9195678143269,138.58658723405077,0.050961812023482066,0.003562881678556305,38.512195762861936,1,temperate
13932321,43784,,487.5416538963318,80.0,437275000.0,50.7060925,2.8352674531249953,good,UHF,494.51744433851763,139.14650851399935,0.05140216437692127,0.0012246678290217998,37.95417234440946,1,polar
13933422,63214,,467.6839575111617,72.0,436400000.0,43.81477,4.06576,good,UHF,489.9911234240999,139.0492423104593,0.053210998294617916,0.003677406596931524,38.047176975263895,1,temperate
13936491,43784,,487.5416538963318,67.0,437275000.0,51.721268,5.029968,good,UHF,526.2995196742322,139.6875356642313,0.05499292025472785,0.0013102183745819988,37.409468887754144,1,polar
13928746,43784,,487.5416538963318,61.0,437275000.0,50.77,-2.02,good,UHF,551.4784221408217,140.0934466778371,0.0578780121083323,0.001378956320147354,37.00060404434916,1,polar
13927774,55104,,424.68021804115324,29.0,437325000.0,53.91,27.09,good,UHF,801.309973667117,143.33988028431892,0.10441641671139221,0.0024877030539791766,33.706523286530484,1,polar
13932739,43784,,487.5416538963318,58.0,437275000.0,50.469,5.718,good,UHF,567.138409301806,140.33665740630005,0.05969148475119353,0.0014221627032139864,36.7555366368603,1,polar
13936582,43784,,487.5416538963318,64.0,437275000.0,53.109,6.108,good,UHF,537.9327198928804,139.8774354141601,0.056321300979279655,0.0013418673364062929,37.21820910813898,1,polar
13936486,43784,,487.5416538963318,67.0,437275000.0,51.721268,5.029968,good,UHF,526.2995196742322,139.6875356642313,0.05499292025472785,0.0013102183745819988,37.409468887754144,1,polar
13936472,43784,,487.5416538963318,67.0,437275000.0,51.721268,5.029968,good,UHF,526.2995196742322,139.6875356642313,0.05499292025472785,0.0013102183745819988,37.409468887754144,1,polar
13936529,62709,,585.1427009513163,87.0,401520000.0,42.99996628871616,24.930953710839745,good,UHF,585.8781157634012,139.87807239855525,0.050093985399328,0.0035022211794867933,37.22163908548069,1,temperate
13936651,57204,SITRO-AIS 12 (SMIRENNIY),456.19073223545183,15.0,401349000.0,59.589261,150.832095,good,UHF,1307.6773455882649,146.8482389267362,0.1932720341871246,0.004659867176341542,30.10713686251509,1,polar
13936525,62709,,585.1427009513163,82.0,401520000.0,42.48304,23.445813,good,UHF,590.403649316996,139.94490753978423,0.050516960924434716,0.0035317926705674993,37.154351397235516,1,temperate
13936575,41183,,696.9780786457186,49.0,137288000.0,36.717165,-4.464836,good,VHF,891.4235296700044,134.20211665535842,0.05464742255048547,0.004634128940096609,39.891909483765744,1,temperate
13933767,46507,NETSAT-2,434.60322440155414,14.0,435600000.0,-8.7356,115.1948,good,UHF,1305.4413407761288,147.54468788026338,0.20913085691530447,0.028300947022497486,29.371188006413576,1,tropical
13935347,46912,,490.20282774055795,41.0,401030000.0,-38.28,-57.854,good,UHF,714.8463322767248,141.5955743320816,0.07623882067994583,0.005330955527675721,35.47616358232551,1,temperate
13936528,98518,,509.3836838253201,69.0,401496000.0,42.99996628871616,24.930953710839745,good,UHF,542.682130667703,139.21231810835712,0.053583956897026136,0.00374624553794562,37.88365937982266,1,temperate
13936524,98518,,509.3836838253201,81.0,401496000.0,42.48304,23.445813,good,UHF,515.2556725245295,138.76186331312576,0.05064850041986979,0.003541017306097911,38.337254859763036,1,temperate
13936335,63213,,467.2859585363003,74.0,436400000.0,53.109,6.108,good,UHF,484.76056797542697,138.95602377317726,0.052646086784169474,0.0012546660061264802,38.14338316464719,1,polar
13935889,63213,,467.2859585363003,61.0,436400000.0,51.721268,5.029968,good,UHF,528.782949971047,139.71102692724722,0.05786133819484249,0.001378956320147354,37.38304046885254,1,polar
13935885,63213,,467.2859585363003,61.0,436400000.0,51.721268,5.029,good,UHF,528.782949971047,139.71102692724722,0.05786133819484249,0.001378956320147354,37.38304046885254,1,polar
13935879,63213,,467.2859585363003,61.0,436400000.0,51.721268,5.029968,good,UHF,528.782949971047,139.71102692724722,0.05786133819484249,0.001378956320147354,37.38304046885254,1,polar
13935713,62083,,653.6538903280198,63.0,400639000.0,33.797628,-79.159123,good,UHF,724.9634906060837,141.70917040395238,0.056128264656148855,0.003925247921460921,35.38408377408476,1,temperate
13936553,43689,,820.2422986721886,27.0,465987500.0,40.44,-3.8,good,UHF,1522.5999581017245,149.4669848320877,0.11255696252671035,0.007703732807371461,27.56606216319301,1,temperate
13936326,43017,,530.6987426393534,31.0,145960000.0,36.717165,-4.464836,good,VHF,939.0544386722963,135.1862757122755,0.08063869842487492,0.006790607680197814,38.879602672234185,1,temperate
13936527,60472,,496.339573111597,55.0,401510000.0,42.99996628871616,24.930953710839745,good,UHF,595.5516765265584,140.0200995785878,0.061069452265223305,0.004269563302029241,37.06786909645969,1,temperate
13936482,66673,,501.10582397294,30.0,400600000.0,51.721268,5.029,bad,UHF,911.3592994017208,143.69579470954142,0.10002000000000003,0.0024121247457705958,33.35508085632756,0,polar
13936474,66673,,501.10582397294,30.0,400600000.0,51.721268,5.029968,bad,UHF,911.3592994017208,143.69579470954142,0.10002000000000003,0.0024121247457705958,33.35508085632756,0,polar
13936487,50993,,475.9706516191036,70.0,437515000.0,51.721268,5.029968,bad,UHF,504.2083794714963,139.31984334524213,0.05387426577603618,0.001283464769444089,37.778306614827144,0,polar
13936480,43784,,487.5416538963318,67.0,437275000.0,51.721268,5.029,bad,UHF,526.2995196742322,139.6875356642313,0.05499292025472785,0.0013102183745819988,37.409468887754144,0,polar
13933768,44530,,656.1292369809689,12.0,435840000.0,-8.7356,115.1948,bad,UHF,1923.3387933426225,150.91544076623532,0.24335973188580037,0.032930417351805505,25.96157677514185,0,tropical
13933787,27848,CUBESAT XI-IV (CO-57),813.2248575014492,13.0,436848700.0,-8.7356,115.1948,bad,UHF,2183.7413865746285,152.03842827465533,0.2250007013642627,0.03043603761235311,24.85944267698281,0,tropical
13935731,43770,,488.90109466601643,79.0,145920000.0,49.45262,11.09435,bad,VHF,497.38358604662153,129.6639086254677,0.04230798348595335,0.003562881678556305,44.443528199982524,0,temperate
13933766,25397,,810.4486473732777,78.0,435225000.0,-8.7356,115.1948,bad,UHF,826.4547413988421,143.56644141248037,0.051717228867486816,0.006999576286658615,33.52814947298023,0,tropical
13935878,56192,,488.5349857191695,89.0,401415000.0,51.721268,5.029968,bad,UHF,488.60410770145063,138.2987974391116,0.050031203327931754,0.0012062460900073898,38.8032728020852,0,polar
13935884,35933,BEESAT-1,687.8941844436995,27.0,435950000.0,51.721268,5.029,bad,UHF,1303.5224086024105,147.5388868906989,0.11145424121362735,0.002656580641174678,29.50030997806104,0,polar
13935883,63217,,469.1826959130867,26.0,436400000.0,51.721268,5.029,bad,UHF,948.7013319443136,144.78806826652448,0.11544251266841725,0.0027512357547236003,32.24704567566715,0,polar
13935877,63217,,469.1826959130867,26.0,436400000.0,51.721268,5.029968,bad,UHF,948.7013319443136,144.78806826652448,0.11544251266841725,0.0027512357547236003,32.24704567566715,0,polar
13935876,43440,,492.6948797459936,11.0,401440000.0,51.721268,5.029968,bad,UHF,1612.9768643561094,148.67275886439214,0.2621679334419325,0.00632078362188973,28.212060109158784,0,polar
13935882,61781,,461.0974337214411,25.0,435400000.0,51.721268,5.029,bad,UHF,959.6584562041526,144.8678856063957,0.1197061380916849,0.0028537866961018503,32.162862159431256,0,polar
13933763,40012,,604.3384074273326,32.0,437421500.0,-8.7356,115.1948,bad,UHF,1035.760773772935,145.57097492117867,0.09553095175718765,0.012920116729206753,31.473881700949676,0,tropical
13934551,25544,,419.6307747912688,23.0,145800000.0,-33.933,151.058,bad,VHF,934.1966931646521,135.13170021461715,0.10627939173217586,0.008950967179402807,38.90637711708602,0,temperate
13934311,40974,BISONSAT,520.5738840995682,16.0,437375500.0,51.4901,3.8236,bad,UHF,1404.5932234174052,148.2158836371388,0.1836577079690516,0.004375540351961674,28.749390805154945,0,polar
13935712,40974,BISONSAT,520.5738840995682,17.0,437375500.0,51.721268,5.029968,bad,UHF,1358.4119395512869,147.92550206287933,0.17314577362404804,0.004125099499724285,29.050534754611647,0,polar
13934310,27848,CUBESAT XI-IV (CO-57),813.2248575014492,19.0,437490000.0,51.4901,3.8236,bad,UHF,1841.00413829922,150.56824112683086,0.15549688334150424,0.0037044850866825487,26.425865195355726,0,polar
13935704,44408,,380.01522461782315,36.0,400500000.0,51.721268,5.029,bad,UHF,615.2893843182073,140.2814220743603,0.08507925834867652,0.0020518758648357155,36.78475448204094,0,polar
13936062,59117,,458.6756181443179,38.0,401050000.0,-5.362,105.311,bad,UHF,707.9784545307252,141.5121544609297,0.08124188698593314,0.011120752272710907,35.54879059042639,0,tropical
13933761,44530,,656.1292369809689,31.0,435840000.0,-8.7356,115.1948,bad,UHF,1141.2323466270159,146.38180639234153,0.09823998612562695,0.013293422534137988,30.659967889613455,0,tropical
13933719,48274,,378.647425336193,81.0,436510000.0,-8.7356,115.1948,bad,UHF,383.09821931382976,136.91386983659453,0.05123934131844214,0.006931962714901434,40.18126654998689,0,tropical
13934550,43678,,566.2535568738604,61.0,145900000.0,-33.933,151.058,bad,VHF,639.5111038769292,131.84585085107673,0.04748349443877898,0.003998791107185853,42.25597455399206,0,temperate
13935708,60209,,392.7027015479098,23.0,435800000.0,51.721268,5.029968,bad,UHF,880.4563768041103,144.1276846046984,0.12949228504597027,0.003086681057504754,32.893044119812856,0,polar
13935867,98457,,514.0635395582931,34.0,401510000.0,33.797628,-79.159123,good,UHF,854.0805994659922,143.15168768610664,0.08945958783842764,0.006254409677538892,33.905906006992126,1,temperate
13927775,43880,,436.8412097157052,36.0,435599000.0,53.91,27.09,good,UHF,702.7786036399029,142.16589131877546,0.08607449143942146,0.0020518758648357155,34.89929000453503,1,polar
13934463,63235,,495.8572977365284,48.0,400496500.0,52.74,-6.89,good,UHF,648.7774457544601,140.74167259438875,0.0672927715911563,0.0016229170029011858,36.34271940763195,1,polar
13936735,43880,,436.8412097157052,68.0,435599000.0,42.99996628871616,24.930953710839745,good,UHF,468.70854247223997,138.64757808046252,0.054566649772288825,0.0037720906051719677,38.44739086977478,1,temperate
13934462,63235,,495.8572977365284,59.0,400496500.0,51.904,-8.664,good,UHF,571.1376247374728,139.63457314434368,0.058341323752128485,0.0014070326433327572,37.45898618987562,1,polar
13936731,43880,,436.8412097157052,85.0,435599000.0,42.48304,23.445813,good,UHF,438.40234889472777,138.06697815083504,0.05078657491711246,0.00351078108905616,39.03203218377354,1,temperate
13936676,62715,,585.2259758810051,90.0,401530000.0,63.854,20.208,good,UHF,585.2259758810051,139.86861508800024,0.0500255,0.0012060623728852977,37.23346104024162,1,polar
13934470,63235,,495.8572977365284,24.0,400496500.0,43.5649,1.4751,good,UHF,1052.8526813690642,144.9471098736174,0.1229500116385638,0.008598737208997235,32.074649068149824,1,temperate
13928753,57175,,481.7631162633661,80.0,436990000.0,50.77,-2.02,good,UHF,488.6621526619174,139.03738727362625,0.05139734110051482,0.0012246678290217998,38.06329840805897,1,polar
13925585,57175,,481.7631162633661,21.0,436990000.0,48.363,10.312,good,UHF,1120.4676349917204,146.24519952403332,0.14124170441085082,0.009759303284560083,30.757107158886015,1,temperate
13936477,57175,,481.7631162633661,40.0,436990000.0,51.721268,5.029968,good,UHF,715.3818272796561,142.34797127015617,0.07874529508228008,0.001876299970177465,34.724714825406124,1,polar
13931120,57175,,481.7631162633661,21.0,436990000.0,52.512,13.327,good,UHF,1120.4676349917204,146.24519952403332,0.14124170441085082,0.003365430347260568,30.763501031823324,1,polar
13925556,57175,,481.7631162633661,8.0,436990000.0,53.91,27.09,good,UHF,1789.1888981669108,150.3103370918833,0.36369456202979905,0.008665915788075794,26.47061012091359,1,polar
13937393,39086,,782.2412474129687,76.0,465988000.0,-34.747,-58.333,good,UHF,803.4689320354719,143.91465965051066,0.052664150337053926,0.003604490272776574,33.182379399494266,1,temperate
13931136,57166,,811.7137315693353,14.0,137900000.0,47.9183,19.8933,good,VHF,2116.7984110754323,141.7526585624141,0.17056469085219092,0.0144568208611677,32.215627616487296,1,temperate
13935668,39086,,782.2412474129687,81.0,465988000.0,-38.28,-57.854,good,UHF,790.9096393592672,143.77781525419863,0.05173676543474179,0.003541017306097911,33.32021465367529,1,temperate
13936490,63217,,469.1826959130867,28.0,436400000.0,51.721268,5.029968,good,UHF,900.6827653677924,144.33691511152568,0.1077949564535106,0.002568978546279574,32.70602864408926,1,polar
13936672,98492,,587.5337487022234,74.0,436650000.0,63.854,20.208,good,UHF,609.105842673669,140.94430781911453,0.05265042136515223,0.0012546660061264802,36.155094784128934,1,polar
13936654,57197,,460.16021298554824,29.0,401523000.0,59.589261,150.832095,good,UHF,862.9749372463866,143.24195543267263,0.10318562430323658,0.0024877030539791766,33.80567893058492,1,polar
13933772,41789,,663.5406803610595,69.0,437646970.0,-8.7356,115.1948,good,UHF,705.8797011072693,142.2448756048554,0.05422933907253651,0.007333721398419748,34.846869025288385,1,tropical
13932742,57172,,505.06217913152705,47.0,437625000.0,50.469,5.718,good,UHF,669.8346685901661,141.78917812809163,0.06922380131699368,0.0016490822022438012,35.29325667900386,1,polar
13935350,46907,,493.6946668929286,37.0,401090000.0,-38.28,-57.854,good,UHF,774.0464881906769,142.28796079926238,0.08311219351868789,0.005811455966586745,34.77642324186709,1,temperate
13936557,40974,BISONSAT,520.5738840995682,24.0,437375500.0,40.44,-3.8,good,UHF,1099.2273343692132,146.08662264935387,0.12446118603227449,0.008598737208997235,30.93362511801962,1,temperate
13936494,63215,,467.7939352753601,47.0,436400000.0,51.721268,5.029968,good,UHF,621.6595286646752,141.11652995639912,0.06919588504799624,0.0016490822022438012,35.96593276696538,1,polar
13936585,40974,BISONSAT,520.5674914086931,70.0,437375500.0,53.109,6.108,good,UHF,551.2343144985425,140.09159715527636,0.05387179156271517,0.001283464769444089,37.006555279006236,1,polar
13934316,40974,BISONSAT,520.5738840995682,68.0,437375500.0,51.4901,3.8236,good,UHF,558.0402340727424,140.19818250545936,0.0545985833884616,0.00130078017099296,36.899225821595934,1,polar
13936488,40974,BISONSAT,520.5738840995682,63.0,437375500.0,51.721268,5.029968,good,UHF,578.6382536381288,140.51301508859615,0.05681543695329643,0.0013535954453127257,36.582123569619995,1,polar
13935349,46914,,494.30083110808755,39.0,401060080.0,-38.28,-57.854,good,UHF,746.4755940527411,141.97228420555606,0.07947886118318861,0.005557457785920593,35.09598716608957,1,temperate
13933771,98457,,514.0635395582931,79.0,401510000.0,-8.7356,115.1948,good,UHF,522.9492333482822,138.89090116049476,0.05096147245125042,0.0069747648255845136,38.204470292843155,1,tropical
13936493,63237,,474.6854839275593,51.0,436400000.0,51.721268,5.029968,good,UHF,597.520684966602,140.7725369458802,0.06511861243130022,0.001551912295373969,36.31410022000787,1,polar
13932741,63237,,474.6854839275593,49.0,436400000.0,50.469,5.718,good,UHF,613.2995711029989,140.99893127968355,0.06705449088340551,0.0015980483148621183,36.08572387173294,1,polar
13936570,32785,CUTE-1.7+APD II (CO-65),539.3248681594314,77.0,437274600.0,33.797628,-79.159123,good,UHF,552.3659092837452,140.10740558768822,0.051952789974608844,0.00358941805939963,36.99035989489252,1,temperate
13936713,67290,,493.9101265296222,87.0,437350000.0,47.25833,16.60462,good,UHF,494.539135053019,139.14837913755548,0.05069197158527976,0.0035022211794867933,37.950734360294504,1,temperate
13936577,40086,,697.0771149316688,71.0,137250000.0,36.717165,-4.464836,good,VHF,732.9856336905732,132.4999395378565,0.043618039593273615,0.0036989453167132875,41.606051167848264,1,temperate
13927721,49263,,344.93083864068467,18.0,437250000.0,53.907,27.17,good,UHF,927.9546925527652,144.61291503051035,0.16381245774435396,0.003902899823761522,32.37267730253629,1,polar
13933770,98459,,513.9994733155818,84.0,401530000.0,-8.7356,115.1948,good,UHF,516.6180020298098,138.78553390771373,0.050301054439304695,0.006884331841093402,38.31058839662063,1,tropical
13926909,68460,,515.1444472635849,51.0,401200000.0,40.009,-105.249,good,UHF,647.3624733219658,140.73795211615794,0.06436371348597623,0.004500340580193772,36.34649152039064,1,temperate
13926902,68460,,514.9710410873886,5.0,401200000.0,42.28,-73.32,good,UHF,2116.808112578705,151.02863153409265,0.5739151365484062,0.04012841147145734,25.51063260850222,1,temperate
13927233,39472,,353.31180249740646,48.0,437478000.0,42.29361,-83.71195,good,UHF,465.7164367962414,138.62933890203243,0.06812216353765527,0.004706244849154102,38.45114038019551,1,temperate
13927206,39472,,353.31180249740646,48.0,437478000.0,42.293,-83.711,good,UHF,465.7164367962414,138.62933890203243,0.06812216353765527,0.004706244849154102,38.45114038019551,1,temperate
13936726,60524,,445.0574523267169,65.0,401540000.0,42.48304,23.445813,good,UHF,487.63188516209084,138.2842014234585,0.055197215981377966,0.003858977664214949,38.81005007351065,1,temperate
13933769,39086,,782.2413873379292,42.0,465988000.0,-8.7356,115.1948,good,UHF,1099.1813878819448,146.6366652017428,0.07636745280277153,0.010232111169155646,30.43004292490002,1,tropical
13936492,63214,,467.6839575111617,73.0,436400000.0,51.721268,5.029968,good,UHF,487.50152293156134,139.00499759524888,0.052918974156626275,0.0012611694811354845,38.09412995172811,1,polar
13936481,63216,,486.7794937849967,56.0,401357500.0,51.721268,5.029,good,UHF,577.9798904218951,139.75666544590334,0.060338188106280166,0.0014547740811894556,37.33484928252393,1,polar
13936473,63216,,486.7794937849967,56.0,401357500.0,51.721268,5.029968,good,UHF,577.9798904218951,139.75666544590334,0.060338188106280166,0.0014547740811894556,37.33484928252393,1,polar
13936576,5580,,888.4946011322327,11.0,137560000.0,36.717165,-4.464836,good,VHF,2471.4092787024447,143.0765200222021,0.2161952580830521,0.01832943724784388,30.842262973081773,1,temperate
13936547,60475,,496.31791526856705,79.0,401530000.0,38.65,20.74,good,UHF,504.9195678143269,138.58658723405077,0.050961812023482066,0.003562881678556305,38.512195762861936,1,temperate
13932321,43784,,487.5416538963318,80.0,437275000.0,50.7060925,2.8352674531249953,good,UHF,494.51744433851763,139.14650851399935,0.05140216437692127,0.0012246678290217998,37.95417234440946,1,polar
13933422,63214,,467.6839575111617,72.0,436400000.0,43.81477,4.06576,good,UHF,489.9911234240999,139.0492423104593,0.053210998294617916,0.003677406596931524,38.047176975263895,1,temperate
13936491,43784,,487.5416538963318,67.0,437275000.0,51.721268,5.029968,good,UHF,526.2995196742322,139.6875356642313,0.05499292025472785,0.0013102183745819988,37.409468887754144,1,polar
13928746,43784,,487.5416538963318,61.0,437275000.0,50.77,-2.02,good,UHF,551.4784221408217,140.0934466778371,0.0578780121083323,0.001378956320147354,37.00060404434916,1,polar
13927774,55104,,424.68021804115324,29.0,437325000.0,53.91,27.09,good,UHF,801.309973667117,143.33988028431892,0.10441641671139221,0.0024877030539791766,33.706523286530484,1,polar
13932739,43784,,487.5416538963318,58.0,437275000.0,50.469,5.718,good,UHF,567.138409301806,140.33665740630005,0.05969148475119353,0.0014221627032139864,36.7555366368603,1,polar
13936582,43784,,487.5416538963318,64.0,437275000.0,53.109,6.108,good,UHF,537.9327198928804,139.8774354141601,0.056321300979279655,0.0013418673364062929,37.21820910813898,1,polar
13936486,43784,,487.5416538963318,67.0,437275000.0,51.721268,5.029968,good,UHF,526.2995196742322,139.6875356642313,0.05499292025472785,0.0013102183745819988,37.409468887754144,1,polar
13936472,43784,,487.5416538963318,67.0,437275000.0,51.721268,5.029968,good,UHF,526.2995196742322,139.6875356642313,0.05499292025472785,0.0013102183745819988,37.409468887754144,1,polar
13936529,62709,,585.1427009513163,87.0,401520000.0,42.99996628871616,24.930953710839745,good,UHF,585.8781157634012,139.87807239855525,0.050093985399328,0.0035022211794867933,37.22163908548069,1,temperate
13936651,57204,SITRO-AIS 12 (SMIRENNIY),456.19073223545183,15.0,401349000.0,59.589261,150.832095,good,UHF,1307.6773455882649,146.8482389267362,0.1932720341871246,0.004659867176341542,30.10713686251509,1,polar
13936525,62709,,585.1427009513163,82.0,401520000.0,42.48304,23.445813,good,UHF,590.403649316996,139.94490753978423,0.050516960924434716,0.0035317926705674993,37.154351397235516,1,temperate
13936575,41183,,696.9780786457186,49.0,137288000.0,36.717165,-4.464836,good,VHF,891.4235296700044,134.20211665535842,0.05464742255048547,0.004634128940096609,39.891909483765744,1,temperate
13933767,46507,NETSAT-2,434.60322440155414,14.0,435600000.0,-8.7356,115.1948,good,UHF,1305.4413407761288,147.54468788026338,0.20913085691530447,0.028300947022497486,29.371188006413576,1,tropical
13935347,46912,,490.20282774055795,41.0,401030000.0,-38.28,-57.854,good,UHF,714.8463322767248,141.5955743320816,0.07623882067994583,0.005330955527675721,35.47616358232551,1,temperate
13936528,98518,,509.3836838253201,69.0,401496000.0,42.99996628871616,24.930953710839745,good,UHF,542.682130667703,139.21231810835712,0.053583956897026136,0.00374624553794562,37.88365937982266,1,temperate
13936524,98518,,509.3836838253201,81.0,401496000.0,42.48304,23.445813,good,UHF,515.2556725245295,138.76186331312576,0.05064850041986979,0.003541017306097911,38.337254859763036,1,temperate
13936335,63213,,467.2859585363003,74.0,436400000.0,53.109,6.108,good,UHF,484.76056797542697,138.95602377317726,0.052646086784169474,0.0012546660061264802,38.14338316464719,1,polar
13935889,63213,,467.2859585363003,61.0,436400000.0,51.721268,5.029968,good,UHF,528.782949971047,139.71102692724722,0.05786133819484249,0.001378956320147354,37.38304046885254,1,polar
13935885,63213,,467.2859585363003,61.0,436400000.0,51.721268,5.029,good,UHF,528.782949971047,139.71102692724722,0.05786133819484249,0.001378956320147354,37.38304046885254,1,polar
13935879,63213,,467.2859585363003,61.0,436400000.0,51.721268,5.029968,good,UHF,528.782949971047,139.71102692724722,0.05786133819484249,0.001378956320147354,37.38304046885254,1,polar
13935713,62083,,653.6538903280198,63.0,400639000.0,33.797628,-79.159123,good,UHF,724.9634906060837,141.70917040395238,0.056128264656148855,0.003925247921460921,35.38408377408476,1,temperate
13936553,43689,,820.2422986721886,27.0,465987500.0,40.44,-3.8,good,UHF,1522.5999581017245,149.4669848320877,0.11255696252671035,0.007703732807371461,27.56606216319301,1,temperate
13936326,43017,,530.6987426393534,31.0,145960000.0,36.717165,-4.464836,good,VHF,939.0544386722963,135.1862757122755,0.08063869842487492,0.006790607680197814,38.879602672234185,1,temperate
13936482,66673,,501.10582397294,30.0,400600000.0,51.721268,5.029,bad,UHF,911.3592994017208,143.69579470954142,0.10002000000000003,0.0024121247457705958,33.35508085632756,0,polar
13936474,66673,,501.10582397294,30.0,400600000.0,51.721268,5.029968,bad,UHF,911.3592994017208,143.69579470954142,0.10002000000000003,0.0024121247457705958,33.35508085632756,0,polar
13936487,50993,,475.9706516191036,70.0,437515000.0,51.721268,5.029968,bad,UHF,504.2083794714963,139.31984334524213,0.05387426577603618,0.001283464769444089,37.778306614827144,0,polar
13936480,43784,,487.5416538963318,67.0,437275000.0,51.721268,5.029,bad,UHF,526.2995196742322,139.6875356642313,0.05499292025472785,0.0013102183745819988,37.409468887754144,0,polar
13933768,44530,,656.1292369809689,12.0,435840000.0,-8.7356,115.1948,bad,UHF,1923.3387933426225,150.91544076623532,0.24335973188580037,0.032930417351805505,25.96157677514185,0,tropical
13933787,27848,CUBESAT XI-IV (CO-57),813.2248575014492,13.0,436848700.0,-8.7356,115.1948,bad,UHF,2183.7413865746285,152.03842827465533,0.2250007013642627,0.03043603761235311,24.85944267698281,0,tropical
13935731,43770,,488.90109466601643,79.0,145920000.0,49.45262,11.09435,bad,VHF,497.38358604662153,129.6639086254677,0.04230798348595335,0.003562881678556305,44.443528199982524,0,temperate
13933766,25397,,810.4486473732777,78.0,435225000.0,-8.7356,115.1948,bad,UHF,826.4547413988421,143.56644141248037,0.051717228867486816,0.006999576286658615,33.52814947298023,0,tropical
13935878,56192,,488.5349857191695,89.0,401415000.0,51.721268,5.029968,bad,UHF,488.60410770145063,138.2987974391116,0.050031203327931754,0.0012062460900073898,38.8032728020852,0,polar
13935884,35933,BEESAT-1,687.8941844436995,27.0,435950000.0,51.721268,5.029,bad,UHF,1303.5224086024105,147.5388868906989,0.11145424121362735,0.002656580641174678,29.50030997806104,0,polar
13935883,63217,,469.1826959130867,26.0,436400000.0,51.721268,5.029,bad,UHF,948.7013319443136,144.78806826652448,0.11544251266841725,0.0027512357547236003,32.24704567566715,0,polar
13935877,63217,,469.1826959130867,26.0,436400000.0,51.721268,5.029968,bad,UHF,948.7013319443136,144.78806826652448,0.11544251266841725,0.0027512357547236003,32.24704567566715,0,polar
13935876,43440,,492.6948797459936,11.0,401440000.0,51.721268,5.029968,bad,UHF,1612.9768643561094,148.67275886439214,0.2621679334419325,0.00632078362188973,28.212060109158784,0,polar
13935882,61781,,461.0974337214411,25.0,435400000.0,51.721268,5.029,bad,UHF,959.6584562041526,144.8678856063957,0.1197061380916849,0.0028537866961018503,32.162862159431256,0,polar
13933763,40012,,604.3384074273326,32.0,437421500.0,-8.7356,115.1948,bad,UHF,1035.760773772935,145.57097492117867,0.09553095175718765,0.012920116729206753,31.473881700949676,0,tropical
13934551,25544,,419.6307747912688,23.0,145800000.0,-33.933,151.058,bad,VHF,934.1966931646521,135.13170021461715,0.10627939173217586,0.008950967179402807,38.90637711708602,0,temperate
13934311,40974,BISONSAT,520.5738840995682,16.0,437375500.0,51.4901,3.8236,bad,UHF,1404.5932234174052,148.2158836371388,0.1836577079690516,0.004375540351961674,28.749390805154945,0,polar
13935712,40974,BISONSAT,520.5738840995682,17.0,437375500.0,51.721268,5.029968,bad,UHF,1358.4119395512869,147.92550206287933,0.17314577362404804,0.004125099499724285,29.050534754611647,0,polar
13934310,27848,CUBESAT XI-IV (CO-57),813.2248575014492,19.0,437490000.0,51.4901,3.8236,bad,UHF,1841.00413829922,150.56824112683086,0.15549688334150424,0.0037044850866825487,26.425865195355726,0,polar
13935704,44408,,380.01522461782315,36.0,400500000.0,51.721268,5.029,bad,UHF,615.2893843182073,140.2814220743603,0.08507925834867652,0.0020518758648357155,36.78475448204094,0,polar
13936062,59117,,458.6756181443179,38.0,401050000.0,-5.362,105.311,bad,UHF,707.9784545307252,141.5121544609297,0.08124188698593314,0.011120752272710907,35.54879059042639,0,tropical
13933761,44530,,656.1292369809689,31.0,435840000.0,-8.7356,115.1948,bad,UHF,1141.2323466270159,146.38180639234153,0.09823998612562695,0.013293422534137988,30.659967889613455,0,tropical
13933719,48274,,378.647425336193,81.0,436510000.0,-8.7356,115.1948,bad,UHF,383.09821931382976,136.91386983659453,0.05123934131844214,0.006931962714901434,40.18126654998689,0,tropical
13934550,43678,,566.2535568738604,61.0,145900000.0,-33.933,151.058,bad,VHF,639.5111038769292,131.84585085107673,0.04748349443877898,0.003998791107185853,42.25597455399206,0,temperate
13935708,60209,,392.7027015479098,23.0,435800000.0,51.721268,5.029968,bad,UHF,880.4563768041103,144.1276846046984,0.12949228504597027,0.003086681057504754,32.893044119812856,0,polar
13937809,60472,,496.33482810972146,63.0,401510000.0,63.854,20.208,good,UHF,551.9228243010139,139.3592776338075,0.056144557092031845,0.0013535954453127257,37.736531904269924,1,polar
13935867,98457,,514.0635395582931,34.0,401510000.0,33.797628,-79.159123,good,UHF,854.0805994659922,143.15168768610664,0.08945958783842764,0.006254409677538892,33.905906006992126,1,temperate
13927775,43880,,436.8412097157052,36.0,435599000.0,53.91,27.09,good,UHF,702.7786036399029,142.16589131877546,0.08607449143942146,0.0020518758648357155,34.89929000453503,1,polar
13934463,63235,,495.8572977365284,48.0,400496500.0,52.74,-6.89,good,UHF,648.7774457544601,140.74167259438875,0.0672927715911563,0.0016229170029011858,36.34271940763195,1,polar
13936735,43880,,436.8412097157052,68.0,435599000.0,42.99996628871616,24.930953710839745,good,UHF,468.70854247223997,138.64757808046252,0.054566649772288825,0.0037720906051719677,38.44739086977478,1,temperate
13934462,63235,,495.8572977365284,59.0,400496500.0,51.904,-8.664,good,UHF,571.1376247374728,139.63457314434368,0.058341323752128485,0.0014070326433327572,37.45898618987562,1,polar
13936731,43880,,436.8412097157052,85.0,435599000.0,42.48304,23.445813,good,UHF,438.40234889472777,138.06697815083504,0.05078657491711246,0.00351078108905616,39.03203218377354,1,temperate
13936676,62715,,585.2259758810051,90.0,401530000.0,63.854,20.208,good,UHF,585.2259758810051,139.86861508800024,0.0500255,0.0012060623728852977,37.23346104024162,1,polar
13934470,63235,,495.8572977365284,24.0,400496500.0,43.5649,1.4751,good,UHF,1052.8526813690642,144.9471098736174,0.1229500116385638,0.008598737208997235,32.074649068149824,1,temperate
13928753,57175,,481.7631162633661,80.0,436990000.0,50.77,-2.02,good,UHF,488.6621526619174,139.03738727362625,0.05139734110051482,0.0012246678290217998,38.06329840805897,1,polar
13925585,57175,,481.7631162633661,21.0,436990000.0,48.363,10.312,good,UHF,1120.4676349917204,146.24519952403332,0.14124170441085082,0.009759303284560083,30.757107158886015,1,temperate
13936477,57175,,481.7631162633661,40.0,436990000.0,51.721268,5.029968,good,UHF,715.3818272796561,142.34797127015617,0.07874529508228008,0.001876299970177465,34.724714825406124,1,polar
13931120,57175,,481.7631162633661,21.0,436990000.0,52.512,13.327,good,UHF,1120.4676349917204,146.24519952403332,0.14124170441085082,0.003365430347260568,30.763501031823324,1,polar
13925556,57175,,481.7631162633661,8.0,436990000.0,53.91,27.09,good,UHF,1789.1888981669108,150.3103370918833,0.36369456202979905,0.008665915788075794,26.47061012091359,1,polar
13937393,39086,,782.2412474129687,76.0,465988000.0,-34.747,-58.333,good,UHF,803.4689320354719,143.91465965051066,0.052664150337053926,0.003604490272776574,33.182379399494266,1,temperate
13931136,57166,,811.7137315693353,14.0,137900000.0,47.9183,19.8933,good,VHF,2116.7984110754323,141.7526585624141,0.17056469085219092,0.0144568208611677,32.215627616487296,1,temperate
13935668,39086,,782.2412474129687,81.0,465988000.0,-38.28,-57.854,good,UHF,790.9096393592672,143.77781525419863,0.05173676543474179,0.003541017306097911,33.32021465367529,1,temperate
13936490,63217,,469.1826959130867,28.0,436400000.0,51.721268,5.029968,good,UHF,900.6827653677924,144.33691511152568,0.1077949564535106,0.002568978546279574,32.70602864408926,1,polar
13936672,98492,,587.5337487022234,74.0,436650000.0,63.854,20.208,good,UHF,609.105842673669,140.94430781911453,0.05265042136515223,0.0012546660061264802,36.155094784128934,1,polar
13936654,57197,,460.16021298554824,29.0,401523000.0,59.589261,150.832095,good,UHF,862.9749372463866,143.24195543267263,0.10318562430323658,0.0024877030539791766,33.80567893058492,1,polar
13933772,41789,,663.5406803610595,69.0,437646970.0,-8.7356,115.1948,good,UHF,705.8797011072693,142.2448756048554,0.05422933907253651,0.007333721398419748,34.846869025288385,1,tropical
13932742,57172,,505.06217913152705,47.0,437625000.0,50.469,5.718,good,UHF,669.8346685901661,141.78917812809163,0.06922380131699368,0.0016490822022438012,35.29325667900386,1,polar
13935350,46907,,493.6946668929286,37.0,401090000.0,-38.28,-57.854,good,UHF,774.0464881906769,142.28796079926238,0.08311219351868789,0.005811455966586745,34.77642324186709,1,temperate
13936557,40974,BISONSAT,520.5738840995682,24.0,437375500.0,40.44,-3.8,good,UHF,1099.2273343692132,146.08662264935387,0.12446118603227449,0.008598737208997235,30.93362511801962,1,temperate
13936494,63215,,467.7939352753601,47.0,436400000.0,51.721268,5.029968,good,UHF,621.6595286646752,141.11652995639912,0.06919588504799624,0.0016490822022438012,35.96593276696538,1,polar
13936585,40974,BISONSAT,520.5674914086931,70.0,437375500.0,53.109,6.108,good,UHF,551.2343144985425,140.09159715527636,0.05387179156271517,0.001283464769444089,37.006555279006236,1,polar
13934316,40974,BISONSAT,520.5738840995682,68.0,437375500.0,51.4901,3.8236,good,UHF,558.0402340727424,140.19818250545936,0.0545985833884616,0.00130078017099296,36.899225821595934,1,polar
13936488,40974,BISONSAT,520.5738840995682,63.0,437375500.0,51.721268,5.029968,good,UHF,578.6382536381288,140.51301508859615,0.05681543695329643,0.0013535954453127257,36.582123569619995,1,polar
13935349,46914,,494.30083110808755,39.0,401060080.0,-38.28,-57.854,good,UHF,746.4755940527411,141.97228420555606,0.07947886118318861,0.005557457785920593,35.09598716608957,1,temperate
13933771,98457,,514.0635395582931,79.0,401510000.0,-8.7356,115.1948,good,UHF,522.9492333482822,138.89090116049476,0.05096147245125042,0.0069747648255845136,38.204470292843155,1,tropical
13936493,63237,,474.6854839275593,51.0,436400000.0,51.721268,5.029968,good,UHF,597.520684966602,140.7725369458802,0.06511861243130022,0.001551912295373969,36.31410022000787,1,polar
13932741,63237,,474.6854839275593,49.0,436400000.0,50.469,5.718,good,UHF,613.2995711029989,140.99893127968355,0.06705449088340551,0.0015980483148621183,36.08572387173294,1,polar
13936570,32785,CUTE-1.7+APD II (CO-65),539.3248681594314,77.0,437274600.0,33.797628,-79.159123,good,UHF,552.3659092837452,140.10740558768822,0.051952789974608844,0.00358941805939963,36.99035989489252,1,temperate
13936713,67290,,493.9101265296222,87.0,437350000.0,47.25833,16.60462,good,UHF,494.539135053019,139.14837913755548,0.05069197158527976,0.0035022211794867933,37.950734360294504,1,temperate
13936577,40086,,697.0771149316688,71.0,137250000.0,36.717165,-4.464836,good,VHF,732.9856336905732,132.4999395378565,0.043618039593273615,0.0036989453167132875,41.606051167848264,1,temperate
13927721,49263,,344.93083864068467,18.0,437250000.0,53.907,27.17,good,UHF,927.9546925527652,144.61291503051035,0.16381245774435396,0.003902899823761522,32.37267730253629,1,polar
13933770,98459,,513.9994733155818,84.0,401530000.0,-8.7356,115.1948,good,UHF,516.6180020298098,138.78553390771373,0.050301054439304695,0.006884331841093402,38.31058839662063,1,tropical
13926909,68460,,515.1444472635849,51.0,401200000.0,40.009,-105.249,good,UHF,647.3624733219658,140.73795211615794,0.06436371348597623,0.004500340580193772,36.34649152039064,1,temperate
13926902,68460,,514.9710410873886,5.0,401200000.0,42.28,-73.32,good,UHF,2116.808112578705,151.02863153409265,0.5739151365484062,0.04012841147145734,25.51063260850222,1,temperate
13927233,39472,,353.31180249740646,48.0,437478000.0,42.29361,-83.71195,good,UHF,465.7164367962414,138.62933890203243,0.06812216353765527,0.004706244849154102,38.45114038019551,1,temperate
13927206,39472,,353.31180249740646,48.0,437478000.0,42.293,-83.711,good,UHF,465.7164367962414,138.62933890203243,0.06812216353765527,0.004706244849154102,38.45114038019551,1,temperate
13936726,60524,,445.0574523267169,65.0,401540000.0,42.48304,23.445813,good,UHF,487.63188516209084,138.2842014234585,0.055197215981377966,0.003858977664214949,38.81005007351065,1,temperate
13933769,39086,,782.2413873379292,42.0,465988000.0,-8.7356,115.1948,good,UHF,1099.1813878819448,146.6366652017428,0.07636745280277153,0.010232111169155646,30.43004292490002,1,tropical
13936492,63214,,467.6839575111617,73.0,436400000.0,51.721268,5.029968,good,UHF,487.50152293156134,139.00499759524888,0.052918974156626275,0.0012611694811354845,38.09412995172811,1,polar
13936481,63216,,486.7794937849967,56.0,401357500.0,51.721268,5.029,good,UHF,577.9798904218951,139.75666544590334,0.060338188106280166,0.0014547740811894556,37.33484928252393,1,polar
13936473,63216,,486.7794937849967,56.0,401357500.0,51.721268,5.029968,good,UHF,577.9798904218951,139.75666544590334,0.060338188106280166,0.0014547740811894556,37.33484928252393,1,polar
13936576,5580,,888.4946011322327,11.0,137560000.0,36.717165,-4.464836,good,VHF,2471.4092787024447,143.0765200222021,0.2161952580830521,0.01832943724784388,30.842262973081773,1,temperate
13936547,60475,,496.31791526856705,79.0,401530000.0,38.65,20.74,good,UHF,504.9195678143269,138.58658723405077,0.050961812023482066,0.003562881678556305,38.512195762861936,1,temperate
13932321,43784,,487.5416538963318,80.0,437275000.0,50.7060925,2.8352674531249953,good,UHF,494.51744433851763,139.14650851399935,0.05140216437692127,0.0012246678290217998,37.95417234440946,1,polar
13933422,63214,,467.6839575111617,72.0,436400000.0,43.81477,4.06576,good,UHF,489.9911234240999,139.0492423104593,0.053210998294617916,0.003677406596931524,38.047176975263895,1,temperate
13936491,43784,,487.5416538963318,67.0,437275000.0,51.721268,5.029968,good,UHF,526.2995196742322,139.6875356642313,0.05499292025472785,0.0013102183745819988,37.409468887754144,1,polar
13928746,43784,,487.5416538963318,61.0,437275000.0,50.77,-2.02,good,UHF,551.4784221408217,140.0934466778371,0.0578780121083323,0.001378956320147354,37.00060404434916,1,polar
13927774,55104,,424.68021804115324,29.0,437325000.0,53.91,27.09,good,UHF,801.309973667117,143.33988028431892,0.10441641671139221,0.0024877030539791766,33.706523286530484,1,polar
13932739,43784,,487.5416538963318,58.0,437275000.0,50.469,5.718,good,UHF,567.138409301806,140.33665740630005,0.05969148475119353,0.0014221627032139864,36.7555366368603,1,polar
13936582,43784,,487.5416538963318,64.0,437275000.0,53.109,6.108,good,UHF,537.9327198928804,139.8774354141601,0.056321300979279655,0.0013418673364062929,37.21820910813898,1,polar
13936486,43784,,487.5416538963318,67.0,437275000.0,51.721268,5.029968,good,UHF,526.2995196742322,139.6875356642313,0.05499292025472785,0.0013102183745819988,37.409468887754144,1,polar
13936472,43784,,487.5416538963318,67.0,437275000.0,51.721268,5.029968,good,UHF,526.2995196742322,139.6875356642313,0.05499292025472785,0.0013102183745819988,37.409468887754144,1,polar
13936529,62709,,585.1427009513163,87.0,401520000.0,42.99996628871616,24.930953710839745,good,UHF,585.8781157634012,139.87807239855525,0.050093985399328,0.0035022211794867933,37.22163908548069,1,temperate
13936651,57204,SITRO-AIS 12 (SMIRENNIY),456.19073223545183,15.0,401349000.0,59.589261,150.832095,good,UHF,1307.6773455882649,146.8482389267362,0.1932720341871246,0.004659867176341542,30.10713686251509,1,polar
13936525,62709,,585.1427009513163,82.0,401520000.0,42.48304,23.445813,good,UHF,590.403649316996,139.94490753978423,0.050516960924434716,0.0035317926705674993,37.154351397235516,1,temperate
13936575,41183,,696.9780786457186,49.0,137288000.0,36.717165,-4.464836,good,VHF,891.4235296700044,134.20211665535842,0.05464742255048547,0.004634128940096609,39.891909483765744,1,temperate
13933767,46507,NETSAT-2,434.60322440155414,14.0,435600000.0,-8.7356,115.1948,good,UHF,1305.4413407761288,147.54468788026338,0.20913085691530447,0.028300947022497486,29.371188006413576,1,tropical
13935347,46912,,490.20282774055795,41.0,401030000.0,-38.28,-57.854,good,UHF,714.8463322767248,141.5955743320816,0.07623882067994583,0.005330955527675721,35.47616358232551,1,temperate
13936528,98518,,509.3836838253201,69.0,401496000.0,42.99996628871616,24.930953710839745,good,UHF,542.682130667703,139.21231810835712,0.053583956897026136,0.00374624553794562,37.88365937982266,1,temperate
13936524,98518,,509.3836838253201,81.0,401496000.0,42.48304,23.445813,good,UHF,515.2556725245295,138.76186331312576,0.05064850041986979,0.003541017306097911,38.337254859763036,1,temperate
13936335,63213,,467.2859585363003,74.0,436400000.0,53.109,6.108,good,UHF,484.76056797542697,138.95602377317726,0.052646086784169474,0.0012546660061264802,38.14338316464719,1,polar
13935889,63213,,467.2859585363003,61.0,436400000.0,51.721268,5.029968,good,UHF,528.782949971047,139.71102692724722,0.05786133819484249,0.001378956320147354,37.38304046885254,1,polar
13935885,63213,,467.2859585363003,61.0,436400000.0,51.721268,5.029,good,UHF,528.782949971047,139.71102692724722,0.05786133819484249,0.001378956320147354,37.38304046885254,1,polar
13935879,63213,,467.2859585363003,61.0,436400000.0,51.721268,5.029968,good,UHF,528.782949971047,139.71102692724722,0.05786133819484249,0.001378956320147354,37.38304046885254,1,polar
13935713,62083,,653.6538903280198,63.0,400639000.0,33.797628,-79.159123,good,UHF,724.9634906060837,141.70917040395238,0.056128264656148855,0.003925247921460921,35.38408377408476,1,temperate
13936553,43689,,820.2422986721886,27.0,465987500.0,40.44,-3.8,good,UHF,1522.5999581017245,149.4669848320877,0.11255696252671035,0.007703732807371461,27.56606216319301,1,temperate
13936326,43017,,530.6987426393534,31.0,145960000.0,36.717165,-4.464836,good,VHF,939.0544386722963,135.1862757122755,0.08063869842487492,0.006790607680197814,38.879602672234185,1,temperate
13936482,66673,,501.10582397294,30.0,400600000.0,51.721268,5.029,bad,UHF,911.3592994017208,143.69579470954142,0.10002000000000003,0.0024121247457705958,33.35508085632756,0,polar
13936474,66673,,501.10582397294,30.0,400600000.0,51.721268,5.029968,bad,UHF,911.3592994017208,143.69579470954142,0.10002000000000003,0.0024121247457705958,33.35508085632756,0,polar
13936487,50993,,475.9706516191036,70.0,437515000.0,51.721268,5.029968,bad,UHF,504.2083794714963,139.31984334524213,0.05387426577603618,0.001283464769444089,37.778306614827144,0,polar
13936480,43784,,487.5416538963318,67.0,437275000.0,51.721268,5.029,bad,UHF,526.2995196742322,139.6875356642313,0.05499292025472785,0.0013102183745819988,37.409468887754144,0,polar
13933768,44530,,656.1292369809689,12.0,435840000.0,-8.7356,115.1948,bad,UHF,1923.3387933426225,150.91544076623532,0.24335973188580037,0.032930417351805505,25.96157677514185,0,tropical
13933787,27848,CUBESAT XI-IV (CO-57),813.2248575014492,13.0,436848700.0,-8.7356,115.1948,bad,UHF,2183.7413865746285,152.03842827465533,0.2250007013642627,0.03043603761235311,24.85944267698281,0,tropical
13935731,43770,,488.90109466601643,79.0,145920000.0,49.45262,11.09435,bad,VHF,497.38358604662153,129.6639086254677,0.04230798348595335,0.003562881678556305,44.443528199982524,0,temperate
13933766,25397,,810.4486473732777,78.0,435225000.0,-8.7356,115.1948,bad,UHF,826.4547413988421,143.56644141248037,0.051717228867486816,0.006999576286658615,33.52814947298023,0,tropical
13935878,56192,,488.5349857191695,89.0,401415000.0,51.721268,5.029968,bad,UHF,488.60410770145063,138.2987974391116,0.050031203327931754,0.0012062460900073898,38.8032728020852,0,polar
13935884,35933,BEESAT-1,687.8941844436995,27.0,435950000.0,51.721268,5.029,bad,UHF,1303.5224086024105,147.5388868906989,0.11145424121362735,0.002656580641174678,29.50030997806104,0,polar
13935883,63217,,469.1826959130867,26.0,436400000.0,51.721268,5.029,bad,UHF,948.7013319443136,144.78806826652448,0.11544251266841725,0.0027512357547236003,32.24704567566715,0,polar
13935877,63217,,469.1826959130867,26.0,436400000.0,51.721268,5.029968,bad,UHF,948.7013319443136,144.78806826652448,0.11544251266841725,0.0027512357547236003,32.24704567566715,0,polar
13935876,43440,,492.6948797459936,11.0,401440000.0,51.721268,5.029968,bad,UHF,1612.9768643561094,148.67275886439214,0.2621679334419325,0.00632078362188973,28.212060109158784,0,polar
13935882,61781,,461.0974337214411,25.0,435400000.0,51.721268,5.029,bad,UHF,959.6584562041526,144.8678856063957,0.1197061380916849,0.0028537866961018503,32.162862159431256,0,polar
13933763,40012,,604.3384074273326,32.0,437421500.0,-8.7356,115.1948,bad,UHF,1035.760773772935,145.57097492117867,0.09553095175718765,0.012920116729206753,31.473881700949676,0,tropical
13934551,25544,,419.6307747912688,23.0,145800000.0,-33.933,151.058,bad,VHF,934.1966931646521,135.13170021461715,0.10627939173217586,0.008950967179402807,38.90637711708602,0,temperate
13934311,40974,BISONSAT,520.5738840995682,16.0,437375500.0,51.4901,3.8236,bad,UHF,1404.5932234174052,148.2158836371388,0.1836577079690516,0.004375540351961674,28.749390805154945,0,polar
13935712,40974,BISONSAT,520.5738840995682,17.0,437375500.0,51.721268,5.029968,bad,UHF,1358.4119395512869,147.92550206287933,0.17314577362404804,0.004125099499724285,29.050534754611647,0,polar
13934310,27848,CUBESAT XI-IV (CO-57),813.2248575014492,19.0,437490000.0,51.4901,3.8236,bad,UHF,1841.00413829922,150.56824112683086,0.15549688334150424,0.0037044850866825487,26.425865195355726,0,polar
13935704,44408,,380.01522461782315,36.0,400500000.0,51.721268,5.029,bad,UHF,615.2893843182073,140.2814220743603,0.08507925834867652,0.0020518758648357155,36.78475448204094,0,polar
13936062,59117,,458.6756181443179,38.0,401050000.0,-5.362,105.311,bad,UHF,707.9784545307252,141.5121544609297,0.08124188698593314,0.011120752272710907,35.54879059042639,0,tropical
13933761,44530,,656.1292369809689,31.0,435840000.0,-8.7356,115.1948,bad,UHF,1141.2323466270159,146.38180639234153,0.09823998612562695,0.013293422534137988,30.659967889613455,0,tropical
13933719,48274,,378.647425336193,81.0,436510000.0,-8.7356,115.1948,bad,UHF,383.09821931382976,136.91386983659453,0.05123934131844214,0.006931962714901434,40.18126654998689,0,tropical
13934550,43678,,566.2535568738604,61.0,145900000.0,-33.933,151.058,bad,VHF,639.5111038769292,131.84585085107673,0.04748349443877898,0.003998791107185853,42.25597455399206,0,temperate
13935708,60209,,392.7027015479098,23.0,435800000.0,51.721268,5.029968,bad,UHF,880.4563768041103,144.1276846046984,0.12949228504597027,0.003086681057504754,32.893044119812856,0,polar
13937809,60472,,496.33482810972146,63.0,401510000.0,63.854,20.208,good,UHF,551.9228243010139,139.3592776338075,0.056144557092031845,0.0013535954453127257,37.736531904269924,1,polar
13935867,98457,,514.0635395582931,34.0,401510000.0,33.797628,-79.159123,good,UHF,854.0805994659922,143.15168768610664,0.08945958783842764,0.006254409677538892,33.905906006992126,1,temperate
13927775,43880,,436.8412097157052,36.0,435599000.0,53.91,27.09,good,UHF,702.7786036399029,142.16589131877546,0.08607449143942146,0.0020518758648357155,34.89929000453503,1,polar
13934463,63235,,495.8572977365284,48.0,400496500.0,52.74,-6.89,good,UHF,648.7774457544601,140.74167259438875,0.0672927715911563,0.0016229170029011858,36.34271940763195,1,polar
13936735,43880,,436.8412097157052,68.0,435599000.0,42.99996628871616,24.930953710839745,good,UHF,468.70854247223997,138.64757808046252,0.054566649772288825,0.0037720906051719677,38.44739086977478,1,temperate
13934462,63235,,495.8572977365284,59.0,400496500.0,51.904,-8.664,good,UHF,571.1376247374728,139.63457314434368,0.058341323752128485,0.0014070326433327572,37.45898618987562,1,polar
13936731,43880,,436.8412097157052,85.0,435599000.0,42.48304,23.445813,good,UHF,438.40234889472777,138.06697815083504,0.05078657491711246,0.00351078108905616,39.03203218377354,1,temperate
13936676,62715,,585.2259758810051,90.0,401530000.0,63.854,20.208,good,UHF,585.2259758810051,139.86861508800024,0.0500255,0.0012060623728852977,37.23346104024162,1,polar
13934470,63235,,495.8572977365284,24.0,400496500.0,43.5649,1.4751,good,UHF,1052.8526813690642,144.9471098736174,0.1229500116385638,0.008598737208997235,32.074649068149824,1,temperate
13928753,57175,,481.7631162633661,80.0,436990000.0,50.77,-2.02,good,UHF,488.6621526619174,139.03738727362625,0.05139734110051482,0.0012246678290217998,38.06329840805897,1,polar
13925585,57175,,481.7631162633661,21.0,436990000.0,48.363,10.312,good,UHF,1120.4676349917204,146.24519952403332,0.14124170441085082,0.009759303284560083,30.757107158886015,1,temperate
13936477,57175,,481.7631162633661,40.0,436990000.0,51.721268,5.029968,good,UHF,715.3818272796561,142.34797127015617,0.07874529508228008,0.001876299970177465,34.724714825406124,1,polar
13931120,57175,,481.7631162633661,21.0,436990000.0,52.512,13.327,good,UHF,1120.4676349917204,146.24519952403332,0.14124170441085082,0.003365430347260568,30.763501031823324,1,polar
13925556,57175,,481.7631162633661,8.0,436990000.0,53.91,27.09,good,UHF,1789.1888981669108,150.3103370918833,0.36369456202979905,0.008665915788075794,26.47061012091359,1,polar
13937393,39086,,782.2412474129687,76.0,465988000.0,-34.747,-58.333,good,UHF,803.4689320354719,143.91465965051066,0.052664150337053926,0.003604490272776574,33.182379399494266,1,temperate
13931136,57166,,811.7137315693353,14.0,137900000.0,47.9183,19.8933,good,VHF,2116.7984110754323,141.7526585624141,0.17056469085219092,0.0144568208611677,32.215627616487296,1,temperate
13935668,39086,,782.2412474129687,81.0,465988000.0,-38.28,-57.854,good,UHF,790.9096393592672,143.77781525419863,0.05173676543474179,0.003541017306097911,33.32021465367529,1,temperate
13936490,63217,,469.1826959130867,28.0,436400000.0,51.721268,5.029968,good,UHF,900.6827653677924,144.33691511152568,0.1077949564535106,0.002568978546279574,32.70602864408926,1,polar
13936672,98492,,587.5337487022234,74.0,436650000.0,63.854,20.208,good,UHF,609.105842673669,140.94430781911453,0.05265042136515223,0.0012546660061264802,36.155094784128934,1,polar
13936654,57197,,460.16021298554824,29.0,401523000.0,59.589261,150.832095,good,UHF,862.9749372463866,143.24195543267263,0.10318562430323658,0.0024877030539791766,33.80567893058492,1,polar
13933772,41789,,663.5406803610595,69.0,437646970.0,-8.7356,115.1948,good,UHF,705.8797011072693,142.2448756048554,0.05422933907253651,0.007333721398419748,34.846869025288385,1,tropical
13932742,57172,,505.06217913152705,47.0,437625000.0,50.469,5.718,good,UHF,669.8346685901661,141.78917812809163,0.06922380131699368,0.0016490822022438012,35.29325667900386,1,polar
13935350,46907,,493.6946668929286,37.0,401090000.0,-38.28,-57.854,good,UHF,774.0464881906769,142.28796079926238,0.08311219351868789,0.005811455966586745,34.77642324186709,1,temperate
13936557,40974,BISONSAT,520.5738840995682,24.0,437375500.0,40.44,-3.8,good,UHF,1099.2273343692132,146.08662264935387,0.12446118603227449,0.008598737208997235,30.93362511801962,1,temperate
13936494,63215,,467.7939352753601,47.0,436400000.0,51.721268,5.029968,good,UHF,621.6595286646752,141.11652995639912,0.06919588504799624,0.0016490822022438012,35.96593276696538,1,polar
13936585,40974,BISONSAT,520.5674914086931,70.0,437375500.0,53.109,6.108,good,UHF,551.2343144985425,140.09159715527636,0.05387179156271517,0.001283464769444089,37.006555279006236,1,polar
13934316,40974,BISONSAT,520.5738840995682,68.0,437375500.0,51.4901,3.8236,good,UHF,558.0402340727424,140.19818250545936,0.0545985833884616,0.00130078017099296,36.899225821595934,1,polar
13936488,40974,BISONSAT,520.5738840995682,63.0,437375500.0,51.721268,5.029968,good,UHF,578.6382536381288,140.51301508859615,0.05681543695329643,0.0013535954453127257,36.582123569619995,1,polar
13935349,46914,,494.30083110808755,39.0,401060080.0,-38.28,-57.854,good,UHF,746.4755940527411,141.97228420555606,0.07947886118318861,0.005557457785920593,35.09598716608957,1,temperate
13933771,98457,,514.0635395582931,79.0,401510000.0,-8.7356,115.1948,good,UHF,522.9492333482822,138.89090116049476,0.05096147245125042,0.0069747648255845136,38.204470292843155,1,tropical
13936493,63237,,474.6854839275593,51.0,436400000.0,51.721268,5.029968,good,UHF,597.520684966602,140.7725369458802,0.06511861243130022,0.001551912295373969,36.31410022000787,1,polar
13932741,63237,,474.6854839275593,49.0,436400000.0,50.469,5.718,good,UHF,613.2995711029989,140.99893127968355,0.06705449088340551,0.0015980483148621183,36.08572387173294,1,polar
13936570,32785,CUTE-1.7+APD II (CO-65),539.3248681594314,77.0,437274600.0,33.797628,-79.159123,good,UHF,552.3659092837452,140.10740558768822,0.051952789974608844,0.00358941805939963,36.99035989489252,1,temperate
13936713,67290,,493.9101265296222,87.0,437350000.0,47.25833,16.60462,good,UHF,494.539135053019,139.14837913755548,0.05069197158527976,0.0035022211794867933,37.950734360294504,1,temperate
13936577,40086,,697.0771149316688,71.0,137250000.0,36.717165,-4.464836,good,VHF,732.9856336905732,132.4999395378565,0.043618039593273615,0.0036989453167132875,41.606051167848264,1,temperate
13927721,49263,,344.93083864068467,18.0,437250000.0,53.907,27.17,good,UHF,927.9546925527652,144.61291503051035,0.16381245774435396,0.003902899823761522,32.37267730253629,1,polar
13933770,98459,,513.9994733155818,84.0,401530000.0,-8.7356,115.1948,good,UHF,516.6180020298098,138.78553390771373,0.050301054439304695,0.006884331841093402,38.31058839662063,1,tropical
13926909,68460,,515.1444472635849,51.0,401200000.0,40.009,-105.249,good,UHF,647.3624733219658,140.73795211615794,0.06436371348597623,0.004500340580193772,36.34649152039064,1,temperate
13926902,68460,,514.9710410873886,5.0,401200000.0,42.28,-73.32,good,UHF,2116.808112578705,151.02863153409265,0.5739151365484062,0.04012841147145734,25.51063260850222,1,temperate
13927233,39472,,353.31180249740646,48.0,437478000.0,42.29361,-83.71195,good,UHF,465.7164367962414,138.62933890203243,0.06812216353765527,0.004706244849154102,38.45114038019551,1,temperate
13927206,39472,,353.31180249740646,48.0,437478000.0,42.293,-83.711,good,UHF,465.7164367962414,138.62933890203243,0.06812216353765527,0.004706244849154102,38.45114038019551,1,temperate
13936726,60524,,445.0574523267169,65.0,401540000.0,42.48304,23.445813,good,UHF,487.63188516209084,138.2842014234585,0.055197215981377966,0.003858977664214949,38.81005007351065,1,temperate
13933769,39086,,782.2413873379292,42.0,465988000.0,-8.7356,115.1948,good,UHF,1099.1813878819448,146.6366652017428,0.07636745280277153,0.010232111169155646,30.43004292490002,1,tropical
13936492,63214,,467.6839575111617,73.0,436400000.0,51.721268,5.029968,good,UHF,487.50152293156134,139.00499759524888,0.052918974156626275,0.0012611694811354845,38.09412995172811,1,polar
13936481,63216,,486.7794937849967,56.0,401357500.0,51.721268,5.029,good,UHF,577.9798904218951,139.75666544590334,0.060338188106280166,0.0014547740811894556,37.33484928252393,1,polar
13936473,63216,,486.7794937849967,56.0,401357500.0,51.721268,5.029968,good,UHF,577.9798904218951,139.75666544590334,0.060338188106280166,0.0014547740811894556,37.33484928252393,1,polar
13936576,5580,,888.4946011322327,11.0,137560000.0,36.717165,-4.464836,good,VHF,2471.4092787024447,143.0765200222021,0.2161952580830521,0.01832943724784388,30.842262973081773,1,temperate
13936547,60475,,496.31791526856705,79.0,401530000.0,38.65,20.74,good,UHF,504.9195678143269,138.58658723405077,0.050961812023482066,0.003562881678556305,38.512195762861936,1,temperate
13932321,43784,,487.5416538963318,80.0,437275000.0,50.7060925,2.8352674531249953,good,UHF,494.51744433851763,139.14650851399935,0.05140216437692127,0.0012246678290217998,37.95417234440946,1,polar
13933422,63214,,467.6839575111617,72.0,436400000.0,43.81477,4.06576,good,UHF,489.9911234240999,139.0492423104593,0.053210998294617916,0.003677406596931524,38.047176975263895,1,temperate
13936491,43784,,487.5416538963318,67.0,437275000.0,51.721268,5.029968,good,UHF,526.2995196742322,139.6875356642313,0.05499292025472785,0.0013102183745819988,37.409468887754144,1,polar
13928746,43784,,487.5416538963318,61.0,437275000.0,50.77,-2.02,good,UHF,551.4784221408217,140.0934466778371,0.0578780121083323,0.001378956320147354,37.00060404434916,1,polar
13927774,55104,,424.68021804115324,29.0,437325000.0,53.91,27.09,good,UHF,801.309973667117,143.33988028431892,0.10441641671139221,0.0024877030539791766,33.706523286530484,1,polar
13932739,43784,,487.5416538963318,58.0,437275000.0,50.469,5.718,good,UHF,567.138409301806,140.33665740630005,0.05969148475119353,0.0014221627032139864,36.7555366368603,1,polar
13936582,43784,,487.5416538963318,64.0,437275000.0,53.109,6.108,good,UHF,537.9327198928804,139.8774354141601,0.056321300979279655,0.0013418673364062929,37.21820910813898,1,polar
13936486,43784,,487.5416538963318,67.0,437275000.0,51.721268,5.029968,good,UHF,526.2995196742322,139.6875356642313,0.05499292025472785,0.0013102183745819988,37.409468887754144,1,polar
13936472,43784,,487.5416538963318,67.0,437275000.0,51.721268,5.029968,good,UHF,526.2995196742322,139.6875356642313,0.05499292025472785,0.0013102183745819988,37.409468887754144,1,polar
13936529,62709,,585.1427009513163,87.0,401520000.0,42.99996628871616,24.930953710839745,good,UHF,585.8781157634012,139.87807239855525,0.050093985399328,0.0035022211794867933,37.22163908548069,1,temperate
13936651,57204,SITRO-AIS 12 (SMIRENNIY),456.19073223545183,15.0,401349000.0,59.589261,150.832095,good,UHF,1307.6773455882649,146.8482389267362,0.1932720341871246,0.004659867176341542,30.10713686251509,1,polar
13936525,62709,,585.1427009513163,82.0,401520000.0,42.48304,23.445813,good,UHF,590.403649316996,139.94490753978423,0.050516960924434716,0.0035317926705674993,37.154351397235516,1,temperate
13936575,41183,,696.9780786457186,49.0,137288000.0,36.717165,-4.464836,good,VHF,891.4235296700044,134.20211665535842,0.05464742255048547,0.004634128940096609,39.891909483765744,1,temperate
13933767,46507,NETSAT-2,434.60322440155414,14.0,435600000.0,-8.7356,115.1948,good,UHF,1305.4413407761288,147.54468788026338,0.20913085691530447,0.028300947022497486,29.371188006413576,1,tropical
13935347,46912,,490.20282774055795,41.0,401030000.0,-38.28,-57.854,good,UHF,714.8463322767248,141.5955743320816,0.07623882067994583,0.005330955527675721,35.47616358232551,1,temperate
13936528,98518,,509.3836838253201,69.0,401496000.0,42.99996628871616,24.930953710839745,good,UHF,542.682130667703,139.21231810835712,0.053583956897026136,0.00374624553794562,37.88365937982266,1,temperate
13936524,98518,,509.3836838253201,81.0,401496000.0,42.48304,23.445813,good,UHF,515.2556725245295,138.76186331312576,0.05064850041986979,0.003541017306097911,38.337254859763036,1,temperate
13936335,63213,,467.2859585363003,74.0,436400000.0,53.109,6.108,good,UHF,484.76056797542697,138.95602377317726,0.052646086784169474,0.0012546660061264802,38.14338316464719,1,polar
13935889,63213,,467.2859585363003,61.0,436400000.0,51.721268,5.029968,good,UHF,528.782949971047,139.71102692724722,0.05786133819484249,0.001378956320147354,37.38304046885254,1,polar
13935885,63213,,467.2859585363003,61.0,436400000.0,51.721268,5.029,good,UHF,528.782949971047,139.71102692724722,0.05786133819484249,0.001378956320147354,37.38304046885254,1,polar
13935879,63213,,467.2859585363003,61.0,436400000.0,51.721268,5.029968,good,UHF,528.782949971047,139.71102692724722,0.05786133819484249,0.001378956320147354,37.38304046885254,1,polar
13935713,62083,,653.6538903280198,63.0,400639000.0,33.797628,-79.159123,good,UHF,724.9634906060837,141.70917040395238,0.056128264656148855,0.003925247921460921,35.38408377408476,1,temperate
13936553,43689,,820.2422986721886,27.0,465987500.0,40.44,-3.8,good,UHF,1522.5999581017245,149.4669848320877,0.11255696252671035,0.007703732807371461,27.56606216319301,1,temperate
13936326,43017,,530.6987426393534,31.0,145960000.0,36.717165,-4.464836,good,VHF,939.0544386722963,135.1862757122755,0.08063869842487492,0.006790607680197814,38.879602672234185,1,temperate
13936482,66673,,501.10582397294,30.0,400600000.0,51.721268,5.029,bad,UHF,911.3592994017208,143.69579470954142,0.10002000000000003,0.0024121247457705958,33.35508085632756,0,polar
13936474,66673,,501.10582397294,30.0,400600000.0,51.721268,5.029968,bad,UHF,911.3592994017208,143.69579470954142,0.10002000000000003,0.0024121247457705958,33.35508085632756,0,polar
13936487,50993,,475.9706516191036,70.0,437515000.0,51.721268,5.029968,bad,UHF,504.2083794714963,139.31984334524213,0.05387426577603618,0.001283464769444089,37.778306614827144,0,polar
13936480,43784,,487.5416538963318,67.0,437275000.0,51.721268,5.029,bad,UHF,526.2995196742322,139.6875356642313,0.05499292025472785,0.0013102183745819988,37.409468887754144,0,polar
13933768,44530,,656.1292369809689,12.0,435840000.0,-8.7356,115.1948,bad,UHF,1923.3387933426225,150.91544076623532,0.24335973188580037,0.032930417351805505,25.96157677514185,0,tropical
13933787,27848,CUBESAT XI-IV (CO-57),813.2248575014492,13.0,436848700.0,-8.7356,115.1948,bad,UHF,2183.7413865746285,152.03842827465533,0.2250007013642627,0.03043603761235311,24.85944267698281,0,tropical
13935731,43770,,488.90109466601643,79.0,145920000.0,49.45262,11.09435,bad,VHF,497.38358604662153,129.6639086254677,0.04230798348595335,0.003562881678556305,44.443528199982524,0,temperate
13933766,25397,,810.4486473732777,78.0,435225000.0,-8.7356,115.1948,bad,UHF,826.4547413988421,143.56644141248037,0.051717228867486816,0.006999576286658615,33.52814947298023,0,tropical
13935878,56192,,488.5349857191695,89.0,401415000.0,51.721268,5.029968,bad,UHF,488.60410770145063,138.2987974391116,0.050031203327931754,0.0012062460900073898,38.8032728020852,0,polar
13935884,35933,BEESAT-1,687.8941844436995,27.0,435950000.0,51.721268,5.029,bad,UHF,1303.5224086024105,147.5388868906989,0.11145424121362735,0.002656580641174678,29.50030997806104,0,polar
13935883,63217,,469.1826959130867,26.0,436400000.0,51.721268,5.029,bad,UHF,948.7013319443136,144.78806826652448,0.11544251266841725,0.0027512357547236003,32.24704567566715,0,polar
13935877,63217,,469.1826959130867,26.0,436400000.0,51.721268,5.029968,bad,UHF,948.7013319443136,144.78806826652448,0.11544251266841725,0.0027512357547236003,32.24704567566715,0,polar
13935876,43440,,492.6948797459936,11.0,401440000.0,51.721268,5.029968,bad,UHF,1612.9768643561094,148.67275886439214,0.2621679334419325,0.00632078362188973,28.212060109158784,0,polar
13935882,61781,,461.0974337214411,25.0,435400000.0,51.721268,5.029,bad,UHF,959.6584562041526,144.8678856063957,0.1197061380916849,0.0028537866961018503,32.162862159431256,0,polar
13933763,40012,,604.3384074273326,32.0,437421500.0,-8.7356,115.1948,bad,UHF,1035.760773772935,145.57097492117867,0.09553095175718765,0.012920116729206753,31.473881700949676,0,tropical
13934551,25544,,419.6307747912688,23.0,145800000.0,-33.933,151.058,bad,VHF,934.1966931646521,135.13170021461715,0.10627939173217586,0.008950967179402807,38.90637711708602,0,temperate
13934311,40974,BISONSAT,520.5738840995682,16.0,437375500.0,51.4901,3.8236,bad,UHF,1404.5932234174052,148.2158836371388,0.1836577079690516,0.004375540351961674,28.749390805154945,0,polar
13935712,40974,BISONSAT,520.5738840995682,17.0,437375500.0,51.721268,5.029968,bad,UHF,1358.4119395512869,147.92550206287933,0.17314577362404804,0.004125099499724285,29.050534754611647,0,polar
13934310,27848,CUBESAT XI-IV (CO-57),813.2248575014492,19.0,437490000.0,51.4901,3.8236,bad,UHF,1841.00413829922,150.56824112683086,0.15549688334150424,0.0037044850866825487,26.425865195355726,0,polar
13935704,44408,,380.01522461782315,36.0,400500000.0,51.721268,5.029,bad,UHF,615.2893843182073,140.2814220743603,0.08507925834867652,0.0020518758648357155,36.78475448204094,0,polar
13936062,59117,,458.6756181443179,38.0,401050000.0,-5.362,105.311,bad,UHF,707.9784545307252,141.5121544609297,0.08124188698593314,0.011120752272710907,35.54879059042639,0,tropical
13933761,44530,,656.1292369809689,31.0,435840000.0,-8.7356,115.1948,bad,UHF,1141.2323466270159,146.38180639234153,0.09823998612562695,0.013293422534137988,30.659967889613455,0,tropical
13933719,48274,,378.647425336193,81.0,436510000.0,-8.7356,115.1948,bad,UHF,383.09821931382976,136.91386983659453,0.05123934131844214,0.006931962714901434,40.18126654998689,0,tropical
13934550,43678,,566.2535568738604,61.0,145900000.0,-33.933,151.058,bad,VHF,639.5111038769292,131.84585085107673,0.04748349443877898,0.003998791107185853,42.25597455399206,0,temperate
13935708,60209,,392.7027015479098,23.0,435800000.0,51.721268,5.029968,bad,UHF,880.4563768041103,144.1276846046984,0.12949228504597027,0.003086681057504754,32.893044119812856,0,polar
13937809,60472,,496.33482810972146,63.0,401510000.0,63.854,20.208,good,UHF,551.9228243010139,139.3592776338075,0.056144557092031845,0.0013535954453127257,37.736531904269924,1,polar
13935867,98457,,514.0635395582931,34.0,401510000.0,33.797628,-79.159123,good,UHF,854.0805994659922,143.15168768610664,0.08945958783842764,0.006254409677538892,33.905906006992126,1,temperate
13927775,43880,,436.8412097157052,36.0,435599000.0,53.91,27.09,good,UHF,702.7786036399029,142.16589131877546,0.08607449143942146,0.0020518758648357155,34.89929000453503,1,polar
13934463,63235,,495.8572977365284,48.0,400496500.0,52.74,-6.89,good,UHF,648.7774457544601,140.74167259438875,0.0672927715911563,0.0016229170029011858,36.34271940763195,1,polar
13936735,43880,,436.8412097157052,68.0,435599000.0,42.99996628871616,24.930953710839745,good,UHF,468.70854247223997,138.64757808046252,0.054566649772288825,0.0037720906051719677,38.44739086977478,1,temperate
13934462,63235,,495.8572977365284,59.0,400496500.0,51.904,-8.664,good,UHF,571.1376247374728,139.63457314434368,0.058341323752128485,0.0014070326433327572,37.45898618987562,1,polar
13936731,43880,,436.8412097157052,85.0,435599000.0,42.48304,23.445813,good,UHF,438.40234889472777,138.06697815083504,0.05078657491711246,0.00351078108905616,39.03203218377354,1,temperate
13936676,62715,,585.2259758810051,90.0,401530000.0,63.854,20.208,good,UHF,585.2259758810051,139.86861508800024,0.0500255,0.0012060623728852977,37.23346104024162,1,polar
13934470,63235,,495.8572977365284,24.0,400496500.0,43.5649,1.4751,good,UHF,1052.8526813690642,144.9471098736174,0.1229500116385638,0.008598737208997235,32.074649068149824,1,temperate
13928753,57175,,481.7631162633661,80.0,436990000.0,50.77,-2.02,good,UHF,488.6621526619174,139.03738727362625,0.05139734110051482,0.0012246678290217998,38.06329840805897,1,polar
13925585,57175,,481.7631162633661,21.0,436990000.0,48.363,10.312,good,UHF,1120.4676349917204,146.24519952403332,0.14124170441085082,0.009759303284560083,30.757107158886015,1,temperate
13936477,57175,,481.7631162633661,40.0,436990000.0,51.721268,5.029968,good,UHF,715.3818272796561,142.34797127015617,0.07874529508228008,0.001876299970177465,34.724714825406124,1,polar
13931120,57175,,481.7631162633661,21.0,436990000.0,52.512,13.327,good,UHF,1120.4676349917204,146.24519952403332,0.14124170441085082,0.003365430347260568,30.763501031823324,1,polar
13925556,57175,,481.7631162633661,8.0,436990000.0,53.91,27.09,good,UHF,1789.1888981669108,150.3103370918833,0.36369456202979905,0.008665915788075794,26.47061012091359,1,polar
13937393,39086,,782.2412474129687,76.0,465988000.0,-34.747,-58.333,good,UHF,803.4689320354719,143.91465965051066,0.052664150337053926,0.003604490272776574,33.182379399494266,1,temperate
13931136,57166,,811.7137315693353,14.0,137900000.0,47.9183,19.8933,good,VHF,2116.7984110754323,141.7526585624141,0.17056469085219092,0.0144568208611677,32.215627616487296,1,temperate
13935668,39086,,782.2412474129687,81.0,465988000.0,-38.28,-57.854,good,UHF,790.9096393592672,143.77781525419863,0.05173676543474179,0.003541017306097911,33.32021465367529,1,temperate
13936490,63217,,469.1826959130867,28.0,436400000.0,51.721268,5.029968,good,UHF,900.6827653677924,144.33691511152568,0.1077949564535106,0.002568978546279574,32.70602864408926,1,polar
13936672,98492,,587.5337487022234,74.0,436650000.0,63.854,20.208,good,UHF,609.105842673669,140.94430781911453,0.05265042136515223,0.0012546660061264802,36.155094784128934,1,polar
13936654,57197,,460.16021298554824,29.0,401523000.0,59.589261,150.832095,good,UHF,862.9749372463866,143.24195543267263,0.10318562430323658,0.0024877030539791766,33.80567893058492,1,polar
13933772,41789,,663.5406803610595,69.0,437646970.0,-8.7356,115.1948,good,UHF,705.8797011072693,142.2448756048554,0.05422933907253651,0.007333721398419748,34.846869025288385,1,tropical
13932742,57172,,505.06217913152705,47.0,437625000.0,50.469,5.718,good,UHF,669.8346685901661,141.78917812809163,0.06922380131699368,0.0016490822022438012,35.29325667900386,1,polar
13935350,46907,,493.6946668929286,37.0,401090000.0,-38.28,-57.854,good,UHF,774.0464881906769,142.28796079926238,0.08311219351868789,0.005811455966586745,34.77642324186709,1,temperate
13936557,40974,BISONSAT,520.5738840995682,24.0,437375500.0,40.44,-3.8,good,UHF,1099.2273343692132,146.08662264935387,0.12446118603227449,0.008598737208997235,30.93362511801962,1,temperate
13936494,63215,,467.7939352753601,47.0,436400000.0,51.721268,5.029968,good,UHF,621.6595286646752,141.11652995639912,0.06919588504799624,0.0016490822022438012,35.96593276696538,1,polar
13936585,40974,BISONSAT,520.5674914086931,70.0,437375500.0,53.109,6.108,good,UHF,551.2343144985425,140.09159715527636,0.05387179156271517,0.001283464769444089,37.006555279006236,1,polar
13934316,40974,BISONSAT,520.5738840995682,68.0,437375500.0,51.4901,3.8236,good,UHF,558.0402340727424,140.19818250545936,0.0545985833884616,0.00130078017099296,36.899225821595934,1,polar
13936488,40974,BISONSAT,520.5738840995682,63.0,437375500.0,51.721268,5.029968,good,UHF,578.6382536381288,140.51301508859615,0.05681543695329643,0.0013535954453127257,36.582123569619995,1,polar
13935349,46914,,494.30083110808755,39.0,401060080.0,-38.28,-57.854,good,UHF,746.4755940527411,141.97228420555606,0.07947886118318861,0.005557457785920593,35.09598716608957,1,temperate
13933771,98457,,514.0635395582931,79.0,401510000.0,-8.7356,115.1948,good,UHF,522.9492333482822,138.89090116049476,0.05096147245125042,0.0069747648255845136,38.204470292843155,1,tropical
13936493,63237,,474.6854839275593,51.0,436400000.0,51.721268,5.029968,good,UHF,597.520684966602,140.7725369458802,0.06511861243130022,0.001551912295373969,36.31410022000787,1,polar
13932741,63237,,474.6854839275593,49.0,436400000.0,50.469,5.718,good,UHF,613.2995711029989,140.99893127968355,0.06705449088340551,0.0015980483148621183,36.08572387173294,1,polar
13936570,32785,CUTE-1.7+APD II (CO-65),539.3248681594314,77.0,437274600.0,33.797628,-79.159123,good,UHF,552.3659092837452,140.10740558768822,0.051952789974608844,0.00358941805939963,36.99035989489252,1,temperate
13936713,67290,,493.9101265296222,87.0,437350000.0,47.25833,16.60462,good,UHF,494.539135053019,139.14837913755548,0.05069197158527976,0.0035022211794867933,37.950734360294504,1,temperate
13936577,40086,,697.0771149316688,71.0,137250000.0,36.717165,-4.464836,good,VHF,732.9856336905732,132.4999395378565,0.043618039593273615,0.0036989453167132875,41.606051167848264,1,temperate
13927721,49263,,344.93083864068467,18.0,437250000.0,53.907,27.17,good,UHF,927.9546925527652,144.61291503051035,0.16381245774435396,0.003902899823761522,32.37267730253629,1,polar
13933770,98459,,513.9994733155818,84.0,401530000.0,-8.7356,115.1948,good,UHF,516.6180020298098,138.78553390771373,0.050301054439304695,0.006884331841093402,38.31058839662063,1,tropical
13926909,68460,,515.1444472635849,51.0,401200000.0,40.009,-105.249,good,UHF,647.3624733219658,140.73795211615794,0.06436371348597623,0.004500340580193772,36.34649152039064,1,temperate
13926902,68460,,514.9710410873886,5.0,401200000.0,42.28,-73.32,good,UHF,2116.808112578705,151.02863153409265,0.5739151365484062,0.04012841147145734,25.51063260850222,1,temperate
13927233,39472,,353.31180249740646,48.0,437478000.0,42.29361,-83.71195,good,UHF,465.7164367962414,138.62933890203243,0.06812216353765527,0.004706244849154102,38.45114038019551,1,temperate
13927206,39472,,353.31180249740646,48.0,437478000.0,42.293,-83.711,good,UHF,465.7164367962414,138.62933890203243,0.06812216353765527,0.004706244849154102,38.45114038019551,1,temperate
13936726,60524,,445.0574523267169,65.0,401540000.0,42.48304,23.445813,good,UHF,487.63188516209084,138.2842014234585,0.055197215981377966,0.003858977664214949,38.81005007351065,1,temperate
13933769,39086,,782.2413873379292,42.0,465988000.0,-8.7356,115.1948,good,UHF,1099.1813878819448,146.6366652017428,0.07636745280277153,0.010232111169155646,30.43004292490002,1,tropical
13936492,63214,,467.6839575111617,73.0,436400000.0,51.721268,5.029968,good,UHF,487.50152293156134,139.00499759524888,0.052918974156626275,0.0012611694811354845,38.09412995172811,1,polar
13936481,63216,,486.7794937849967,56.0,401357500.0,51.721268,5.029,good,UHF,577.9798904218951,139.75666544590334,0.060338188106280166,0.0014547740811894556,37.33484928252393,1,polar
13936473,63216,,486.7794937849967,56.0,401357500.0,51.721268,5.029968,good,UHF,577.9798904218951,139.75666544590334,0.060338188106280166,0.0014547740811894556,37.33484928252393,1,polar
13936576,5580,,888.4946011322327,11.0,137560000.0,36.717165,-4.464836,good,VHF,2471.4092787024447,143.0765200222021,0.2161952580830521,0.01832943724784388,30.842262973081773,1,temperate
13936547,60475,,496.31791526856705,79.0,401530000.0,38.65,20.74,good,UHF,504.9195678143269,138.58658723405077,0.050961812023482066,0.003562881678556305,38.512195762861936,1,temperate
13932321,43784,,487.5416538963318,80.0,437275000.0,50.7060925,2.8352674531249953,good,UHF,494.51744433851763,139.14650851399935,0.05140216437692127,0.0012246678290217998,37.95417234440946,1,polar
13933422,63214,,467.6839575111617,72.0,436400000.0,43.81477,4.06576,good,UHF,489.9911234240999,139.0492423104593,0.053210998294617916,0.003677406596931524,38.047176975263895,1,temperate
13936491,43784,,487.5416538963318,67.0,437275000.0,51.721268,5.029968,good,UHF,526.2995196742322,139.6875356642313,0.05499292025472785,0.0013102183745819988,37.409468887754144,1,polar
13928746,43784,,487.5416538963318,61.0,437275000.0,50.77,-2.02,good,UHF,551.4784221408217,140.0934466778371,0.0578780121083323,0.001378956320147354,37.00060404434916,1,polar
13927774,55104,,424.68021804115324,29.0,437325000.0,53.91,27.09,good,UHF,801.309973667117,143.33988028431892,0.10441641671139221,0.0024877030539791766,33.706523286530484,1,polar
13932739,43784,,487.5416538963318,58.0,437275000.0,50.469,5.718,good,UHF,567.138409301806,140.33665740630005,0.05969148475119353,0.0014221627032139864,36.7555366368603,1,polar
13936582,43784,,487.5416538963318,64.0,437275000.0,53.109,6.108,good,UHF,537.9327198928804,139.8774354141601,0.056321300979279655,0.0013418673364062929,37.21820910813898,1,polar
13936486,43784,,487.5416538963318,67.0,437275000.0,51.721268,5.029968,good,UHF,526.2995196742322,139.6875356642313,0.05499292025472785,0.0013102183745819988,37.409468887754144,1,polar
13936472,43784,,487.5416538963318,67.0,437275000.0,51.721268,5.029968,good,UHF,526.2995196742322,139.6875356642313,0.05499292025472785,0.0013102183745819988,37.409468887754144,1,polar
13936529,62709,,585.1427009513163,87.0,401520000.0,42.99996628871616,24.930953710839745,good,UHF,585.8781157634012,139.87807239855525,0.050093985399328,0.0035022211794867933,37.22163908548069,1,temperate
13936651,57204,SITRO-AIS 12 (SMIRENNIY),456.19073223545183,15.0,401349000.0,59.589261,150.832095,good,UHF,1307.6773455882649,146.8482389267362,0.1932720341871246,0.004659867176341542,30.10713686251509,1,polar
13936525,62709,,585.1427009513163,82.0,401520000.0,42.48304,23.445813,good,UHF,590.403649316996,139.94490753978423,0.050516960924434716,0.0035317926705674993,37.154351397235516,1,temperate
13936575,41183,,696.9780786457186,49.0,137288000.0,36.717165,-4.464836,good,VHF,891.4235296700044,134.20211665535842,0.05464742255048547,0.004634128940096609,39.891909483765744,1,temperate
13933767,46507,NETSAT-2,434.60322440155414,14.0,435600000.0,-8.7356,115.1948,good,UHF,1305.4413407761288,147.54468788026338,0.20913085691530447,0.028300947022497486,29.371188006413576,1,tropical
13935347,46912,,490.20282774055795,41.0,401030000.0,-38.28,-57.854,good,UHF,714.8463322767248,141.5955743320816,0.07623882067994583,0.005330955527675721,35.47616358232551,1,temperate
13936528,98518,,509.3836838253201,69.0,401496000.0,42.99996628871616,24.930953710839745,good,UHF,542.682130667703,139.21231810835712,0.053583956897026136,0.00374624553794562,37.88365937982266,1,temperate
13936524,98518,,509.3836838253201,81.0,401496000.0,42.48304,23.445813,good,UHF,515.2556725245295,138.76186331312576,0.05064850041986979,0.003541017306097911,38.337254859763036,1,temperate
13936335,63213,,467.2859585363003,74.0,436400000.0,53.109,6.108,good,UHF,484.76056797542697,138.95602377317726,0.052646086784169474,0.0012546660061264802,38.14338316464719,1,polar
13935889,63213,,467.2859585363003,61.0,436400000.0,51.721268,5.029968,good,UHF,528.782949971047,139.71102692724722,0.05786133819484249,0.001378956320147354,37.38304046885254,1,polar
13935885,63213,,467.2859585363003,61.0,436400000.0,51.721268,5.029,good,UHF,528.782949971047,139.71102692724722,0.05786133819484249,0.001378956320147354,37.38304046885254,1,polar
13935879,63213,,467.2859585363003,61.0,436400000.0,51.721268,5.029968,good,UHF,528.782949971047,139.71102692724722,0.05786133819484249,0.001378956320147354,37.38304046885254,1,polar
13935713,62083,,653.6538903280198,63.0,400639000.0,33.797628,-79.159123,good,UHF,724.9634906060837,141.70917040395238,0.056128264656148855,0.003925247921460921,35.38408377408476,1,temperate
13936553,43689,,820.2422986721886,27.0,465987500.0,40.44,-3.8,good,UHF,1522.5999581017245,149.4669848320877,0.11255696252671035,0.007703732807371461,27.56606216319301,1,temperate
13936482,66673,,501.10582397294,30.0,400600000.0,51.721268,5.029,bad,UHF,911.3592994017208,143.69579470954142,0.10002000000000003,0.0024121247457705958,33.35508085632756,0,polar
13936474,66673,,501.10582397294,30.0,400600000.0,51.721268,5.029968,bad,UHF,911.3592994017208,143.69579470954142,0.10002000000000003,0.0024121247457705958,33.35508085632756,0,polar
13936487,50993,,475.9706516191036,70.0,437515000.0,51.721268,5.029968,bad,UHF,504.2083794714963,139.31984334524213,0.05387426577603618,0.001283464769444089,37.778306614827144,0,polar
13936480,43784,,487.5416538963318,67.0,437275000.0,51.721268,5.029,bad,UHF,526.2995196742322,139.6875356642313,0.05499292025472785,0.0013102183745819988,37.409468887754144,0,polar
13933768,44530,,656.1292369809689,12.0,435840000.0,-8.7356,115.1948,bad,UHF,1923.3387933426225,150.91544076623532,0.24335973188580037,0.032930417351805505,25.96157677514185,0,tropical
13933787,27848,CUBESAT XI-IV (CO-57),813.2248575014492,13.0,436848700.0,-8.7356,115.1948,bad,UHF,2183.7413865746285,152.03842827465533,0.2250007013642627,0.03043603761235311,24.85944267698281,0,tropical
13935731,43770,,488.90109466601643,79.0,145920000.0,49.45262,11.09435,bad,VHF,497.38358604662153,129.6639086254677,0.04230798348595335,0.003562881678556305,44.443528199982524,0,temperate
13933766,25397,,810.4486473732777,78.0,435225000.0,-8.7356,115.1948,bad,UHF,826.4547413988421,143.56644141248037,0.051717228867486816,0.006999576286658615,33.52814947298023,0,tropical
13935878,56192,,488.5349857191695,89.0,401415000.0,51.721268,5.029968,bad,UHF,488.60410770145063,138.2987974391116,0.050031203327931754,0.0012062460900073898,38.8032728020852,0,polar
13935884,35933,BEESAT-1,687.8941844436995,27.0,435950000.0,51.721268,5.029,bad,UHF,1303.5224086024105,147.5388868906989,0.11145424121362735,0.002656580641174678,29.50030997806104,0,polar
13935883,63217,,469.1826959130867,26.0,436400000.0,51.721268,5.029,bad,UHF,948.7013319443136,144.78806826652448,0.11544251266841725,0.0027512357547236003,32.24704567566715,0,polar
13935877,63217,,469.1826959130867,26.0,436400000.0,51.721268,5.029968,bad,UHF,948.7013319443136,144.78806826652448,0.11544251266841725,0.0027512357547236003,32.24704567566715,0,polar
13935876,43440,,492.6948797459936,11.0,401440000.0,51.721268,5.029968,bad,UHF,1612.9768643561094,148.67275886439214,0.2621679334419325,0.00632078362188973,28.212060109158784,0,polar
13935882,61781,,461.0974337214411,25.0,435400000.0,51.721268,5.029,bad,UHF,959.6584562041526,144.8678856063957,0.1197061380916849,0.0028537866961018503,32.162862159431256,0,polar
13933763,40012,,604.3384074273326,32.0,437421500.0,-8.7356,115.1948,bad,UHF,1035.760773772935,145.57097492117867,0.09553095175718765,0.012920116729206753,31.473881700949676,0,tropical
13934551,25544,,419.6307747912688,23.0,145800000.0,-33.933,151.058,bad,VHF,934.1966931646521,135.13170021461715,0.10627939173217586,0.008950967179402807,38.90637711708602,0,temperate
13934311,40974,BISONSAT,520.5738840995682,16.0,437375500.0,51.4901,3.8236,bad,UHF,1404.5932234174052,148.2158836371388,0.1836577079690516,0.004375540351961674,28.749390805154945,0,polar
13935712,40974,BISONSAT,520.5738840995682,17.0,437375500.0,51.721268,5.029968,bad,UHF,1358.4119395512869,147.92550206287933,0.17314577362404804,0.004125099499724285,29.050534754611647,0,polar
13934310,27848,CUBESAT XI-IV (CO-57),813.2248575014492,19.0,437490000.0,51.4901,3.8236,bad,UHF,1841.00413829922,150.56824112683086,0.15549688334150424,0.0037044850866825487,26.425865195355726,0,polar
13935704,44408,,380.01522461782315,36.0,400500000.0,51.721268,5.029,bad,UHF,615.2893843182073,140.2814220743603,0.08507925834867652,0.0020518758648357155,36.78475448204094,0,polar
13936062,59117,,458.6756181443179,38.0,401050000.0,-5.362,105.311,bad,UHF,707.9784545307252,141.5121544609297,0.08124188698593314,0.011120752272710907,35.54879059042639,0,tropical
13933761,44530,,656.1292369809689,31.0,435840000.0,-8.7356,115.1948,bad,UHF,1141.2323466270159,146.38180639234153,0.09823998612562695,0.013293422534137988,30.659967889613455,0,tropical
13933719,48274,,378.647425336193,81.0,436510000.0,-8.7356,115.1948,bad,UHF,383.09821931382976,136.91386983659453,0.05123934131844214,0.006931962714901434,40.18126654998689,0,tropical
13934550,43678,,566.2535568738604,61.0,145900000.0,-33.933,151.058,bad,VHF,639.5111038769292,131.84585085107673,0.04748349443877898,0.003998791107185853,42.25597455399206,0,temperate
13935708,60209,,392.7027015479098,23.0,435800000.0,51.721268,5.029968,bad,UHF,880.4563768041103,144.1276846046984,0.12949228504597027,0.003086681057504754,32.893044119812856,0,polar
13289379,39427,TRITON-1,626.5261648008482,30.0,2408000000.0,46.64,6.636,bad,S,1118.4635497056179,161.05334957708158,0.16020000000000004,0.09310373844467479,23.84665437508849,0,temperate
9961837,39427,TRITON-1,646.4413768335235,39.0,2408000000.0,59.453,17.89,bad,S,963.5972670101173,159.75882406492164,0.12728015989816654,0.024153108977229172,25.24305035681772,0,polar
9253407,39427,TRITON-1,650.7184906769226,55.0,2408000000.0,59.453,17.89,bad,S,777.110061853049,157.8905635165515,0.09778404455979263,0.018555827446921098,27.14640430205651,0,polar
8922672,39427,TRITON-1,652.4200425252748,7.0,2408000000.0,52.0,4.2,bad,S,2280.8528589801626,167.24285825827144,0.6572612747548189,0.12472409846410304,17.128464059124383,0,polar
7736946,39427,TRITON-1,657.83434333061,36.0,2408000000.0,46.64,6.636,bad,S,1034.232603880313,160.37327736676642,0.1362742594979968,0.07919877036855949,24.56455729398178,0,temperate
7686320,39427,TRITON-1,657.9681483136192,69.0,2408000000.0,46.64,6.636,bad,S,699.9878775489105,156.98272325219276,0.08579871399032603,0.04986380166195238,28.034921922769712,0,temperate
7686251,39427,TRITON-1,657.9717262277582,82.0,2408000000.0,46.64,6.636,bad,S,663.8254688779944,156.52199109148296,0.08088718855874132,0.04700936109299713,28.50342004948007,0,temperate
7681674,39427,TRITON-1,657.9808910660067,19.0,2408000000.0,46.64,6.636,bad,S,1548.1543281588756,163.87719789881882,0.2460314342892551,0.14298655622493753,20.88709180128174,0,temperate
8465659,40055,CANX-4,638.5980641047008,2.0,2234400000.0,52.0,4.2,good,S,2710.5764175286745,168.092234787198,2.224510180650321,0.15264202695096146,14.68392069581546,1,polar
7627978,40055,CANX-4,640.468106940757,31.0,2234400000.0,63.854,20.208,good,S,1116.3007296867868,160.38662584823072,0.15073504173034916,0.025830380085477053,24.590116420568222,1,polar
7257209,40055,CANX-4,641.5818881478726,77.0,2234400000.0,53.1094,6.1076,good,S,656.8618855728882,155.78048292875874,0.07967638633417724,0.013653569330818275,29.279494806191025,1,polar
7052283,40055,CANX-4,642.3725861304265,28.0,2234400000.0,52.0,4.2,good,S,1197.6716758653456,160.9977572537938,0.16536525717041553,0.028337454891780977,23.96184772475877,1,polar
3618451,40055,CANX-4,645.125797453712,58.0,2234400000.0,52.0,4.2,good,S,747.5346712666123,156.9036284836469,0.09154467307472824,0.015687352278384446,28.142447181614727,1,polar
2998313,40055,CANX-4,645.2872934073848,28.0,2234400000.0,46.64,6.636,good,S,1202.5511959659934,161.03307316713352,0.16536525717041553,0.08620437033981539,23.868664895970994,1,temperate
2935820,40055,CANX-4,645.2996391477691,25.0,2234400000.0,39.236,-86.305,good,S,1293.6987230956443,161.66766466559122,0.18369836976405624,0.09576136226512096,23.206183292994382,1,temperate
1808743,40055,CANX-4,645.4578243424921,33.0,2234400000.0,46.64,6.636,good,S,1077.8565212614772,160.08222074857204,0.14254263966251282,0.07430701411493615,24.854237288265267,1,temperate
1805514,40055,CANX-4,645.4578243424921,45.0,2234400000.0,46.64,6.636,good,S,874.2651154879077,158.26386467017474,0.10979145976229068,0.05723393062996234,26.722417630047772,1,temperate
1795551,40055,CANX-4,645.4591989939818,16.0,2234400000.0,46.64,6.636,good,S,1668.4646104644416,163.87734166249885,0.2816537166530816,0.1468251657778779,20.847487145684966,1,temperate
1795510,40055,CANX-4,645.4596815507839,22.0,2234400000.0,46.64,6.636,good,S,1400.0343951032596,162.35377578102225,0.20724217640262194,0.10803467203652208,22.484255061153362,1,temperate
1788272,40055,CANX-4,645.4604784046314,36.0,2234400000.0,46.64,6.636,good,S,1016.0122792492166,159.56898081064426,0.13207933579738074,0.06885252786551595,25.38339501630759,1,temperate
13475174,40055,CANX-4,626.0960411143151,86.0,2234400000.0,44.255672,-76.38549,bad,S,627.4877990937011,155.3831073915435,0.0778238607276046,0.04056932529983005,29.651807113043844,0,temperate
13472600,40055,CANX-4,626.0982323668004,89.0,2234400000.0,44.255672,-76.38549,bad,S,626.185077774232,155.36505595581167,0.07764611159316874,0.04047666525457823,29.67012895795534,0,temperate
12972428,40055,CANX-4,626.8193042480407,52.0,2234400000.0,51.721268,5.029,bad,S,774.8098060454959,157.21490384658827,0.09851932268557745,0.01688254782378089,27.823001973517137,0,polar
11495785,40055,CANX-4,629.0001815045725,43.0,2234400000.0,44.141,28.617,bad,S,878.9628650362238,158.31041221816133,0.11383353723485683,0.059341052460445944,26.669720882758128,0,temperate
11270820,40055,CANX-4,629.6332439661592,83.0,2234400000.0,33.6037,-88.6476,bad,S,633.9326101123897,155.4718635333177,0.07821730564962237,0.040774426857111745,29.562452424790337,0,temperate
10804560,40055,CANX-4,631.3395357114523,85.0,2234400000.0,63.854,20.208,bad,S,633.532838373827,155.46638429390984,0.07793083607350809,0.01335444693582769,29.59563811369557,0,polar
10398031,40055,CANX-4,632.9006401387151,89.0,2234400000.0,63.854,20.208,bad,S,632.9883439075174,155.45891593222677,0.07764611159316874,0.013305655749237102,29.603439991045576,0,polar
10372991,40055,CANX-4,633.0602299853681,81.0,2234400000.0,63.854,20.208,bad,S,640.2271144335946,155.5576829381817,0.07860200685117603,0.013469460645250623,29.50355328493663,0,polar
10367316,40055,CANX-4,633.0976595171624,60.0,2234400000.0,63.854,20.208,bad,S,720.3487116786036,156.5818573514767,0.08964435151097436,0.015361707838226988,28.466444279788846,0,polar
10365583,40055,CANX-4,633.1300954772769,69.0,2234400000.0,63.854,20.208,bad,S,673.7199526923087,156.0005898653624,0.08315757647744386,0.014250115850580097,29.05531013292432,0,polar
10358052,40055,CANX-4,633.1807098526278,63.0,2234400000.0,63.854,20.208,bad,S,702.4903709704367,156.36380919068498,0.0871309957971453,0.014931012144425757,28.687436491988223,0,polar
10331156,40055,CANX-4,633.3563484719471,72.0,2234400000.0,63.854,20.208,bad,S,662.8041138551507,155.85870558194503,0.08162951873429199,0.013988263584212084,29.198984326351194,0,polar
10326469,40055,CANX-4,633.3812766763858,84.0,2234400000.0,63.854,20.208,bad,S,636.5526562456971,155.50768837036924,0.0780619170637139,0.013376909342446145,29.554180493839368,0,polar
10318544,40055,CANX-4,633.4134914772321,72.0,2234400000.0,63.854,20.208,bad,S,662.8636577971383,155.85948585603802,0.08162951873429199,0.013988263584212084,29.198204052258205,0,polar
10311343,40055,CANX-4,633.4552438764522,61.0,2234400000.0,63.854,20.208,bad,S,714.4751330086356,156.51074403499126,0.08876347637786815,0.015210758601508148,28.538589420644115,0,polar
10304943,40055,CANX-4,633.4764743626511,83.0,2234400000.0,63.854,20.208,bad,S,637.7996896743025,155.52468774770458,0.07821730564962237,0.013403537166931313,29.536999100093624,0,polar
10298961,40055,CANX-4,633.4764743626511,9.0,2234400000.0,52.0,4.2,bad,S,2080.813544653837,165.7956649988035,0.49627353981311084,0.08504282755080701,18.776326324447353,0,polar
10299108,40055,CANX-4,633.4996523193486,85.0,2234400000.0,63.854,20.208,bad,S,635.6997779883804,155.49604287089426,0.07793083607350809,0.01335444693582769,29.565979536711154,0,polar
10283590,40055,CANX-4,633.5477759581736,70.0,2234400000.0,63.854,20.208,bad,S,670.2189148101397,155.95533528096325,0.0826166812391871,0.014157426523465366,29.101198301888843,0,polar
10278626,40055,CANX-4,633.5594063039171,87.0,2234400000.0,63.854,20.208,bad,S,634.3501638301659,155.47758280305172,0.07774082681558717,0.01332188641575541,29.584662174331697,0,polar
10248216,40055,CANX-4,633.6495233600308,76.0,2234400000.0,63.854,20.208,bad,S,651.2235087170502,155.7056030736173,0.08001095296198694,0.013710901607779461,29.353982762427677,0,polar
10240279,40055,CANX-4,633.6773753196685,64.0,2234400000.0,63.854,20.208,bad,S,697.6074591170918,156.3032239879732,0.08637605693311952,0.014801643700464542,28.74890600200797,0,polar
10069765,40055,CANX-4,634.3336013508451,5.0,2234400000.0,52.0,4.2,bad,S,2411.115211247813,167.07536093442144,0.890753532318118,0.15264202695096146,17.03455119692424,0,polar
9999669,40055,CANX-4,634.6669537551834,89.0,2234400000.0,52.2179,5.1645,bad,S,634.7548801337671,155.48312264592556,0.07764611159316874,0.013305655749237102,29.579233277346788,0,polar
9729141,40055,CANX-4,635.3271946389468,30.0,2234400000.0,52.2179,5.1645,bad,S,1132.7605475683758,160.51376397079667,0.15526857142857145,0.02660725846683821,24.457667889922675,0,polar
9724335,40055,CANX-4,635.3463799890833,20.0,2234400000.0,52.2179,5.1645,bad,S,1460.9445069691492,162.7236760728021,0.2269874661749469,0.03889720969080905,22.163746941946897,0,polar
9612360,40055,CANX-4,635.6057699438625,38.0,2234400000.0,52.2179,5.1645,bad,S,965.2104210236143,159.12344171935464,0.12609898268073463,0.021608675817147822,25.882158312762243,0,polar
9589340,40055,CANX-4,635.6463622953879,25.0,2234400000.0,52.2179,5.1645,bad,S,1276.6784786162798,161.5526324237629,0.18369836976405624,0.03147906855379014,23.385497828534028,0,polar
9588074,40055,CANX-4,635.6463622953879,25.0,2234400000.0,52.2179,5.1645,bad,S,1276.6784786162798,161.5526324237629,0.18369836976405624,0.03147906855379014,23.385497828534028,0,polar
9575484,40055,CANX-4,635.6945702325556,84.0,2234400000.0,52.2179,5.1645,bad,S,638.8764753910418,155.5393396138131,0.0780619170637139,0.013376909342446145,29.522529250395507,0,polar
9573103,40055,CANX-4,635.6945702325556,46.0,2234400000.0,52.2179,5.1645,bad,S,849.1743148771311,158.0109386659836,0.10792435741458628,0.018494220988684366,27.01595044622789,0,polar
9516950,40055,CANX-4,635.9232481060217,33.0,2234400000.0,52.2179,5.1645,bad,S,1063.1299615636967,159.9627288314952,0.14254263966251282,0.024426507059032303,25.023609712398013,0,polar
9510327,40055,CANX-4,635.9739382182315,23.0,2234400000.0,52.2179,5.1645,bad,S,1345.5535013263393,162.0090210892556,0.19868978961172504,0.03404804036181189,22.911548771385583,0,polar
9507982,40055,CANX-4,635.986907516477,18.0,2234400000.0,52.2179,5.1645,bad,S,1550.688546056639,163.2414932566213,0.2512298259560694,0.043051448546797634,21.617533159490563,0,polar
9491645,40055,CANX-4,636.0339664177518,38.0,2234400000.0,52.2179,5.1645,bad,S,965.8243157903566,159.1289643775143,0.12609898268073463,0.021608675817147822,25.87663565460258,0,polar
9457347,40055,CANX-4,636.0972201654649,2.0,2234400000.0,52.0,4.2,bad,S,2704.588848923048,168.07302673767626,2.224510180650321,0.15264202695096146,14.70312874533721,0,polar
9427256,40055,CANX-4,636.2173179315168,63.0,2234400000.0,52.2179,5.1645,bad,S,705.8244616891652,156.40493578746336,0.0871309957971453,0.014931012144425757,28.64630989520984,0,polar
9424952,40055,CANX-4,636.2173179315168,34.0,2234400000.0,52.2179,5.1645,bad,S,1042.2124083947874,159.79012646562347,0.1388327448943511,0.0237907690724388,25.200557711024487,0,polar
9395046,40055,CANX-4,636.3532334787851,36.0,2234400000.0,52.2179,5.1645,bad,S,1002.5779529529373,159.45336467756954,0.13207933579738074,0.022633485922847578,25.545230191324976,0,polar
9369433,40055,CANX-4,636.4470573995313,34.0,2234400000.0,52.0,4.2,bad,S,1042.5620507805843,159.79303992726045,0.1388327448943511,0.0237907690724388,25.19764424938751,0,polar
9321047,40055,CANX-4,636.55370447314,5.0,2234400000.0,52.0,4.2,bad,S,2416.358585648728,167.0942293493329,0.890753532318118,0.15264202695096146,17.01568278201279,0,polar
9260329,40055,CANX-4,636.6927568258179,44.0,2234400000.0,46.64,6.636,bad,S,875.7523536183953,158.2786279392334,0.11175894369917211,0.05825957360258373,26.704661234079623,0,temperate
9246504,40055,CANX-4,636.7163569771255,6.0,2234400000.0,52.0,4.2,bad,S,2328.6362994922615,166.77303493756543,0.7427095289394711,0.12727279075512762,17.510290433354754,0,polar
9171415,40055,CANX-4,636.9575000582654,19.0,2234400000.0,52.2179,5.1645,bad,S,1507.1735852538336,162.99426715702427,0.23845786097762223,0.04086280875843402,21.879719863854405,0,polar
9168683,40055,CANX-4,636.9597188062862,32.0,2234400000.0,52.2179,5.1645,bad,S,1087.1660917266236,160.15691964504958,0.14650210127126215,0.025105011520329425,24.824780932773564,0,polar
8989766,40055,CANX-4,637.4460847578866,10.0,2234400000.0,52.0,4.2,bad,S,2017.2594179624152,165.52623671035002,0.44707803305136806,0.07661254734810069,19.103380399865273,0,polar
8974897,40055,CANX-4,637.4859091478947,67.0,2234400000.0,52.2179,5.1645,bad,S,686.95917101128,156.1696201918553,0.08433881192816202,0.014452535674877306,28.884896151156426,0,polar
8949745,40055,CANX-4,637.5398280938343,25.0,2234400000.0,52.2179,5.1645,bad,S,1280.0208532005513,161.5753425742647,0.18369836976405624,0.03147906855379014,23.36278767803222,0,polar
8922712,40055,CANX-4,637.5977433622575,6.0,2234400000.0,52.0,4.2,bad,S,2330.699861437547,166.78072868271323,0.7427095289394711,0.12727279075512762,17.50259668820695,0,polar
8902734,40055,CANX-4,637.677520483322,22.0,2234400000.0,52.2179,5.1645,bad,S,1385.5904583533188,162.26369935542647,0.20724217640262194,0.035513601381405926,22.64685255740426,0,polar
8865362,40055,CANX-4,637.7872315794048,40.0,2234400000.0,52.2179,5.1645,bad,S,935.1721717797509,158.84883317384129,0.12077750806700321,0.02069677298214682,26.163000235724326,0,polar
8860231,40055,CANX-4,637.8076115376834,27.0,2234400000.0,52.2179,5.1645,bad,S,1218.6816388058228,161.14880703392208,0.1710042077066025,0.02930376129247498,23.804192687693586,0,polar
8569138,40055,CANX-4,638.3918608918148,2.0,2234400000.0,52.0,4.2,bad,S,2710.083103591697,168.09065384657313,2.224510180650321,0.15264202695096146,14.685501636440335,0,polar
8551213,40055,CANX-4,638.4345013070852,5.0,2234400000.0,52.0,4.2,bad,S,2420.794665391611,167.11016074859805,0.890753532318118,0.15264202695096146,16.999751382747633,0,polar
8463236,40055,CANX-4,638.6288282005235,67.0,2234400000.0,63.854,20.208,bad,S,688.1818174017744,156.18506555273396,0.08433881192816202,0.014452535674877306,28.869450790277767,0,polar
8392800,40055,CANX-4,638.7897830607517,6.0,2234400000.0,52.0,4.2,bad,S,2333.4889001329434,166.7911164634958,0.7427095289394711,0.12727279075512762,17.492208907424384,0,polar
8323886,40055,CANX-4,638.985639071966,80.0,2234400000.0,63.854,20.208,bad,S,647.9270549865332,155.6615239721652,0.07883191970902703,0.013508859158274909,29.399442939582258,0,polar
8321880,40055,CANX-4,638.9981471835645,71.0,2234400000.0,63.854,20.208,bad,S,672.2074148443362,155.98106764942665,0.08210762614058348,0.014070193412103617,29.076062221635425,0,polar
8306003,40055,CANX-4,639.0309998505181,9.0,2234400000.0,52.0,4.2,bad,S,2093.4433713020712,165.8482260257742,0.49627353981311084,0.08504282755080701,18.723765297476632,0,polar
8301314,40055,CANX-4,639.0669507124576,75.0,2234400000.0,63.854,20.208,bad,S,659.4614884192642,155.81479044502424,0.08037292678315079,0.013772930458366047,29.24437138834898,0,polar
8214733,40055,CANX-4,639.3354406078215,50.0,2234400000.0,46.64,6.636,bad,S,809.3829377163256,157.5940825749568,0.10134436247353336,0.05283048630655122,27.40505026687788,0,temperate
8083980,40055,CANX-4,639.5964414562441,5.0,2234400000.0,52.0,4.2,bad,S,2423.532530057657,167.11997874474315,0.890753532318118,0.15264202695096146,16.98993338660253,0,polar
8049895,40055,CANX-4,639.6508698501511,4.0,2234400000.0,52.0,4.2,bad,S,2515.939197503364,167.44500450255953,1.1129330590743036,0.15264202695096146,16.442728102029974,0,polar
7970350,40055,CANX-4,639.8210651863283,5.0,2234400000.0,52.0,4.2,bad,S,2424.061570186083,167.1218746065223,0.890753532318118,0.15264202695096146,16.98803752482337,0,polar
7951925,40055,CANX-4,639.8656948935031,80.0,2234400000.0,63.854,20.208,bad,S,648.8182805532024,155.67346322950647,0.07883191970902703,0.013508859158274909,29.387503682241004,0,polar
7950246,40055,CANX-4,639.8700102556422,89.0,2234400000.0,63.854,20.208,bad,S,639.9585917278737,155.5540391564863,0.07764611159316874,0.013305655749237102,29.508316766786038,0,polar
7888063,40055,CANX-4,639.9901491787832,2.0,2234400000.0,52.0,4.2,bad,S,2713.9050076607246,168.10289452327225,2.224510180650321,0.15264202695096146,14.673260959741214,0,polar
7870061,40055,CANX-4,640.0333081805029,3.0,2234400000.0,52.0,4.2,bad,S,2613.31290796383,167.7748299473343,1.4833833426852252,0.15264202695096146,15.742452373644284,0,polar
7853530,40055,CANX-4,640.060165258582,29.0,2234400000.0,52.0,4.2,bad,S,1166.4620292918412,160.7684137995907,0.16013355030958107,0.027440934911026275,24.197319405803455,0,polar
7853524,40055,CANX-4,640.060165258582,5.0,2234400000.0,52.0,4.2,bad,S,2424.62462082588,167.12389189349338,0.890753532318118,0.15264202695096146,16.9860202378523,0,polar
7796845,40055,CANX-4,640.1545884956486,34.0,2234400000.0,52.0,4.2,bad,S,1048.2024911411245,159.8399054258435,0.1388327448943511,0.0237907690724388,25.15077875080445,0,polar
7788314,40055,CANX-4,640.1712433616694,2.0,2234400000.0,52.0,4.2,bad,S,2714.3377899788734,168.10427953849756,2.224510180650321,0.15264202695096146,14.671875944515904,0,polar
7778113,40055,CANX-4,640.1855375996383,7.0,2234400000.0,52.0,4.2,bad,S,2252.6204258196494,166.4847620316583,0.6370288338732989,0.10916305004772174,17.92235377503542,0,polar
7766250,40055,CANX-4,640.1968215750967,87.0,2234400000.0,52.0,4.2,bad,S,640.9951063831477,155.56809595476432,0.07774082681558717,0.01332188641575541,29.494149022619098,0,polar
7749551,40055,CANX-4,640.2366628318496,6.0,2234400000.0,52.0,4.2,bad,S,2336.8713492482734,166.80369775628267,0.7427095289394711,0.12727279075512762,17.479627614637508,0,polar
7723279,40055,CANX-4,640.2892435091198,63.0,2234400000.0,52.0,4.2,bad,S,710.2948299751779,156.45977474740607,0.0871309957971453,0.014931012144425757,28.591470935267125,0,polar
7708145,40055,CANX-4,640.3240253143122,68.0,2234400000.0,52.0,4.2,bad,S,685.5426473311318,156.1516912207463,0.08373127436581514,0.014348426331943647,28.9035367691707,0,polar
7708135,40055,CANX-4,640.3240253143122,3.0,2234400000.0,52.0,4.2,bad,S,2614.0051450782325,167.77713043685998,1.4833833426852252,0.15264202695096146,15.740151884118603,0,polar
7698636,40055,CANX-4,640.3486225470988,12.0,2234400000.0,63.854,20.208,bad,S,1889.0346278451261,164.9558000564577,0.3734002903296786,0.06398692243371788,19.76012042139368,0,polar
7649632,40055,CANX-4,640.4226246943326,55.0,2234400000.0,52.0,4.2,bad,S,765.0489802013963,157.10478648731768,0.09477396321664652,0.01624073250646209,27.937506507573943,0,polar
7630693,40055,CANX-4,640.4624026052243,4.0,2234400000.0,52.0,4.2,bad,S,2517.862170448439,167.45164073246588,1.1129330590743036,0.15264202695096146,16.436091872123626,0,polar
7607030,40055,CANX-4,640.4871785200385,79.0,2234400000.0,52.0,4.2,bad,S,651.3539000898854,155.70734203372876,0.07908734295806594,0.013552629203578276,29.353325684724325,0,polar
7602345,40055,CANX-4,640.508642916684,8.0,2234400000.0,52.0,4.2,bad,S,2173.1688353293066,166.17287104249783,0.5578253640878651,0.0955905210248672,18.327020763004185,0,polar
7577662,40055,CANX-4,640.5419823019893,4.0,2234400000.0,52.0,4.2,bad,S,2518.050683834389,167.4522910242854,1.1129330590743036,0.15264202695096146,16.435441580304115,0,polar
7530852,40055,CANX-4,640.641460887503,12.0,2234400000.0,52.0,4.2,bad,S,1889.673831915477,164.95873865631177,0.3734002903296786,0.06398692243371788,19.757181821539604,0,polar
7489519,40055,CANX-4,640.7252799335492,2.0,2234400000.0,52.0,4.2,bad,S,2715.6615105759374,168.10851441611322,2.224510180650321,0.15264202695096146,14.667641066900245,0,polar
7489392,40055,CANX-4,640.7400587392694,54.0,2234400000.0,52.0,4.2,bad,S,773.765307786547,157.2031867553098,0.09596125452749796,0.016444190079959425,27.83771549069749,0,polar
7468057,40055,CANX-4,640.7732519099,36.0,2234400000.0,52.0,4.2,bad,S,1009.1005936895735,159.50969090943414,0.13207933579738074,0.022633485922847578,25.488903959460373,0,polar
7468052,40055,CANX-4,640.7732519099,7.0,2234400000.0,52.0,4.2,bad,S,2253.98152290504,166.49000870734184,0.6370288338732989,0.10916305004772174,17.91710709935188,0,polar
7452344,40055,CANX-4,640.8310215768606,7.0,2234400000.0,52.0,4.2,bad,S,2254.115285774481,166.49052415746252,0.6370288338732989,0.10916305004772174,17.916591649231208,0,polar
7398486,40055,CANX-4,641.0049114229878,16.0,2234400000.0,52.0,4.2,bad,S,1659.325020890144,163.82963091466019,0.2816537166530816,0.04826497190116579,20.993758087400323,0,polar
7371517,40055,CANX-4,641.0854859591809,4.0,2234400000.0,52.0,4.2,bad,S,2519.3379060290767,167.456730098209,1.1129330590743036,0.15264202695096146,16.43100250638051,0,polar
7371498,40055,CANX-4,641.0854859591809,5.0,2234400000.0,52.0,4.2,bad,S,2427.0381345331766,167.13253367940797,0.890753532318118,0.15264202695096146,16.97737845193771,0,polar
7365493,40055,CANX-4,641.1062861028404,2.0,2234400000.0,52.0,4.2,bad,S,2716.57153645284,168.1114245947967,2.224510180650321,0.15264202695096146,14.66473088821678,0,polar
7353071,40055,CANX-4,641.148194327513,4.0,2234400000.0,52.0,4.2,bad,S,2519.486393605882,167.45724202187546,1.1129330590743036,0.15264202695096146,16.430490582714043,0,polar
7353066,40055,CANX-4,641.148194327513,37.0,2234400000.0,52.0,4.2,bad,S,990.9820861460353,159.35231775317249,0.1290002454702289,0.022105844356859708,25.649883847615172,0,polar
7353061,40055,CANX-4,641.148194327513,32.0,2234400000.0,52.0,4.2,bad,S,1093.7408174595812,160.20929007395662,0.14650210127126215,0.025105011520329425,24.772410503866524,0,polar
7353056,40055,CANX-4,641.148194327513,6.0,2234400000.0,52.0,4.2,bad,S,2339.000688953372,166.81160867035726,0.7427095289394711,0.12727279075512762,17.471716700562922,0,polar
7352979,40055,CANX-4,641.1684402085866,3.0,2234400000.0,52.0,4.2,bad,S,2616.015053308065,167.78380645005467,1.4833833426852252,0.15264202695096146,15.733475870923911,0,polar
7148828,40056,CANX-5,642.0835783853872,60.0,2234400000.0,52.0,4.2,good,S,730.4371324415142,156.7026585326566,0.08964435151097436,0.015361707838226988,28.345643098608946,1,polar
13540359,40056,CANX-5,625.9498206595408,86.0,2234400000.0,44.255672,-76.38549,bad,S,627.3412827426682,155.38107902787317,0.0778238607276046,0.04056932529983005,29.653835476714164,0,temperate
13499628,40056,CANX-5,626.0087486845559,17.0,2234400000.0,52.30446825839176,19.16926930632765,bad,S,1578.3013380674086,163.39480016988853,0.2655328284517416,0.04550245122398304,21.44747224105049,0,polar
10685795,40056,CANX-5,631.6817508361146,8.0,2234400000.0,52.0,4.2,bad,S,2152.873773060495,166.09137301749445,0.5578253640878651,0.0955905210248672,18.40851878800757,0,polar
10405204,40056,CANX-5,632.8325407420252,10.0,2234400000.0,52.0,4.2,bad,S,2006.8876409530912,165.48146284467464,0.44707803305136806,0.07661254734810069,19.148154265540654,0,polar
10402819,40056,CANX-5,632.853668539602,60.0,2234400000.0,63.854,20.208,bad,S,720.0747379502109,156.57855317644697,0.08964435151097436,0.015361707838226988,28.469748454818586,0,polar
10398033,40056,CANX-5,632.867505199948,82.0,2234400000.0,63.854,20.208,bad,S,638.5183191413225,155.5344689101699,0.07839724228707397,0.013434371614471335,29.527007166543314,0,polar
10393522,40056,CANX-5,632.8918159160876,74.0,2234400000.0,63.854,20.208,bad,S,655.9711461257712,155.76869640978134,0.08076290363208986,0.013839757986437808,29.290008619214888,0,polar
10387174,40056,CANX-5,632.9115187493799,63.0,2234400000.0,63.854,20.208,bad,S,702.1947941208064,156.3601537837694,0.0871309957971453,0.014931012144425757,28.691091898903807,0,polar
10378493,40056,CANX-5,633.0049526452149,69.0,2234400000.0,63.854,20.208,bad,S,673.58757774895,155.99888306253294,0.08315757647744386,0.014250115850580097,29.05701693575378,0,polar
10353686,40056,CANX-5,633.1748053745905,78.0,2234400000.0,63.854,20.208,bad,S,646.0049741614039,155.6357189162178,0.07936868183906451,0.01360084022435748,29.424619252333514,0,polar
10348406,40056,CANX-5,633.2080735408172,78.0,2234400000.0,63.854,20.208,bad,S,646.0388538199186,155.6361744347823,0.07936868183906451,0.01360084022435748,29.424163733769007,0,polar
10341596,40056,CANX-5,633.2926159695826,66.0,2234400000.0,63.854,20.208,bad,S,687.1254279791328,156.1717220852648,0.08498130559876087,0.014562635194694137,28.882041664556482,0,polar
10304944,40056,CANX-5,633.4433610702417,76.0,2234400000.0,63.854,20.208,bad,S,651.0121654954919,155.70278376225812,0.08001095296198694,0.013710901607779461,29.356802073786866,0,polar
10300654,40056,CANX-5,633.4668643549448,81.0,2234400000.0,63.854,20.208,bad,S,640.6379297557869,155.5632546362911,0.07860200685117603,0.013469460645250623,29.497981586827223,0,polar
10294054,40056,CANX-5,633.4788199682162,60.0,2234400000.0,63.854,20.208,bad,S,720.7767059286889,156.5870165289998,0.08964435151097436,0.015361707838226988,28.461285102265748,0,polar
10283591,40056,CANX-5,633.5155627761096,64.0,2234400000.0,63.854,20.208,bad,S,697.4310112446929,156.30102676289698,0.08637605693311952,0.014801643700464542,28.7511032270842,0,polar
10278627,40056,CANX-5,633.5268231221253,86.0,2234400000.0,63.854,20.208,bad,S,634.9336019641687,155.48556790415532,0.0778238607276046,0.013336115340116814,29.576579810391735,0,polar
10271746,40056,CANX-5,633.5490910478529,71.0,2234400000.0,63.854,20.208,bad,S,666.5026528210574,155.90703932248044,0.08210762614058348,0.014070193412103617,29.15009054858163,0,polar
10255074,40056,CANX-5,633.6084635634616,73.0,2234400000.0,63.854,20.208,bad,S,659.7838861726286,155.81903576801716,0.08118153259219653,0.01391149542074779,29.239178894584654,0,polar
10243841,40056,CANX-5,633.6457233751762,62.0,2234400000.0,63.854,20.208,bad,S,708.7028017119828,156.4402846689337,0.08792626690663592,0.015067292035241656,28.610029462739163,0,polar
10213289,40056,CANX-5,633.805520027392,9.0,2234400000.0,52.0,4.2,bad,S,2081.5628897718675,165.79879240891114,0.49627353981311084,0.08504282755080701,18.7731989143397,0,polar
9631728,40056,CANX-5,635.5380224242999,20.0,2234400000.0,52.2179,5.1645,bad,S,1461.3135034698935,162.72586962510846,0.2269874661749469,0.03889720969080905,22.161553389640545,0,polar
9628673,40056,CANX-5,635.5452827036042,25.0,2234400000.0,52.2179,5.1645,bad,S,1276.4999976851673,161.55141804279654,0.18369836976405624,0.03147906855379014,23.386712209500388,0,polar
9610061,40056,CANX-5,635.5834065962345,24.0,2234400000.0,52.2179,5.1645,bad,S,1309.8310287627528,161.77530716123871,0.19087113746920914,0.032708214172234816,23.154421177734605,0,polar
9601888,40056,CANX-5,635.5937483173784,21.0,2234400000.0,52.2179,5.1645,bad,S,1420.531972330431,162.48002193499136,0.2166328931278275,0.03712282097296602,22.41953004152259,0,polar
9580669,40056,CANX-5,635.6497125905271,24.0,2234400000.0,52.2179,5.1645,bad,S,1309.95014774027,161.77609703964725,0.19087113746920914,0.032708214172234816,23.153631299326065,0,polar
9516859,40056,CANX-5,635.8955984770273,38.0,2234400000.0,52.2179,5.1645,bad,S,965.625945398157,159.127180201784,0.12609898268073463,0.021608675817147822,25.878419830332888,0,polar
9516951,40056,CANX-5,635.8955984770273,38.0,2234400000.0,52.2179,5.1645,bad,S,965.625945398157,159.127180201784,0.12609898268073463,0.021608675817147822,25.878419830332888,0,polar
9199530,40056,CANX-5,636.8564112015392,36.0,2234400000.0,52.0,4.2,bad,S,1003.3207387505918,159.45979746082497,0.13207933579738074,0.022633485922847578,25.53879740806954,0,polar
9193328,40056,CANX-5,636.8912549376355,19.0,2234400000.0,52.2179,5.1645,bad,S,1507.043908370009,162.993519792838,0.23845786097762223,0.04086280875843402,21.880467228040686,0,polar
9164809,40056,CANX-5,636.9341890670548,12.0,2234400000.0,52.0,4.2,bad,S,1881.5742148350237,164.92142873271516,0.3734002903296786,0.06398692243371788,19.794491745136213,0,polar
9135872,40056,CANX-5,637.0059046128035,9.0,2234400000.0,52.0,4.2,bad,S,2088.8435574557043,165.82911997579944,0.49627353981311084,0.08504282755080701,18.7428713474514,0,polar
9137831,40056,CANX-5,637.0131117182018,29.0,2234400000.0,52.2179,5.1645,bad,S,1161.4386471071343,160.730927139241,0.16013355030958107,0.027440934911026275,24.23480606615314,0,polar
9060999,40056,CANX-5,637.1821785657539,6.0,2234400000.0,52.0,4.2,bad,S,2329.72705754155,166.77710254821963,0.7427095289394711,0.12727279075512762,17.50622282270055,0,polar
9050357,40056,CANX-5,637.2010347418718,3.0,2234400000.0,52.0,4.2,bad,S,2606.561855113196,167.7523623842764,1.4833833426852252,0.15264202695096146,15.76491993670217,0,polar
9037574,40056,CANX-5,637.2521246320111,7.0,2234400000.0,52.0,4.2,bad,S,2245.819433041529,166.45849838490025,0.6370288338732989,0.10916305004772174,17.94861742179347,0,polar
9020863,40056,CANX-5,637.3110311003666,3.0,2234400000.0,52.0,4.2,bad,S,2606.824282577203,167.75323683168241,1.4833833426852252,0.15264202695096146,15.764045489296166,0,polar
8963437,40056,CANX-5,637.4795840599654,2.0,2234400000.0,52.0,4.2,bad,S,2707.899779509065,168.08365341358484,2.224510180650321,0.15264202695096146,14.692502069428627,0,polar
8952740,40056,CANX-5,637.5066668063973,49.0,2234400000.0,52.2179,5.1645,bad,S,817.5013339931265,157.6807710759761,0.10286643730078257,0.017627481592975395,27.3520426957449,0,polar
8881475,40056,CANX-5,637.7219894800355,28.0,2234400000.0,52.2179,5.1645,bad,S,1189.8785195400524,160.9410541643241,0.16536525717041553,0.028337454891780977,24.018550814228462,0,polar
8843557,40056,CANX-5,637.7967265889347,3.0,2234400000.0,52.0,4.2,bad,S,2607.9828159863414,167.75709618575212,1.4833833426852252,0.15264202695096146,15.760186135226462,0,polar
8705996,40056,CANX-5,638.0973921208497,2.0,2234400000.0,52.0,4.2,bad,S,2709.378507214248,168.08839530251547,2.224510180650321,0.15264202695096146,14.687760180498003,0,polar
8542313,40056,CANX-5,638.4234999229338,3.0,2234400000.0,52.0,4.2,bad,S,2609.477308034592,167.76207216756802,1.4833833426852252,0.15264202695096146,15.755210153410559,0,polar
8343058,40056,CANX-5,638.9046275144192,67.0,2234400000.0,63.854,20.208,bad,S,688.4768515192118,156.1887885290688,0.08433881192816202,0.014452535674877306,28.865727813942925,0,polar
8327159,40056,CANX-5,638.9485426656456,4.0,2234400000.0,52.0,4.2,bad,S,2514.274164319754,167.43925433096064,1.1129330590743036,0.15264202695096146,16.448478273628865,0,polar
8323888,40056,CANX-5,638.9687790239241,70.0,2234400000.0,63.854,20.208,bad,S,675.9227655758104,156.02894315668945,0.0826166812391871,0.014157426523465366,29.027590426162647,0,polar
8321882,40056,CANX-5,638.9941499030465,62.0,2234400000.0,63.854,20.208,bad,S,714.617195877734,156.5124709246845,0.08792626690663592,0.015067292035241656,28.537843206988384,0,polar
8292982,40056,CANX-5,639.0662918731368,12.0,2234400000.0,52.0,4.2,bad,S,1886.2343880310718,164.94291484041443,0.3734002903296786,0.06398692243371788,19.77300563743694,0,polar
8240309,40056,CANX-5,639.2572984026301,61.0,2234400000.0,63.854,20.208,bad,S,720.939156736752,156.58897396018713,0.08876347637786815,0.015210758601508148,28.460359495448245,0,polar
8188648,40056,CANX-5,639.3707332906124,2.0,2234400000.0,52.0,4.2,bad,S,2712.424317842001,168.09815426225921,2.224510180650321,0.15264202695096146,14.678001220754254,0,polar
7999178,40056,CANX-5,639.7401308989001,23.0,2234400000.0,52.0,4.2,bad,S,1352.4326195157955,162.05331441635803,0.19868978961172504,0.03404804036181189,22.86725544428316,0,polar
7870083,40056,CANX-5,640.0173290380517,3.0,2234400000.0,52.0,4.2,bad,S,2613.274855565276,167.77470347134297,1.4833833426852252,0.15264202695096146,15.742578849635606,0,polar
7834944,40056,CANX-5,640.0834705410389,2.0,2234400000.0,52.0,4.2,bad,S,2714.128035395152,168.10360829722066,2.224510180650321,0.15264202695096146,14.672547185792808,0,polar
7834805,40056,CANX-5,640.0909865754984,24.0,2234400000.0,52.0,4.2,bad,S,1317.9232146505815,161.82880383499966,0.19087113746920914,0.032708214172234816,23.10092450397366,0,polar
7730801,40056,CANX-5,640.2684050538364,4.0,2234400000.0,52.0,4.2,bad,S,2517.402575548973,167.45005511947932,1.1129330590743036,0.15264202695096146,16.437677485110186,0,polar
7494179,40056,CANX-5,640.7170047237478,6.0,2234400000.0,52.0,4.2,bad,S,2337.9935826419196,166.80786797113794,0.7427095289394711,0.12727279075512762,17.475457399782243,0,polar
7458987,40056,CANX-5,640.7494876769861,2.0,2234400000.0,52.0,4.2,bad,S,2715.7193372186366,168.10869936938784,2.224510180650321,0.15264202695096146,14.667456113625633,0,polar
7458971,40056,CANX-5,640.7494876769861,3.0,2234400000.0,52.0,4.2,bad,S,2615.017987675545,167.78049528681674,1.4833833426852252,0.15264202695096146,15.736787034161836,0,polar
7444163,40056,CANX-5,640.8524664158804,20.0,2234400000.0,52.0,4.2,bad,S,1471.5353167625244,162.78641546780563,0.2269874661749469,0.03889720969080905,22.10100754694338,0,polar
7406193,40056,CANX-5,640.9886414795819,2.0,2234400000.0,52.0,4.2,bad,S,2716.290569342575,168.1105261919783,2.224510180650321,0.15264202695096146,14.665629291035174,0,polar
7392851,40056,CANX-5,641.0141162018708,21.0,2234400000.0,52.0,4.2,bad,S,1430.7793027143694,162.54245465834285,0.2166328931278275,0.03712282097296602,22.3570973181711,0,polar
7392795,40056,CANX-5,641.029333948296,2.0,2234400000.0,52.0,4.2,bad,S,2716.387756445823,168.11083696187947,2.224510180650321,0.15264202695096146,14.665318521133997,0,polar
7360508,40056,CANX-5,641.126468285288,16.0,2234400000.0,52.0,4.2,bad,S,1659.5746863145455,163.83093771300793,0.2816537166530816,0.04826497190116579,20.992451289052582,0,polar
7342346,40056,CANX-5,641.1871424986812,81.0,2234400000.0,52.0,4.2,bad,S,648.4374932987066,155.66836404054192,0.07860200685117603,0.013469460645250623,29.39287218257641,0,polar
7342320,40056,CANX-5,641.1871424986812,3.0,2234400000.0,52.0,4.2,bad,S,2616.05955644007,167.7839542114388,1.4833833426852252,0.15264202695096146,15.73332810953977,0,polar
7335582,40056,CANX-5,641.2210319997012,2.0,2234400000.0,52.0,4.2,bad,S,2716.845559286161,168.11230070353218,2.224510180650321,0.15264202695096146,14.663854779481284,0,polar
7335567,40056,CANX-5,641.2210319997012,8.0,2234400000.0,52.0,4.2,bad,S,2174.8020263890658,166.17939625548627,0.5578253640878651,0.0955905210248672,18.32049555001575,0,polar
7325902,40056,CANX-5,641.2482237780032,78.0,2234400000.0,52.0,4.2,bad,S,654.2266129895133,155.7455658080979,0.07936868183906451,0.01360084022435748,29.314772360453418,0,polar
7325892,40056,CANX-5,641.2616073776207,2.0,2234400000.0,52.0,4.2,bad,S,2716.942451653036,168.11261046769812,2.224510180650321,0.15264202695096146,14.66354501531535,0,polar
7325877,40056,CANX-5,641.2616073776207,3.0,2234400000.0,52.0,4.2,bad,S,2616.236744249197,167.78454249377887,1.4833833426852252,0.15264202695096146,15.732739827199708,0,polar
7315527,40056,CANX-5,641.2834834555215,2.0,2234400000.0,52.0,4.2,bad,S,2716.9946897525124,168.1127774679247,2.224510180650321,0.15264202695096146,14.663378015088767,0,polar
7315434,40056,CANX-5,641.321932636688,5.0,2234400000.0,52.0,4.2,bad,S,2427.594481936709,167.1345245086016,0.890753532318118,0.15264202695096146,16.97538762274408,0,polar
7307147,40056,CANX-5,641.3428232939059,21.0,2234400000.0,52.0,4.2,bad,S,1431.4000767232933,162.546222398866,0.2166328931278275,0.03712282097296602,22.35332957764794,0,polar
7307135,40056,CANX-5,641.3428232939059,8.0,2234400000.0,52.0,4.2,bad,S,2175.0811690276255,166.18051104503172,0.5578253640878651,0.0955905210248672,18.319380760470295,0,polar
7307100,40056,CANX-5,641.3553165518015,17.0,2234400000.0,52.0,4.2,bad,S,1609.4139196739673,163.56435673935195,0.2655328284517416,0.04550245122398304,21.277915671587067,0,polar
7307068,40056,CANX-5,641.3564894816845,6.0,2234400000.0,52.0,4.2,bad,S,2339.4870940113788,166.8134147499558,0.7427095289394711,0.12727279075512762,17.469910620964384,0,polar
7259431,40056,CANX-5,641.578816094051,77.0,2234400000.0,53.1094,6.1076,bad,S,656.8587472671807,155.78044142986417,0.07967638633417724,0.013653569330818275,29.2795363050856,0,polar
7257210,40056,CANX-5,641.578816094051,81.0,2234400000.0,53.1094,6.1076,bad,S,648.8331845676212,155.67366275091555,0.07860200685117603,0.013469460645250623,29.387573472202774,0,polar
7221515,40056,CANX-5,641.7753423687545,51.0,2234400000.0,53.1094,6.1076,bad,S,802.409560226969,157.5189235637534,0.0998966597841404,0.017118572177198015,27.517368894900017,0,polar
7187421,40056,CANX-5,641.9040222653202,48.0,2234400000.0,53.1094,6.1076,bad,S,833.8806334411147,157.85307942835257,0.10446723579675557,0.017901798919036926,27.177859227546378,0,polar
7178409,40056,CANX-5,641.9326252924902,89.0,2234400000.0,53.1094,6.1076,bad,S,642.0214661905547,155.58199265743875,0.07764611159316874,0.013305655749237102,29.480363265833603,0,polar
7176143,40056,CANX-5,641.9469855741727,76.0,2234400000.0,53.1094,6.1076,bad,S,659.729226942859,155.8183161631371,0.08001095296198694,0.013710901607779461,29.24126967290789,0,polar
7172583,40056,CANX-5,641.9526612191103,66.0,2234400000.0,53.1094,6.1076,bad,S,696.4460937899521,156.28875181310784,0.08498130559876087,0.014562635194694137,28.76501193671345,0,polar
7063459,40056,CANX-5,642.3462713975159,4.0,2234400000.0,52.0,4.2,bad,S,2522.32215591534,167.4670127701358,1.1129330590743036,0.15264202695096146,16.420719834453706,0,polar
7052295,40056,CANX-5,642.3652225469123,6.0,2234400000.0,52.0,4.2,bad,S,2341.841750898987,166.82215256447967,0.7427095289394711,0.12727279075512762,17.461172806440516,0,polar
7040231,40056,CANX-5,642.4135269920807,3.0,2234400000.0,52.0,4.2,bad,S,2618.9766005727197,167.79363403991294,1.4833833426852252,0.15264202695096146,15.723648281065636,0,polar
7015764,40056,CANX-5,642.4791192386765,11.0,2234400000.0,52.0,4.2,bad,S,1959.3949580919905,165.2734413995287,0.40686910782733937,0.06972223299622514,19.4032749502625,0,polar
7015758,40056,CANX-5,642.4791192386765,77.0,2234400000.0,52.0,4.2,bad,S,657.7784637796976,155.7925946799961,0.07967638633417724,0.013653569330818275,29.267383054953655,0,polar
7015751,40056,CANX-5,642.4791192386765,17.0,2234400000.0,52.0,4.2,bad,S,1611.68396101948,163.57659935512802,0.2655328284517416,0.04550245122398304,21.265673055810993,0,polar
7015746,40056,CANX-5,642.4791192386765,2.0,2234400000.0,52.0,4.2,bad,S,2719.848596956792,168.12189626130652,2.224510180650321,0.15264202695096146,14.654259221706951,0,polar
7015727,40056,CANX-5,642.4903807217715,3.0,2234400000.0,52.0,4.2,bad,S,2619.1593237336506,167.79424002388652,1.4833833426852252,0.15264202695096146,15.723042297092064,0,polar
7015710,40056,CANX-5,642.4903807217715,8.0,2234400000.0,52.0,4.2,bad,S,2177.7103317747524,166.19100390701928,0.5578253640878651,0.0955905210248672,18.308887898482737,0,polar
6950214,40056,CANX-5,642.6105557049395,68.0,2234400000.0,52.0,4.2,bad,S,687.9743760930114,156.18244693671284,0.08373127436581514,0.014348426331943647,28.872781053204164,0,polar
6950208,40056,CANX-5,642.6105557049395,12.0,2234400000.0,52.0,4.2,bad,S,1893.9693452660526,164.9784605852486,0.3734002903296786,0.06398692243371788,19.73745989260277,0,polar
6950182,40056,CANX-5,642.615715736104,32.0,2234400000.0,52.0,4.2,bad,S,1096.0430548876193,160.22755396551318,0.14650210127126215,0.025105011520329425,24.754146612309967,0,polar
6939309,40056,CANX-5,642.6347067622037,5.0,2234400000.0,52.0,4.2,bad,S,2430.6818303148007,167.145563967526,0.890753532318118,0.15264202695096146,16.964348163819693,0,polar
6935796,40056,CANX-5,642.6438629691365,8.0,2234400000.0,52.0,4.2,bad,S,2178.0618357557596,166.19240578235875,0.5578253640878651,0.0955905210248672,18.30748602314327,0,polar
6930369,40056,CANX-5,642.6438629691365,12.0,2234400000.0,52.0,4.2,bad,S,1894.0419650041113,164.97879361858918,0.3734002903296786,0.06398692243371788,19.73712685926219,0,polar
6930348,40056,CANX-5,642.6438629691365,6.0,2234400000.0,52.0,4.2,bad,S,2342.4919081431135,166.82456366262818,0.7427095289394711,0.12727279075512762,17.458761708292002,0,polar
6901192,40056,CANX-5,642.6867678238323,5.0,2234400000.0,52.0,4.2,bad,S,2430.8042122833745,167.14600128083458,0.890753532318118,0.15264202695096146,16.9639108505111,0,polar
11703500,41340,HORYU-4,456.07016629429927,5.0,2400300000.0,41.742714,-111.807429,good,S,1961.0058503860632,165.9026715109959,0.9179400860782597,0.5309705862988899,17.801725507241713,1,temperate
4838680,41340,HORYU-4,560.5397468246138,3.0,2400300000.0,52.0,4.2,good,S,2418.6529625701605,167.72456489697197,1.5286574612035766,0.17342346950404597,15.726661862935146,1,polar
6847981,41340,HORYU-4,552.738352085772,2.0,2400300000.0,52.0,4.2,bad,S,2498.7936584689387,168.00770162660274,2.2924041192338103,0.17342346950404597,14.679778475274134,0,polar
6829290,41340,HORYU-4,552.8542162300346,2.0,2400300000.0,52.0,4.2,bad,S,2499.0887296931396,168.0087272434111,2.2924041192338103,0.17342346950404597,14.67875285846577,0,polar
6802976,41340,HORYU-4,552.9941668445554,2.0,2400300000.0,52.0,4.2,bad,S,2499.445105857785,168.0099657842084,2.2924041192338103,0.17342346950404597,14.677514317668482,0,polar
6355018,41340,HORYU-4,555.7494953831256,19.0,2400300000.0,39.236,-86.305,bad,S,1345.4809127328876,162.63064454753192,0.2457357972661547,0.14214269790360942,22.13478464791308,0,temperate
6355017,41340,HORYU-4,555.7494953831256,7.0,2400300000.0,39.236,-86.305,bad,S,2051.5422051874284,166.29470284213184,0.6564714945089367,0.3797274567418786,17.822405897232102,0,temperate
4853442,41340,HORYU-4,560.5088830100358,2.0,2400300000.0,52.0,4.2,bad,S,2518.523352532982,168.07601336698954,2.2924041192338103,0.17342346950404597,14.61146673488733,0,polar
4853436,41340,HORYU-4,560.5088830100358,3.0,2400300000.0,52.0,4.2,bad,S,2418.5751570174275,167.72428547643295,1.5286574612035766,0.17342346950404597,15.726941283474162,0,polar
4842593,41340,HORYU-4,560.5246474719261,3.0,2400300000.0,52.0,4.2,bad,S,2418.614898372618,167.72442819938624,1.5286574612035766,0.17342346950404597,15.726798560520876,0,polar
157936,41340,HORYU-4,520.1122399836431,27.0,2400300000.0,42.744,-71.538,bad,S,1014.6023912821151,160.17901135559921,0.17622340125156355,0.10193415027977097,24.6961387834842,0,temperate
154675,41340,HORYU-4,525.5123424056401,78.0,2400300000.0,42.744,-71.538,bad,S,536.3318539423926,154.64176555336456,0.0817910813664331,0.04731099456904276,30.382440061314696,0,temperate
154672,41340,HORYU-4,445.57010216361505,21.0,2400300000.0,42.744,-71.538,bad,S,1046.9760854443484,160.4518289611355,0.22324471287543796,0.1291330206419297,24.34910099596189,0,temperate
153952,41340,HORYU-4,525.5153285755277,80.0,2400300000.0,42.744,-71.538,bad,S,532.99224836353,154.5875115816433,0.08123793680065418,0.04699103523961149,30.437567136931193,0,temperate
125864,41340,HORYU-4,447.1136506728535,42.0,2400300000.0,43.283,-87.977,bad,S,643.1594890796714,156.21946735521954,0.11956372827623069,0.06916009428691507,28.745116512832055,0,temperate
115450,41340,HORYU-4,520.3746643365439,36.0,2400300000.0,43.283,-87.977,bad,S,829.6323609429555,158.4308074036794,0.13611050921738901,0.07873136599727493,26.507658411720683,0,temperate
84533,41340,HORYU-4,564.1505258891248,30.0,2400300000.0,-32.064875,115.85455,bad,S,1016.2712483484011,160.19328650426365,0.16000750000000002,0.09255427165207858,24.707459414699002,0,temperate
67224,41340,HORYU-4,564.2300538837972,70.0,2400300000.0,-32.064875,115.85455,bad,S,597.2423692245984,155.57610591677107,0.08513821246471975,0.04924709931991971,29.442816462059028,0,temperate
63865,41340,HORYU-4,564.2438134756048,52.0,2400300000.0,-34.7207,138.6927,bad,S,699.0885653310106,156.94373769712172,0.10152621602411283,0.05872652830463165,28.04931724916429,0,temperate
13542142,40020,BRITE-CA1 (TORONTO),653.2384366005654,82.0,2234400000.0,44.255672,-76.38549,bad,S,659.054030136318,155.80942207773444,0.07839724228707397,0.040868227240565894,29.224620143352666,0,temperate
11832301,40020,BRITE-CA1 (TORONTO),655.8063193043599,31.0,2234400000.0,1.299,103.771,bad,S,1140.7191388233027,160.57457623852991,0.15073504173034916,0.15854209219951268,24.26945431815497,0,tropical
11821104,40020,BRITE-CA1 (TORONTO),655.8136289633649,45.0,2234400000.0,46.64,6.636,bad,S,887.7668884446703,158.3969805329189,0.10979145976229068,0.05723393062996234,26.589301767303624,0,temperate
10407264,40020,BRITE-CA1 (TORONTO),660.1823528921941,82.0,2234400000.0,63.854,20.208,bad,S,666.0538948419298,155.90118912057332,0.07839724228707397,0.013434371614471335,29.160286956139885,0,polar
10388174,40020,BRITE-CA1 (TORONTO),660.1743265851364,72.0,2234400000.0,63.854,20.208,bad,S,690.7443271778884,156.21734821387724,0.08162951873429199,0.013988263584212084,28.84034169441898,0,polar
10386118,40020,BRITE-CA1 (TORONTO),660.2500588144467,89.0,2234400000.0,63.854,20.208,bad,S,660.3411969192348,155.8263695275051,0.07764611159316874,0.013305655749237102,29.23598639576724,0,polar
10370343,40020,BRITE-CA1 (TORONTO),660.4004186986667,82.0,2234400000.0,63.854,20.208,bad,S,666.2737158353548,155.9040552938644,0.07839724228707397,0.013434371614471335,29.157420782848817,0,polar
10350931,40020,BRITE-CA1 (TORONTO),660.5556221897114,72.0,2234400000.0,63.854,20.208,bad,S,691.1415130513169,156.22234126418135,0.08162951873429199,0.013988263584212084,28.835348644114873,0,polar
10342634,40020,BRITE-CA1 (TORONTO),660.6252649847511,81.0,2234400000.0,63.854,20.208,bad,S,668.0744585402435,155.92749904295016,0.07860200685117603,0.013469460645250623,29.13373718016817,0,polar
10339315,40020,BRITE-CA1 (TORONTO),660.6538707695772,65.0,2234400000.0,63.854,20.208,bad,S,721.6570165284229,156.59761844650464,0.08565995661156807,0.014678930738218538,28.455350356760306,0,polar
10336207,40020,BRITE-CA1 (TORONTO),660.673539410197,65.0,2234400000.0,63.854,20.208,bad,S,721.6783082687643,156.59787471087182,0.08565995661156807,0.014678930738218538,28.455094092393125,0,polar
10333735,40020,BRITE-CA1 (TORONTO),660.6864667804712,81.0,2234400000.0,63.854,20.208,bad,S,668.1362846402371,155.92830283035335,0.07860200685117603,0.013469460645250623,29.132933392764983,0,polar
10317769,40020,BRITE-CA1 (TORONTO),660.7821630858898,89.0,2234400000.0,63.854,20.208,bad,S,660.8733677436458,155.83336669121047,0.07764611159316874,0.013305655749237102,29.228989232061878,0,polar
10304137,40020,BRITE-CA1 (TORONTO),660.8570178667424,81.0,2234400000.0,63.854,20.208,bad,S,668.3085754174954,155.93054235213225,0.07860200685117603,0.013469460645250623,29.13069387098608,0,polar
10289181,40020,BRITE-CA1 (TORONTO),660.9203092164198,89.0,2234400000.0,63.854,20.208,bad,S,661.0115311511645,155.83518238955924,0.07764611159316874,0.013305655749237102,29.227173533713113,0,polar
10280668,40020,BRITE-CA1 (TORONTO),660.953821296458,71.0,2234400000.0,63.854,20.208,bad,S,695.1890984121346,156.2730607380938,0.08210762614058348,0.014070193412103617,28.784069132968284,0,polar
10262245,40020,BRITE-CA1 (TORONTO),661.0186471388442,79.0,2234400000.0,63.854,20.208,bad,S,672.2002191774018,155.98097467053054,0.07908734295806594,0.013552629203578276,29.079693047922547,0,polar
10254443,40020,BRITE-CA1 (TORONTO),661.0579353839157,76.0,2234400000.0,63.854,20.208,bad,S,679.3178996665929,156.07246283916032,0.08001095296198694,0.013710901607779461,28.987122996884665,0,polar
10250755,40020,BRITE-CA1 (TORONTO),661.06972802987,61.0,2234400000.0,63.854,20.208,bad,S,745.2287272022713,156.87679343181418,0.08876347637786815,0.015210758601508148,28.1725400238212,0,polar
10232283,40020,BRITE-CA1 (TORONTO),661.1719947520915,79.0,2234400000.0,63.854,20.208,bad,S,672.3559113097499,155.98298622609818,0.07908734295806594,0.013552629203578276,29.077681492354913,0,polar
10228415,40020,BRITE-CA1 (TORONTO),661.2240330004652,85.0,2234400000.0,63.854,20.208,bad,S,663.5113561758099,155.86796888236736,0.07793083607350809,0.01335444693582769,29.194053525238047,0,polar
10220947,40020,BRITE-CA1 (TORONTO),661.2662804648908,63.0,2234400000.0,63.854,20.208,bad,S,733.3160892226406,156.736825949334,0.0871309957971453,0.014931012144425757,28.314419733339207,0,polar
10213919,40020,BRITE-CA1 (TORONTO),661.304109930933,86.0,2234400000.0,63.854,20.208,bad,S,662.7667571429165,155.85821601735532,0.0778238607276046,0.013336115340116814,29.203931697191734,0,polar
10213269,40020,BRITE-CA1 (TORONTO),661.3174009678733,2.0,2234400000.0,52.0,4.2,bad,S,2764.5176528209076,168.2633890251422,2.224510180650321,0.15264202695096146,14.512766457871265,0,polar
10204236,40020,BRITE-CA1 (TORONTO),661.3485775233712,11.0,2234400000.0,52.0,4.2,bad,S,2000.8860982848767,165.45544901274144,0.40686910782733937,0.06972223299622514,19.221267337049767,0,polar
10203644,40020,BRITE-CA1 (TORONTO),661.3704124921505,69.0,2234400000.0,63.854,20.208,bad,S,703.5851479292323,156.37733494180733,0.08315757647744386,0.014250115850580097,28.678565056479385,0,polar
10193116,40020,BRITE-CA1 (TORONTO),661.4152483009884,87.0,2234400000.0,63.854,20.208,bad,S,662.2375008724393,155.85127707844657,0.07774082681558717,0.01332188641575541,29.210967898936843,0,polar
10187658,40020,BRITE-CA1 (TORONTO),661.4516557711759,64.0,2234400000.0,63.854,20.208,bad,S,727.8824637733906,156.6722268044278,0.08637605693311952,0.014801643700464542,28.37990318555339,0,polar
10165262,40020,BRITE-CA1 (TORONTO),661.5791830093185,84.0,2234400000.0,63.854,20.208,bad,S,664.8783893481841,155.88584602045643,0.0780619170637139,0.013376909342446145,29.17602284375218,0,polar
10153157,40020,BRITE-CA1 (TORONTO),661.6179873532228,74.0,2234400000.0,63.854,20.208,bad,S,685.6413338321399,156.15294149798083,0.08076290363208986,0.013839757986437808,28.905763531015396,0,polar
10147057,40020,BRITE-CA1 (TORONTO),661.6630282669366,76.0,2234400000.0,63.854,20.208,bad,S,679.9380743019556,156.08038889417284,0.08001095296198694,0.013710901607779461,28.979196941872146,0,polar
10123266,40020,BRITE-CA1 (TORONTO),661.7391964988528,82.0,2234400000.0,63.854,20.208,bad,S,667.6232668944212,155.92163094732393,0.07839724228707397,0.013434371614471335,29.139845129389272,0,polar
10121330,40020,BRITE-CA1 (TORONTO),661.741853196092,83.0,2234400000.0,63.854,20.208,bad,S,666.2396618951379,155.90361133769633,0.07821730564962237,0.013403537166931313,29.158075510101867,0,polar
10105115,40020,BRITE-CA1 (TORONTO),661.7990111115205,88.0,2234400000.0,63.854,20.208,bad,S,662.1644547079441,155.85031895403236,0.07768160725053595,0.01331173838477197,29.211995390947095,0,polar
10096517,40020,BRITE-CA1 (TORONTO),661.8162640890268,60.0,2234400000.0,63.854,20.208,bad,S,752.5791064048171,156.9620448153966,0.08964435151097436,0.015361707838226988,28.08625681586895,0,polar
10066037,40020,BRITE-CA1 (TORONTO),661.93679519541,79.0,2234400000.0,63.854,20.208,bad,S,673.1324031643016,155.99301161722155,0.07908734295806594,0.013552629203578276,29.067656101231535,0,polar
10038370,40020,BRITE-CA1 (TORONTO),662.0341690646383,76.0,2234400000.0,63.854,20.208,bad,S,680.318464337779,156.0852468395131,0.08001095296198694,0.013710901607779461,28.974338996531884,0,polar
10027152,40020,BRITE-CA1 (TORONTO),662.2133161443599,68.0,2234400000.0,63.854,20.208,bad,S,708.8176983975181,156.44169273313094,0.08373127436581514,0.014348426331943647,28.613535256786065,0,polar
10019265,40020,BRITE-CA1 (TORONTO),662.2133161443599,56.0,2234400000.0,52.2179,5.1645,bad,S,782.3616524534727,157.29915278188548,0.09364386884785175,0.016047076361591372,27.74446396351982,0,polar
10014757,40020,BRITE-CA1 (TORONTO),662.2133161443599,32.0,2234400000.0,52.2179,5.1645,bad,S,1126.7207131624373,160.4673272413149,0.14650210127126215,0.025105011520329425,24.514373336508243,0,polar
10014647,40020,BRITE-CA1 (TORONTO),662.2133161443599,67.0,2234400000.0,63.854,20.208,bad,S,713.4051097555093,156.4977259885918,0.08433881192816202,0.014452535674877306,28.556790354419917,0,polar
10011992,40020,BRITE-CA1 (TORONTO),662.2133161443599,62.0,2234400000.0,63.854,20.208,bad,S,740.281803126788,156.8189431580844,0.08792626690663592,0.015067292035241656,28.23137097358847,0,polar
10009829,40020,BRITE-CA1 (TORONTO),662.2133161443599,64.0,2234400000.0,52.2179,5.1645,bad,S,728.7123855689833,156.6821246973224,0.08637605693311952,0.014801643700464542,28.37000529265879,0,polar
10003316,40020,BRITE-CA1 (TORONTO),662.2241842647281,77.0,2234400000.0,63.854,20.208,bad,S,677.9480054792348,156.05492942330937,0.07967638633417724,0.013653569330818275,29.005048311640394,0,polar
9990249,40020,BRITE-CA1 (TORONTO),662.2537899655163,72.0,2234400000.0,63.854,20.208,bad,S,692.9104287379041,156.24454363149817,0.08162951873429199,0.013988263584212084,28.81314627679805,0,polar
9975215,40020,BRITE-CA1 (TORONTO),662.293960959888,80.0,2234400000.0,63.854,20.208,bad,S,671.530247776408,155.97231326368592,0.07883191970902703,0.013508859158274909,29.088653648061552,0,polar
9967656,40020,BRITE-CA1 (TORONTO),662.3132194788877,84.0,2234400000.0,63.854,20.208,bad,S,665.6157395854225,155.89547333605543,0.0780619170637139,0.013376909342446145,29.166395528153174,0,polar
9953357,40020,BRITE-CA1 (TORONTO),662.3430848158414,74.0,2234400000.0,63.854,20.208,bad,S,686.3901552417383,156.1624225934513,0.08076290363208986,0.013839757986437808,28.89628243554492,0,polar
9945036,40020,BRITE-CA1 (TORONTO),662.35795851694,60.0,2234400000.0,63.854,20.208,bad,S,753.1867130543724,156.96905467645155,0.08964435151097436,0.015361707838226988,28.07924695481401,0,polar
9921770,40020,BRITE-CA1 (TORONTO),662.3956078241172,86.0,2234400000.0,63.854,20.208,bad,S,663.860441333647,155.87253748210838,0.0778238607276046,0.013336115340116814,29.189610232438667,0,polar
9905071,40020,BRITE-CA1 (TORONTO),662.4347044858796,88.0,2234400000.0,63.854,20.208,bad,S,662.8004660571914,155.8586577782923,0.07768160725053595,0.01331173838477197,29.203656566687158,0,polar
9898824,40020,BRITE-CA1 (TORONTO),662.4533826676652,24.0,2234400000.0,46.64,6.636,bad,S,1357.9000936199814,162.0883580409699,0.19087113746920914,0.09950050272422753,22.77457800945143,0,temperate
9889427,40020,BRITE-CA1 (TORONTO),662.4691608452449,82.0,2234400000.0,63.854,20.208,bad,S,668.3591035791578,155.93119903298555,0.07839724228707397,0.013434371614471335,29.13027704372766,0,polar
9869030,40020,BRITE-CA1 (TORONTO),662.508392676823,75.0,2234400000.0,63.854,20.208,bad,S,683.5774501533924,156.12675623139515,0.08037292678315079,0.013772930458366047,28.932405601978076,0,polar
9833191,40020,BRITE-CA1 (TORONTO),662.557772605036,87.0,2234400000.0,63.854,20.208,bad,S,663.3813116354604,155.866266329393,0.07774082681558717,0.01332188641575541,29.195978647990415,0,polar
9823384,40020,BRITE-CA1 (TORONTO),662.5669939074915,62.0,2234400000.0,63.854,20.208,bad,S,740.6725851548435,156.82352708001187,0.08792626690663592,0.015067292035241656,28.226787051661006,0,polar
9820893,40020,BRITE-CA1 (TORONTO),662.567514543065,63.0,2234400000.0,63.854,20.208,bad,S,734.7436675452018,156.75371871083198,0.0871309957971453,0.014931012144425757,28.297526971841222,0,polar
9812809,40020,BRITE-CA1 (TORONTO),662.5853854973193,81.0,2234400000.0,63.854,20.208,bad,S,670.0545682784632,155.95320512489928,0.07860200685117603,0.013469460645250623,29.108031098219044,0,polar
9806479,40020,BRITE-CA1 (TORONTO),662.5923071288344,66.0,2234400000.0,63.854,20.208,bad,S,718.6528921238196,156.56138522930695,0.08498130559876087,0.014562635194694137,28.492378520514336,0,polar
9780621,40020,BRITE-CA1 (TORONTO),662.6328023679143,84.0,2234400000.0,63.854,20.208,bad,S,665.9367649966352,155.89966151690032,0.0780619170637139,0.013376909342446145,29.162207347308282,0,polar
9772973,40020,BRITE-CA1 (TORONTO),662.6549954624543,77.0,2234400000.0,63.854,20.208,bad,S,678.3880507966987,156.0605654678275,0.07967638633417724,0.013653569330818275,28.999412267122267,0,polar
9763235,40020,BRITE-CA1 (TORONTO),662.6871962031819,64.0,2234400000.0,63.854,20.208,bad,S,729.2287271576388,156.68827705313836,0.08637605693311952,0.014801643700464542,28.363852936842818,0,polar
9758580,40020,BRITE-CA1 (TORONTO),662.702704180605,83.0,2234400000.0,63.854,20.208,bad,S,667.2064231285522,155.9162060469169,0.07821730564962237,0.013403537166931313,29.1454808008813,0,polar
9743223,40020,BRITE-CA1 (TORONTO),662.7339950990463,90.0,2234400000.0,63.854,20.208,bad,S,662.7339950990463,155.85778664378165,0.07763428571428571,0.0133036292334191,29.204583131885414,0,polar
9728653,40020,BRITE-CA1 (TORONTO),662.7624562097926,84.0,2234400000.0,63.854,20.208,bad,S,666.0670040279456,155.90136007343966,0.0780619170637139,0.013376909342446145,29.160508790768944,0,polar
9723833,40020,BRITE-CA1 (TORONTO),662.7741825266266,27.0,2234400000.0,52.2179,5.1645,bad,S,1261.1130929377846,161.44608236733853,0.1710042077066025,0.02930376129247498,23.506917354277135,0,polar
9723726,40020,BRITE-CA1 (TORONTO),662.7741825266266,62.0,2234400000.0,63.854,20.208,bad,S,740.9015078780367,156.8262112488759,0.08792626690663592,0.015067292035241656,28.224102882796984,0,polar
9721183,40020,BRITE-CA1 (TORONTO),662.7784916648561,61.0,2234400000.0,63.854,20.208,bad,S,747.1307849810892,156.89893430706968,0.08876347637786815,0.015210758601508148,28.150399148565697,0,polar
9716503,40020,BRITE-CA1 (TORONTO),662.7859631959163,85.0,2234400000.0,63.854,20.208,bad,S,665.0781783560806,155.88845564746032,0.07793083607350809,0.01335444693582769,29.173566760145093,0,polar
9714992,40020,BRITE-CA1 (TORONTO),662.788729488203,78.0,2234400000.0,63.854,20.208,bad,S,676.1608731110864,156.03200239908483,0.07936868183906451,0.01360084022435748,29.02833576946648,0,polar
9709697,40020,BRITE-CA1 (TORONTO),662.7990791508801,67.0,2234400000.0,63.854,20.208,bad,S,714.0314208187583,156.50534814062036,0.08433881192816202,0.014452535674877306,28.54916820239137,0,polar
9702758,40020,BRITE-CA1 (TORONTO),662.8151978679398,89.0,2234400000.0,63.854,20.208,bad,S,662.9066567149612,155.86004927769682,0.07764611159316874,0.013305655749237102,29.202306645575533,0,polar
9696658,40020,BRITE-CA1 (TORONTO),662.836044367712,73.0,2234400000.0,63.854,20.208,bad,S,690.0985957037119,156.20922454877902,0.08118153259219653,0.01391149542074779,28.848990113822794,0,polar
9687818,40020,BRITE-CA1 (TORONTO),662.8476464092892,82.0,2234400000.0,63.854,20.208,bad,S,668.7406334578582,155.93615592052083,0.07839724228707397,0.013434371614471335,29.125320156192373,0,polar
9682720,40020,BRITE-CA1 (TORONTO),662.86628580248,64.0,2234400000.0,63.854,20.208,bad,S,729.4238622000694,156.69060100808903,0.08637605693311952,0.014801643700464542,28.36152898189215,0,polar
9670977,40020,BRITE-CA1 (TORONTO),662.890119489065,77.0,2234400000.0,63.854,20.208,bad,S,678.628214041023,156.06363990622762,0.07967638633417724,0.013653569330818275,28.996337828722147,0,polar
9664272,40020,BRITE-CA1 (TORONTO),662.9224922259536,85.0,2234400000.0,63.854,20.208,bad,S,665.2151348931056,155.89024410923514,0.07793083607350809,0.01335444693582769,29.17177829837027,0,polar
9657594,40020,BRITE-CA1 (TORONTO),662.9574784558927,71.0,2234400000.0,63.854,20.208,bad,S,697.2860471355561,156.29922117480237,0.08210762614058348,0.014070193412103617,28.757908696259705,0,polar
9651652,40020,BRITE-CA1 (TORONTO),662.9748854811078,75.0,2234400000.0,63.854,20.208,bad,S,684.0573185750382,156.13285154926447,0.08037292678315079,0.013772930458366047,28.92631028410875,0,polar
9649493,40020,BRITE-CA1 (TORONTO),662.9762239960346,89.0,2234400000.0,63.854,20.208,bad,S,663.0677029697936,155.8621591676698,0.07764611159316874,0.013305655749237102,29.200196755602548,0,polar
9640526,40020,BRITE-CA1 (TORONTO),662.9959791447336,66.0,2234400000.0,63.854,20.208,bad,S,719.0871123696788,156.56663178186446,0.08498130559876087,0.014562635194694137,28.487131967956827,0,polar
9633223,40020,BRITE-CA1 (TORONTO),663.020404929287,80.0,2234400000.0,63.854,20.208,bad,S,672.2658499383042,155.98182268233182,0.07883191970902703,0.013508859158274909,29.079144229415647,0,polar
9623108,40020,BRITE-CA1 (TORONTO),663.0401571932625,61.0,2234400000.0,63.854,20.208,bad,S,747.4220401892062,156.90231968172307,0.08876347637786815,0.015210758601508148,28.147013773912306,0,polar
9620592,40020,BRITE-CA1 (TORONTO),663.0422177236851,63.0,2234400000.0,52.2179,5.1645,bad,S,735.2644489945187,156.7598730311145,0.0871309957971453,0.014931012144425757,28.291372651558703,0,polar
9617072,40020,BRITE-CA1 (TORONTO),663.0422177236851,86.0,2234400000.0,63.854,20.208,bad,S,664.5083460883225,155.88101047499205,0.0778238607276046,0.013336115340116814,29.181137239555,0,polar
9615017,40020,BRITE-CA1 (TORONTO),663.0594080370083,57.0,2234400000.0,52.2179,5.1645,bad,S,775.4897464076048,157.22252287391117,0.09256827255125247,0.015862759159428173,27.822353784992885,0,polar
9615225,40020,BRITE-CA1 (TORONTO),663.0594080370083,77.0,2234400000.0,63.854,20.208,bad,S,678.8011305944865,156.06585281567155,0.07967638633417724,0.013653569330818275,28.99412491927822,0,polar
9609249,40020,BRITE-CA1 (TORONTO),663.0745219263845,68.0,2234400000.0,63.854,20.208,bad,S,709.733231921361,156.4529044902589,0.08373127436581514,0.014348426331943647,28.602323499658098,0,polar
9601232,40020,BRITE-CA1 (TORONTO),663.0908370952084,20.0,2234400000.0,52.2179,5.1645,bad,S,1514.084864597056,163.03400603758743,0.2269874661749469,0.03889720969080905,21.853416977161572,0,polar
9585996,40020,BRITE-CA1 (TORONTO),663.1263717130369,83.0,2234400000.0,63.854,20.208,bad,S,667.6326961468503,155.92175362259854,0.07821730564962237,0.013403537166931313,29.139933225199655,0,polar
9583492,40020,BRITE-CA1 (TORONTO),663.1460352674694,72.0,2234400000.0,52.2179,5.1645,bad,S,693.8398316153416,156.25618623545103,0.08162951873429199,0.013988263584212084,28.8015036728452,0,polar
9572565,40020,BRITE-CA1 (TORONTO),663.1835034243086,20.0,2234400000.0,52.2179,5.1645,bad,S,1514.26142177545,163.03501883864982,0.2269874661749469,0.03889720969080905,21.852404176099185,0,polar
9569400,40020,BRITE-CA1 (TORONTO),663.1860848095375,78.0,2234400000.0,63.854,20.208,bad,S,676.5654687232636,156.03719823630854,0.07936868183906451,0.01360084022435748,29.02313993224277,0,polar
9567264,40020,BRITE-CA1 (TORONTO),663.2067966779068,80.0,2234400000.0,52.2179,5.1645,bad,S,672.45459119506,155.98426093743223,0.07883191970902703,0.013508859158274909,29.076705974315246,0,polar
9567279,40020,BRITE-CA1 (TORONTO),663.2067966779068,62.0,2234400000.0,63.854,20.208,bad,S,741.3794984962315,156.83181312042888,0.08792626690663592,0.015067292035241656,28.218501011244,0,polar
9562318,40020,BRITE-CA1 (TORONTO),663.231534189973,85.0,2234400000.0,63.854,20.208,bad,S,665.5251444842997,155.89429104339095,0.07793083607350809,0.01335444693582769,29.16773136421446,0,polar
9557017,40020,BRITE-CA1 (TORONTO),663.2609396206171,23.0,2234400000.0,52.2179,5.1645,bad,S,1395.2015635200855,162.32374076128173,0.19868978961172504,0.03404804036181189,22.596829099359468,0,polar
9549425,40020,BRITE-CA1 (TORONTO),663.3237450767238,75.0,2234400000.0,63.854,20.208,bad,S,684.4161797154766,156.13740703146647,0.08037292678315079,0.013772930458366047,28.921754801906758,0,polar
9538869,40020,BRITE-CA1 (TORONTO),663.3564710507217,68.0,2234400000.0,63.854,20.208,bad,S,710.0329641732369,156.45657191283397,0.08373127436581514,0.014348426331943647,28.598656077083035,0,polar
13366117,40119,BRITE-PL2 (HEWELIUSZ),585.396233975509,45.0,2234399100.0,53.1094,6.1076,good,S,795.6786029898212,157.445751764682,0.1097914415795449,0.018814159171791724,27.57895032518141,1,polar
13333993,40119,BRITE-PL2 (HEWELIUSZ),585.5020698749395,89.0,2234399100.0,53.1094,6.1076,good,S,585.5837577841066,154.7827786227474,0.07764609873406739,0.013305646047037314,30.279577323086244,1,polar
13325516,40119,BRITE-PL2 (HEWELIUSZ),585.550990040846,79.0,2234399100.0,53.1094,6.1076,good,S,595.5659204370077,154.9295949476635,0.07908732986027987,0.013552619321290723,30.131072793769675,1,polar
13317009,40119,BRITE-PL2 (HEWELIUSZ),585.5711605760098,74.0,2234399100.0,52.0,4.2,good,S,607.0775726666288,155.09588195674095,0.08076289025681141,0.013839747894782085,29.9628230957222,1,polar
13134355,40119,BRITE-PL2 (HEWELIUSZ),586.1561789639618,87.0,2234399100.0,53.1094,6.1076,good,S,586.8927601308133,154.80217321951704,0.07774081394079987,0.013321876701720567,30.260071780455178,1,polar
13124325,40119,BRITE-PL2 (HEWELIUSZ),586.1848764375782,76.0,2234399100.0,53.1094,6.1076,good,S,602.557653606158,155.03097032057676,0.08001093971124029,0.013710891610083055,30.02861553871668,1,polar
12983063,40119,BRITE-PL2 (HEWELIUSZ),586.5020074007634,32.0,2234399100.0,53.1094,6.1076,good,S,1007.5016940800806,159.4959138784341,0.1465020770088061,0.0251049932142916,25.485786741957554,1,polar
12827700,40119,BRITE-PL2 (HEWELIUSZ),586.8653197434551,39.0,2234399100.0,53.1094,6.1076,good,S,879.1597358185809,158.3123539739854,0.1233620806845822,0.02113966069096188,26.696451975253808,1,polar
12598332,40119,BRITE-PL2 (HEWELIUSZ),587.7659009403824,34.0,2234399100.0,53.1094,6.1076,good,S,968.1315101707733,159.14968528739035,0.13883272190202992,0.02379075172471848,25.840998929597646,1,polar
12595917,40119,BRITE-PL2 (HEWELIUSZ),587.773212376992,50.0,2234399100.0,53.1094,6.1076,good,S,745.7283620020444,156.8826113923479,0.10134434568972536,0.017366641912485953,28.151985310664628,1,polar
12544043,40119,BRITE-PL2 (HEWELIUSZ),588.0224813322648,39.0,2234399100.0,53.1094,6.1076,good,S,880.8067543468524,158.3286109032219,0.1233620806845822,0.02113966069096188,26.68019504601733,1,polar
12520949,40119,BRITE-PL2 (HEWELIUSZ),588.0837375629881,35.0,2234399100.0,53.1094,6.1076,good,S,949.3746252473779,158.97975057263073,0.1353512242431597,0.023194152844442845,26.015011740896426,1,polar
12446470,40119,BRITE-PL2 (HEWELIUSZ),588.4749196659477,33.0,2234399100.0,52.0,4.2,good,S,989.4243226222666,159.33864982206634,0.1425426160557898,0.024426489247745427,25.647688763244872,1,polar
12383606,40119,BRITE-PL2 (HEWELIUSZ),588.6840763425853,38.0,2234399100.0,53.1094,6.1076,good,S,897.6969284135189,158.49359296095042,0.1260989617972729,0.02160866006056326,26.512007107806483,1,polar
11773580,40119,BRITE-PL2 (HEWELIUSZ),589.8646352285077,67.0,2234399100.0,63.854,20.208,good,S,635.9901863945906,155.50000646407315,0.08433879796067147,0.01445252513639719,29.55450990344454,1,polar
11497336,40119,BRITE-PL2 (HEWELIUSZ),590.5918361393278,55.0,2234399100.0,44.141,28.617,good,S,706.5807232461711,156.4142338761272,0.09477394752097325,0.04940532080924388,28.59489454615732,1,temperate
11094870,40119,BRITE-PL2 (HEWELIUSZ),593.0599985087701,27.0,2234399100.0,52.2179,5.1645,good,S,1141.902234338394,160.58357663177188,0.17100417938631196,0.02930373992479856,24.36942313953179,1,polar
11060673,40119,BRITE-PL2 (HEWELIUSZ),593.2282274825839,85.0,2234399100.0,52.2179,5.1645,good,S,595.3004519487431,154.9257224224447,0.07793082316725305,0.013354437198050411,30.13630000780475,1,polar
11060707,40119,BRITE-PL2 (HEWELIUSZ),593.2282274825839,85.0,2234399100.0,52.2179,5.1645,good,S,595.3004519487431,154.9257224224447,0.07793082316725305,0.013354437198050411,30.13630000780475,1,polar
10929252,40119,BRITE-PL2 (HEWELIUSZ),593.93024038771,81.0,2234399100.0,53.1094,6.1076,good,S,600.6924791765614,155.00404206719733,0.07860199383376729,0.013469450823607806,30.057194178760057,1,polar
10880829,40119,BRITE-PL2 (HEWELIUSZ),594.1980648799936,87.0,2234399100.0,53.1094,6.1076,good,S,594.9438889597859,154.92051833659895,0.07774081394079987,0.013321876701720567,30.141726663373277,1,polar
10876455,40119,BRITE-PL2 (HEWELIUSZ),594.2236346195941,72.0,2234399100.0,53.1094,6.1076,good,S,622.0173517605908,155.30704817540703,0.08162950521549198,0.013988253384269253,29.750641756607962,1,polar
10870568,40119,BRITE-PL2 (HEWELIUSZ),594.2541920595013,59.0,2234399100.0,53.1094,6.1076,good,S,682.920173077895,156.11839701158215,0.09057073548367049,0.015520446850690534,28.928819496698225,1,polar
10823914,40119,BRITE-PL2 (HEWELIUSZ),594.6180891653084,58.0,2234399100.0,53.1094,6.1076,good,S,689.8530524983298,156.20612998359272,0.09154465791386306,0.015687340839502455,28.839945708268687,1,polar
10596632,40119,BRITE-PL2 (HEWELIUSZ),595.8265174791704,87.0,2234399100.0,63.854,20.208,good,S,596.5742106153839,154.94428768230551,0.07774081394079987,0.013321876701720567,30.117957317666708,1,polar
10471671,40119,BRITE-PL2 (HEWELIUSZ),596.8150710970267,89.0,2234399100.0,63.854,20.208,good,S,596.8982022901519,154.94900359524894,0.07764609873406739,0.013305646047037314,30.113352350584705,1,polar
10409564,40119,BRITE-PL2 (HEWELIUSZ),597.2769114957337,88.0,2234399100.0,63.854,20.208,good,S,597.6097793269255,154.9593520909252,0.07768159438555611,0.013311728678136854,30.102962276625874,1,polar
10381747,40119,BRITE-PL2 (HEWELIUSZ),597.5197350609078,78.0,2234399100.0,63.854,20.208,good,S,609.6910919876873,155.13319517158538,0.07936866869468544,0.01360083030691548,29.927143020027756,1,polar
10371863,40119,BRITE-PL2 (HEWELIUSZ),597.5742531995456,77.0,2234399100.0,63.854,20.208,good,S,611.8989986057531,155.16459302630926,0.07967637313883871,0.013653559374927338,29.895384731791722,1,polar
10369791,40119,BRITE-PL2 (HEWELIUSZ),597.5742531995456,76.0,2234399100.0,63.854,20.208,good,S,614.2368140442468,155.1977150202838,0.08001093971124029,0.013710891610083055,29.86187083900964,1,polar
10364380,40119,BRITE-PL2 (HEWELIUSZ),597.70813284614,49.0,2234399100.0,53.1094,6.1076,good,S,767.8393818756886,157.1364058366034,0.10286642026490124,0.017627468739392572,27.896407965007086,1,polar
10364434,40119,BRITE-PL2 (HEWELIUSZ),597.70813284614,88.0,2234399100.0,63.854,20.208,good,S,598.0412203931292,154.96562055831225,0.07768159438555611,0.013311728678136854,30.096693809238815,1,polar
10359319,40119,BRITE-PL2 (HEWELIUSZ),597.7772239604274,79.0,2234399100.0,63.854,20.208,good,S,607.9829112015668,155.1088256285321,0.07908732986027987,0.013552619321290723,29.95184211290109,1,polar
10357144,40119,BRITE-PL2 (HEWELIUSZ),597.807533205646,50.0,2234399100.0,53.1094,6.1076,good,S,758.1352716642468,157.0259322236997,0.10134434568972536,0.017366641912485953,28.00866447931284,1,polar
10321687,40119,BRITE-PL2 (HEWELIUSZ),598.1566828697269,74.0,2234399100.0,63.854,20.208,good,S,620.0836204278221,155.28000336843593,0.08076289025681141,0.013839747894782085,29.778701684027226,1,polar
10317112,40119,BRITE-PL2 (HEWELIUSZ),598.2008841205316,86.0,2234399100.0,63.854,20.208,good,S,599.5359673748007,154.98730302553733,0.07782384783906592,0.013336105615706544,30.07484471162266,1,polar
10312554,40119,BRITE-PL2 (HEWELIUSZ),598.2368730712797,82.0,2234399100.0,63.854,20.208,good,S,603.6053257009489,155.04605943645396,0.07839722930357662,0.013434361818414689,30.015416663038792,1,polar
10280223,40119,BRITE-PL2 (HEWELIUSZ),598.4073032418219,62.0,2234399100.0,63.854,20.208,good,S,669.7101819156514,155.94873621247973,0.087926252345021,0.01506728104849434,29.101577944741507,1,polar
10270492,40119,BRITE-PL2 (HEWELIUSZ),598.4569030458806,69.0,2234399100.0,63.854,20.208,good,S,637.0321609202083,155.5142253468373,0.08315756270557967,0.014250105459700188,29.5416746756122,1,polar
10267960,40119,BRITE-PL2 (HEWELIUSZ),598.4569030458806,84.0,2234399100.0,63.854,20.208,good,S,601.4685211439701,155.01525623205202,0.07806190413575032,0.01337689958828976,30.046612654838697,1,polar
10243046,40119,BRITE-PL2 (HEWELIUSZ),598.6085331906334,61.0,2234399100.0,63.854,20.208,good,S,675.6253695841951,156.02511715447943,0.08876346167760157,0.015210747510148078,29.024216326947567,1,polar
10237007,40119,BRITE-PL2 (HEWELIUSZ),598.6905222352443,73.0,2234399100.0,63.854,20.208,good,S,623.5545390196176,155.32848707550156,0.08118151914758824,0.013911485276782662,29.729727610688826,1,polar
10231819,40119,BRITE-PL2 (HEWELIUSZ),598.7384785600352,86.0,2234399100.0,63.854,20.208,good,S,600.0746583434566,154.99510390778522,0.07782384783906592,0.013336105615706544,30.067043829374768,1,polar
10224897,40119,BRITE-PL2 (HEWELIUSZ),598.7683923593959,81.0,2234399100.0,63.854,20.208,good,S,605.5809125255837,155.07444173829495,0.07860199383376729,0.013469450823607806,29.986794507662438,1,polar
10210604,40119,BRITE-PL2 (HEWELIUSZ),598.8983326832222,83.0,2234399100.0,63.854,20.208,good,S,603.0060192373176,155.03743112336477,0.07821729269592462,0.013403527393358487,30.02425574716071,1,polar
10179631,40119,BRITE-PL2 (HEWELIUSZ),599.1200073484752,73.0,2234399100.0,63.854,20.208,good,S,624.0002385098132,155.3346932907604,0.08118151914758824,0.013911485276782662,29.72352139542997,1,polar
10172599,40119,BRITE-PL2 (HEWELIUSZ),599.191406745018,62.0,2234399100.0,63.854,20.208,good,S,670.5783025715782,155.95998812033633,0.087926252345021,0.01506728104849434,29.090326036884903,1,polar
10166717,40119,BRITE-PL2 (HEWELIUSZ),599.2059179237822,81.0,2234399100.0,63.854,20.208,good,S,606.0229816623887,155.08078005385087,0.07860199383376729,0.013469450823607806,29.980456192106516,1,polar
10160360,40119,BRITE-PL2 (HEWELIUSZ),599.2445148413626,69.0,2234399100.0,63.854,20.208,good,S,637.865776990966,155.52558421409674,0.08315756270557967,0.014250105459700188,29.530315808352753,1,polar
10158133,40119,BRITE-PL2 (HEWELIUSZ),599.2743153994397,85.0,2234399100.0,63.854,20.208,good,S,601.3658367549106,155.01377322607163,0.07793082316725305,0.013354437198050411,30.048249204177807,1,polar
10144705,40119,BRITE-PL2 (HEWELIUSZ),599.3769100715526,69.0,2234399100.0,63.854,20.208,good,S,638.0059042940402,155.52749213369796,0.08315756270557967,0.014250105459700188,29.52840788875153,1,polar
10117778,40119,BRITE-PL2 (HEWELIUSZ),599.485692086665,75.0,2234399100.0,63.854,20.208,good,S,618.7305522135794,155.26102940750664,0.08037291347245705,0.01377292041543953,29.79813244922022,1,polar
10109637,40119,BRITE-PL2 (HEWELIUSZ),599.5062915987028,88.0,2234399100.0,63.854,20.208,good,S,599.8402950501522,154.99171091110495,0.07768159438555611,0.013311728678136854,30.070603456446122,1,polar
10107596,40119,BRITE-PL2 (HEWELIUSZ),599.5297644845214,63.0,2234399100.0,63.854,20.208,good,S,665.5228118200575,155.89425710069892,0.08713098136723653,0.014931001257050824,29.156988607291538,1,polar
10065698,40119,BRITE-PL2 (HEWELIUSZ),599.7577390730403,66.0,2234399100.0,63.854,20.208,good,S,651.015086522063,155.70281923627644,0.08498129152486586,0.014562624575931802,29.350944538237513,1,polar
10045948,40119,BRITE-PL2 (HEWELIUSZ),599.8513872621998,66.0,2234399100.0,63.854,20.208,good,S,651.11596540761,155.70416506528056,0.08498129152486586,0.014562624575931802,29.34959870923339,1,polar
10042910,40119,BRITE-PL2 (HEWELIUSZ),599.8954654348636,76.0,2234399100.0,63.854,20.208,good,S,616.6169651491564,155.23130756545444,0.08001093971124029,0.013710891610083055,29.82827829383899,1,polar
10026588,40119,BRITE-PL2 (HEWELIUSZ),600.252595513527,42.0,2234399100.0,52.2179,5.1645,good,S,853.8594177502046,158.05872563491027,0.11602260025079049,0.019881947419936437,26.95867750803373,1,polar
10002870,40119,BRITE-PL2 (HEWELIUSZ),600.268133723951,83.0,2234399100.0,52.2179,5.1645,good,S,604.3843993870478,155.05726308968883,0.07821729269592462,0.013403527393358487,30.004423780836646,1,polar
10000218,40119,BRITE-PL2 (HEWELIUSZ),600.29105383558,84.0,2234399100.0,63.854,20.208,good,S,603.3111023118108,155.0418245252732,0.07806190413575032,0.01337689958828976,30.020044361617522,1,polar
9997586,40119,BRITE-PL2 (HEWELIUSZ),600.3013752884526,70.0,2234399100.0,63.854,20.208,good,S,635.2274582096097,155.4895834280782,0.08261666755690146,0.014157416200172534,29.566950178779507,1,polar
9991670,40119,BRITE-PL2 (HEWELIUSZ),600.3449982184156,61.0,2234399100.0,63.854,20.208,good,S,677.5624292577104,156.04998450556434,0.08876346167760157,0.015210747510148078,28.99934897586266,1,polar
9957885,40119,BRITE-PL2 (HEWELIUSZ),600.4816632371358,88.0,2234399100.0,63.854,20.208,good,S,600.8161633032014,155.00583033011912,0.07768159438555611,0.013311728678136854,30.056484037431943,1,polar
9955732,40119,BRITE-PL2 (HEWELIUSZ),600.4961873737047,64.0,2234399100.0,63.854,20.208,good,S,661.4089601328433,155.84039965756335,0.08637604262823743,0.014801632907422313,29.211730357515734,1,polar
9946453,40119,BRITE-PL2 (HEWELIUSZ),600.5456368613086,67.0,2234399100.0,63.854,20.208,good,S,647.4264525539074,155.6548069738413,0.08433879796067147,0.01445252513639719,29.399709393676403,1,polar
9944694,40119,BRITE-PL2 (HEWELIUSZ),600.5456368613086,88.0,2234399100.0,63.854,20.208,good,S,600.8801694949616,155.00675560666883,0.07768159438555611,0.013311728678136854,30.055558760882235,1,polar
9909110,40119,BRITE-PL2 (HEWELIUSZ),600.6955371445165,85.0,2234399100.0,63.854,20.208,good,S,602.7915896404211,155.03434186224882,0.07793082316725305,0.013354437198050411,30.02768056800062,1,polar
9907001,40119,BRITE-PL2 (HEWELIUSZ),600.7113496427237,69.0,2234399100.0,63.854,20.208,good,S,639.4182592230645,155.54669885358365,0.08315756270557967,0.014250105459700188,29.509201168865843,1,polar
9902354,40119,BRITE-PL2 (HEWELIUSZ),600.7431811199986,82.0,2234399100.0,63.854,20.208,good,S,606.132164186849,155.08234478319048,0.07839722930357662,0.013434361818414689,29.979131316302272,1,polar
9897194,40119,BRITE-PL2 (HEWELIUSZ),600.7644335510031,85.0,2234399100.0,63.854,20.208,good,S,602.8607056553674,155.03533772827262,0.07793082316725305,0.013354437198050411,30.02668470197682,1,polar
9857913,40119,BRITE-PL2 (HEWELIUSZ),600.9059341243046,64.0,2234399100.0,63.854,20.208,good,S,661.8561665919851,155.84627056887052,0.08637604262823743,0.014801632907422313,29.205859446208564,1,polar
9848731,40119,BRITE-PL2 (HEWELIUSZ),600.926781592183,76.0,2234399100.0,63.854,20.208,good,S,617.6744548236948,155.2461909887777,0.08001093971124029,0.013710891610083055,29.813394870515737,1,polar
9831068,40119,BRITE-PL2 (HEWELIUSZ),600.9698331059408,78.0,2234399100.0,63.854,20.208,good,S,613.2052411584627,155.1831153407126,0.07936866869468544,0.01360083030691548,29.87722285090055,1,polar
9809356,40119,BRITE-PL2 (HEWELIUSZ),601.02778402901,69.0,2234399100.0,63.854,20.208,good,S,639.7531648435452,155.55124703730695,0.08315756270557967,0.014250105459700188,29.504652985142542,1,polar
9795360,40119,BRITE-PL2 (HEWELIUSZ),601.0675279461757,70.0,2234399100.0,63.854,20.208,good,S,636.0340273163047,155.50060519073838,0.08261666755690146,0.014157416200172534,29.555928416119315,1,polar
9783878,40119,BRITE-PL2 (HEWELIUSZ),601.1057881333236,84.0,2234399100.0,63.854,20.208,good,S,604.1295799731861,155.05360018900743,0.07806190413575032,0.01337689958828976,30.008268697883295,1,polar
9759997,40119,BRITE-PL2 (HEWELIUSZ),601.2258374052426,77.0,2234399100.0,63.854,20.208,good,S,615.6303193484237,155.21739818464064,0.07967637313883871,0.013653559374927338,29.84257957346034,1,polar
9716162,40119,BRITE-PL2 (HEWELIUSZ),601.3535577236444,85.0,2234399100.0,63.854,20.208,good,S,603.4517074933738,155.04384858681237,0.07793082316725305,0.013354437198050411,30.01817384343707,1,polar
9709400,40119,BRITE-PL2 (HEWELIUSZ),601.3741803997773,73.0,2234399100.0,63.854,20.208,good,S,626.3394788925307,155.36719390995154,0.08118151914758824,0.013911485276782662,29.691020776238844,1,polar
9704670,40119,BRITE-PL2 (HEWELIUSZ),601.39022800357,86.0,2234399100.0,63.854,20.208,good,S,602.7318140702155,155.03348048700767,0.07782384783906592,0.013336105615706544,30.028667250152324,1,polar
9668853,40119,BRITE-PL2 (HEWELIUSZ),601.5309883488926,69.0,2234399100.0,63.854,20.208,good,S,640.28573896745,155.55847475564815,0.08315756270557967,0.014250105459700188,29.497425266801343,1,polar
9661114,40119,BRITE-PL2 (HEWELIUSZ),601.5620478373112,61.0,2234399100.0,63.854,20.208,good,S,678.9200009976257,156.06737024087874,0.08876346167760157,0.015210747510148078,28.981963240548254,1,polar
9659278,40119,BRITE-PL2 (HEWELIUSZ),601.5835221533462,85.0,2234399100.0,63.854,20.208,good,S,603.6824047827167,155.0471685347768,0.07793082316725305,0.013354437198050411,30.01485389547264,1,polar
9654056,40119,BRITE-PL2 (HEWELIUSZ),601.6018399911027,71.0,2234399100.0,63.854,20.208,good,S,633.0476139599004,155.45972570140546,0.08210761254260329,0.014070183152419306,29.59740419351425,1,polar
9639761,40119,BRITE-PL2 (HEWELIUSZ),601.6496744610367,63.0,2234399100.0,63.854,20.208,good,S,667.8527471168582,155.9246125115417,0.08713098136723653,0.014931001257050824,29.12663319644875,1,polar
9627450,40119,BRITE-PL2 (HEWELIUSZ),601.6888490176334,90.0,2234399100.0,63.854,20.208,good,S,601.6888490176334,155.01843743455086,0.07763427285714286,0.013303619532697005,30.04393236367403,1,polar
9625361,40119,BRITE-PL2 (HEWELIUSZ),601.6887208727439,73.0,2234399100.0,52.2179,5.1645,good,S,626.6658847842737,155.37171923075098,0.08118151914758824,0.013911485276782662,29.6864954554394,1,polar
9614406,40119,BRITE-PL2 (HEWELIUSZ),601.7220481187624,89.0,2234399100.0,63.854,20.208,good,S,601.8058038765121,155.02012561321888,0.07764609873406739,0.013305646047037314,30.042230332614764,1,polar
9608723,40119,BRITE-PL2 (HEWELIUSZ),601.7442487923563,75.0,2234399100.0,63.854,20.208,good,S,621.0550772486467,155.29360050866333,0.08037291347245705,0.01377292041543953,29.765561348063528,1,polar
9590374,40119,BRITE-PL2 (HEWELIUSZ),601.8028596689092,72.0,2234399100.0,63.854,20.208,good,S,629.9184744576414,155.41668509050984,0.08162950521549198,0.013988253384269253,29.64100484150515,1,polar
9582948,40119,BRITE-PL2 (HEWELIUSZ),601.8280991065776,62.0,2234399100.0,63.854,20.208,good,S,673.4973565799828,155.99771608699538,0.087926252345021,0.01506728104849434,29.052598070225855,1,polar
9579677,40119,BRITE-PL2 (HEWELIUSZ),601.857364637427,79.0,2234399100.0,52.2179,5.1645,good,S,612.1265590723151,155.1678226404442,0.07908732986027987,0.013552619321290723,29.89284510098898,1,polar
9579489,40119,BRITE-PL2 (HEWELIUSZ),601.857364637427,80.0,2234399100.0,63.854,20.208,good,S,610.3249298113678,155.14222037417596,0.07883190665354203,0.013508849307903538,29.91874656047736,1,polar
9566369,40119,BRITE-PL2 (HEWELIUSZ),601.9122207523315,78.0,2234399100.0,63.854,20.208,good,S,614.1651129286156,155.1967010394941,0.07936866869468544,0.01360083030691548,29.863637152119054,1,polar
9543280,40119,BRITE-PL2 (HEWELIUSZ),602.1128939158398,83.0,2234399100.0,63.854,20.208,good,S,606.2407080018884,155.08390007962194,0.07821729269592462,0.013403527393358487,29.977786790903536,1,polar
9536311,40119,BRITE-PL2 (HEWELIUSZ),602.1555448387817,71.0,2234399100.0,63.854,20.208,good,S,633.6275775633148,155.46767959556723,0.08210761254260329,0.014070183152419306,29.589450299352478,1,polar
9525738,40119,BRITE-PL2 (HEWELIUSZ),602.2162400634679,81.0,2234399100.0,63.854,20.208,good,S,609.0645494168584,155.12426461993365,0.07860199383376729,0.013469450823607806,29.936971626023734,1,polar
9502311,40119,BRITE-PL2 (HEWELIUSZ),602.3710194837713,67.0,2234399100.0,63.854,20.208,good,S,649.3806535247313,155.68098509506234,0.08433879796067147,0.01445252513639719,29.373531272455352,1,polar
13768989,40119,BRITE-PL2 (HEWELIUSZ),584.3980102725382,59.0,2234399100.0,52.0,4.2,bad,S,671.7438361504628,155.97507197880492,0.09057073548367049,0.015520446850690534,29.07214452947545,0,polar
13768868,40119,BRITE-PL2 (HEWELIUSZ),584.3980102725382,59.0,2234399100.0,52.0,4.2,bad,S,671.7438361504628,155.97507197880492,0.09057073548367049,0.015520446850690534,29.07214452947545,0,polar
13644035,40119,BRITE-PL2 (HEWELIUSZ),584.7176560533771,59.0,2234399100.0,52.0,4.2,bad,S,672.106366835952,155.9797583666091,0.09057073548367049,0.015520446850690534,29.067458141671267,0,polar
13561976,40119,BRITE-PL2 (HEWELIUSZ),584.8896601164815,87.0,2234399100.0,44.255672,-76.38549,bad,S,585.62478366506,154.78338713312246,0.07774081394079987,0.04052600902655232,30.251653734524922,0,temperate
13555283,40119,BRITE-PL2 (HEWELIUSZ),584.9093971336133,79.0,2234399100.0,44.255672,-76.38549,bad,S,594.9142982973108,154.9200863166635,0.07908732986027987,0.04122794297271343,30.112906101118284,0,temperate
13479666,40119,BRITE-PL2 (HEWELIUSZ),585.147321056983,77.0,2234399100.0,44.255672,-76.38549,bad,S,599.2000628166998,154.98243518153586,0.07967637313883871,0.041535009132865605,30.049661126807166,0,temperate
13473148,40119,BRITE-PL2 (HEWELIUSZ),585.1564090477877,90.0,2234399100.0,44.255672,-76.38549,bad,S,585.1564090477877,154.7764374990196,0.07763427285714286,0.040470469539645594,30.258765449198336,0,temperate
13123022,40119,BRITE-PL2 (HEWELIUSZ),586.1561789639618,3.0,2234399100.0,52.0,4.2,bad,S,2482.605695615157,167.3291531254742,1.483383097019649,0.15264191564765786,16.18812955247327,0,polar
13095259,40119,BRITE-PL2 (HEWELIUSZ),586.2720118975021,32.0,2234399100.0,53.1094,6.1076,bad,S,1007.1365857949531,159.49276563059533,0.1465020770088061,0.0251049932142916,25.48893498979632,0,polar
13095399,40119,BRITE-PL2 (HEWELIUSZ),586.2720118975021,83.0,2234399100.0,52.30446825839176,19.16926930632765,bad,S,590.3004589666298,154.8524605949525,0.07821729269592462,0.013403527393358487,30.209226275572973,0,polar
13084752,40119,BRITE-PL2 (HEWELIUSZ),586.307331223783,30.0,2234399100.0,46.64,6.636,bad,S,1052.7484632409105,159.87749049967812,0.15526854571428575,0.0809409390792912,25.039607706143073,0,temperate
13075284,40119,BRITE-PL2 (HEWELIUSZ),586.3214926494302,33.0,2234399100.0,53.1094,6.1076,bad,S,986.0622952037579,159.30908523069192,0.1425426160557898,0.024426489247745427,25.677253354619296,0,polar
13069302,40119,BRITE-PL2 (HEWELIUSZ),586.34592718371,38.0,2234399100.0,53.1094,6.1076,bad,S,894.3198869932962,158.46085594246915,0.1260989617972729,0.02160866006056326,26.544744126287753,0,polar
13057703,40119,BRITE-PL2 (HEWELIUSZ),586.3742442826615,24.0,2234399100.0,52.30446825839176,19.16926930632765,bad,S,1220.7187579950087,161.16331054005707,0.1908711058587234,0.03270819032210412,23.76641785437687,0,polar
12970766,40119,BRITE-PL2 (HEWELIUSZ),586.5124986475021,37.0,2234399100.0,53.1094,6.1076,bad,S,911.2230052539476,158.62349169022482,0.12900022410628423,0.022105828237750477,26.378709948045895,0,polar
12792483,40119,BRITE-PL2 (HEWELIUSZ),586.969983403781,62.0,2234399100.0,53.1094,6.1076,bad,S,657.0448372175151,155.78289831997503,0.087926252345021,0.01506728104849434,29.267415837246205,0,polar
12605712,40119,BRITE-PL2 (HEWELIUSZ),587.7320434234443,40.0,2234399100.0,52.0,4.2,bad,S,865.1855708655221,158.17318353473203,0.12077748806483975,0.020696757890502317,26.83864990992737,0,polar
12587967,40119,BRITE-PL2 (HEWELIUSZ),587.8395137704765,43.0,2234399100.0,53.1094,6.1076,bad,S,823.6734117077003,157.746099119602,0.11383351838269587,0.019506820414462375,27.27386823221559,0,polar
12582351,40119,BRITE-PL2 (HEWELIUSZ),587.8510083701876,51.0,2234399100.0,53.1094,6.1076,bad,S,736.5563865015156,156.77511816768327,0.09989664324008884,0.01711855969470106,28.261174319996684,0,polar
12527229,40119,BRITE-PL2 (HEWELIUSZ),588.0704411608576,40.0,2234399100.0,53.1094,6.1076,bad,S,865.660332536354,158.1779485199598,0.12077748806483975,0.020696757890502317,26.83388492469959,0,polar
11559949,40119,BRITE-PL2 (HEWELIUSZ),590.3678654577307,75.0,2234399100.0,52.0,4.2,bad,S,609.3459564248051,155.12827684774382,0.08037291347245705,0.01377292041543953,29.93088500898304,0,polar
11549522,40119,BRITE-PL2 (HEWELIUSZ),590.3863214706753,89.0,2234399100.0,52.0,4.2,bad,S,590.4686330752183,154.8549348158089,0.07764609873406739,0.013305646047037314,30.207421130024755,0,polar
11499096,40119,BRITE-PL2 (HEWELIUSZ),590.5765852157501,2.0,2234399100.0,52.0,4.2,bad,S,2593.766544700767,167.70961586258431,2.2245098122454996,0.15264191564765786,15.066540100137303,0,polar
11453154,40119,BRITE-PL2 (HEWELIUSZ),590.7669148740688,35.0,2234399100.0,52.0,4.2,bad,S,953.430202891122,159.01677628609602,0.1353512242431597,0.023194152844442845,25.977986027431143,0,polar
11443469,40119,BRITE-PL2 (HEWELIUSZ),590.8282625886904,38.0,2234399100.0,53.1094,6.1076,bad,S,900.7927437373514,158.52349575907877,0.1260989617972729,0.02160866006056326,26.482104309678135,0,polar
11437777,40119,BRITE-PL2 (HEWELIUSZ),590.8602803741614,33.0,2234399100.0,53.1094,6.1076,bad,S,993.1467133432802,159.37126637138422,0.1425426160557898,0.024426489247745427,25.615072213926993,0,polar
11337902,40119,BRITE-PL2 (HEWELIUSZ),591.3962437080354,87.0,2234399100.0,53.1094,6.1076,bad,S,592.1388499499808,154.8794692945767,0.07774081394079987,0.013321876701720567,30.182775705395528,0,polar
11306771,40119,BRITE-PL2 (HEWELIUSZ),591.5729611997085,33.0,2234399100.0,52.0,4.2,bad,S,994.2585077201043,159.3809844944548,0.1425426160557898,0.024426489247745427,25.605354090856423,0,polar
11215403,40119,BRITE-PL2 (HEWELIUSZ),592.2843726826595,79.0,2234399100.0,53.1094,6.1076,bad,S,602.4044437797766,155.02876151475047,0.07908732986027987,0.013552619321290723,30.031906226682707,0,polar
11206708,40119,BRITE-PL2 (HEWELIUSZ),592.3270106878226,85.0,2234399100.0,53.1094,6.1076,bad,S,594.3963559208296,154.91252094156246,0.07793082316725305,0.013354437198050411,30.14950148868698,0,polar
11116857,40119,BRITE-PL2 (HEWELIUSZ),592.916449481223,56.0,2234399100.0,53.1094,6.1076,bad,S,701.849610463476,156.35587944129492,0.09364385333933528,0.016047064660406264,28.687737331320108,0,polar
11094890,40119,BRITE-PL2 (HEWELIUSZ),593.0599985087701,27.0,2234399100.0,52.2179,5.1645,bad,S,1141.902234338394,160.58357663177188,0.17100417938631196,0.02930373992479856,24.36942313953179,0,polar
11079783,40119,BRITE-PL2 (HEWELIUSZ),593.1268183780949,5.0,2234399100.0,52.0,4.2,bad,S,2312.3665200018845,166.7121316319471,0.8907533847989478,0.15264191564765786,17.397780758221046,0,polar
11070424,40119,BRITE-PL2 (HEWELIUSZ),593.1684659296816,44.0,2234399100.0,52.2179,5.1645,bad,S,818.0799970256521,157.6869136531981,0.11175892519058803,0.019151312498986526,27.335483799727058,0,polar
11070459,40119,BRITE-PL2 (HEWELIUSZ),593.1684659296816,44.0,2234399100.0,52.2179,5.1645,bad,S,818.0799970256521,157.6869136531981,0.11175892519058803,0.019151312498986526,27.335483799727058,0,polar
10892366,40119,BRITE-PL2 (HEWELIUSZ),594.0945882242167,18.0,2234399100.0,52.0,4.2,bad,S,1466.4934741313905,162.75660087149927,0.2512297843494811,0.0430514171546015,22.102425617611402,0,polar
10882899,40119,BRITE-PL2 (HEWELIUSZ),594.1834082850255,67.0,2234399100.0,53.1094,6.1076,bad,S,640.6146532248704,155.5629355443567,0.08433879796067147,0.01445252513639719,29.491580823161,0,polar
10867970,40119,BRITE-PL2 (HEWELIUSZ),594.266804153629,37.0,2234399100.0,53.1094,6.1076,bad,S,922.5861927892415,158.7311371925387,0.12900022410628423,0.022105828237750477,26.27106444573201,0,polar
10865698,40119,BRITE-PL2 (HEWELIUSZ),594.3518796111593,48.0,2234399100.0,53.1094,6.1076,bad,S,773.869428640056,157.204351984979,0.10446721849576335,0.01790178586542777,27.82658670127455,0,polar
10685871,40119,BRITE-PL2 (HEWELIUSZ),595.3363276652908,36.0,2234399100.0,52.0,4.2,bad,S,941.8151748516711,158.91031185044676,0.1320793139235028,0.022633469418993392,26.088283056825503,0,polar
10685644,40119,BRITE-PL2 (HEWELIUSZ),595.3363276652908,36.0,2234399100.0,52.0,4.2,bad,S,941.8151748516711,158.91031185044676,0.1320793139235028,0.022633469418993392,26.088283056825503,0,polar
10685753,40119,BRITE-PL2 (HEWELIUSZ),595.3363276652908,43.0,2234399100.0,52.0,4.2,bad,S,833.7631576400745,157.85185218897354,0.11383351838269587,0.019506820414462375,27.16811516284406,0,polar
10685540,40119,BRITE-PL2 (HEWELIUSZ),595.3363276652908,43.0,2234399100.0,52.0,4.2,bad,S,833.7631576400745,157.85185218897354,0.11383351838269587,0.019506820414462375,27.16811516284406,0,polar
10399253,40119,BRITE-PL2 (HEWELIUSZ),597.3442506244019,65.0,2234399100.0,63.854,20.208,bad,S,653.0693980205115,155.7301848524295,0.08565994242528055,0.01467892003465598,29.322783975725315,0,polar
10387947,40119,BRITE-PL2 (HEWELIUSZ),597.3230959957673,67.0,2234399100.0,63.854,20.208,bad,S,643.9763126222424,155.608396037162,0.08433879796067147,0.01445252513639719,29.446120330355683,0,polar
10382061,40119,BRITE-PL2 (HEWELIUSZ),597.5197350609078,87.0,2234399100.0,43.81478,4.062577,bad,S,598.2693706605523,154.9689335575995,0.07774081394079987,0.04052600902655232,30.06610731004787,0,temperate
10376946,40119,BRITE-PL2 (HEWELIUSZ),597.5627652600097,72.0,2234399100.0,43.81478,4.062577,bad,S,625.4983905573636,155.35552210846237,0.08162950521549198,0.0425531699181228,29.67360290701876,0,temperate
10377076,40119,BRITE-PL2 (HEWELIUSZ),597.5627652600097,89.0,2234399100.0,63.854,20.208,bad,S,597.6459916771018,154.9598783991596,0.07764609873406739,0.013305646047037314,30.102477546674038,0,polar
10371557,40119,BRITE-PL2 (HEWELIUSZ),597.5742531995456,55.0,2234399100.0,43.81478,4.062577,bad,S,714.7829325038074,156.514481655706,0.09477394752097325,0.04940532080924388,28.49464676657854,0,temperate
10354753,40119,BRITE-PL2 (HEWELIUSZ),597.845324248723,68.0,2234399100.0,63.854,20.208,bad,S,640.3474710905848,155.55931215140654,0.08373126049893988,0.014348415869377837,29.495915862839894,0,polar
10342326,40119,BRITE-PL2 (HEWELIUSZ),597.982506790051,64.0,2234399100.0,63.854,20.208,bad,S,658.6653648983483,155.80429472122853,0.08637604262823743,0.014801632907422313,29.247835293850557,0,polar
10335782,40119,BRITE-PL2 (HEWELIUSZ),598.038635249146,75.0,2234399100.0,63.854,20.208,bad,S,617.2412060358283,155.2400964004088,0.08037291347245705,0.01377292041543953,29.81906545631807,0,polar
10330127,40119,BRITE-PL2 (HEWELIUSZ),598.0882597153677,88.0,2234399100.0,63.854,20.208,bad,S,598.4215409219651,154.9711425392023,0.07768159438555611,0.013311728678136854,30.091171828348763,0,polar
10328229,40119,BRITE-PL2 (HEWELIUSZ),598.0882597153677,63.0,2234399100.0,63.854,20.208,bad,S,663.9384090967233,155.8735540467159,0.08713098136723653,0.014931001257050824,29.177691661274565,0,polar
10293195,40119,BRITE-PL2 (HEWELIUSZ),598.3411278367121,62.0,2234399100.0,63.854,20.208,bad,S,669.6369147687828,155.9477859131077,0.087926252345021,0.01506728104849434,29.10252824411353,0,polar
10288594,40119,BRITE-PL2 (HEWELIUSZ),598.3729916072334,74.0,2234399100.0,63.854,20.208,bad,S,620.3071428483227,155.28313381918514,0.08076289025681141,0.013839747894782085,29.775571233278015,0,polar
10262021,40119,BRITE-PL2 (HEWELIUSZ),598.479508586388,5.0,2234399100.0,52.0,4.2,bad,S,2325.351765986707,166.76077137301402,0.8907533847989478,0.15264191564765786,17.349141017154125,0,polar
10216244,40119,BRITE-PL2 (HEWELIUSZ),598.8308405173839,84.0,2234399100.0,63.854,20.208,bad,S,601.8441777209227,155.02067944694588,0.07806190413575032,0.01337689958828976,30.041189439944844,0,polar
10187460,40119,BRITE-PL2 (HEWELIUSZ),599.0721818597403,62.0,2234399100.0,63.854,20.208,bad,S,670.4463040895462,155.95827819757233,0.087926252345021,0.01506728104849434,29.09203595964891,0,polar
10174346,40119,BRITE-PL2 (HEWELIUSZ),599.1563672590146,86.0,2234399100.0,63.854,20.208,bad,S,600.4933992912029,155.0011629358985,0.07782384783906592,0.013336105615706544,30.060984801261498,0,polar
10122811,40119,BRITE-PL2 (HEWELIUSZ),599.4522478721965,63.0,2234399100.0,63.854,20.208,bad,S,665.4376126334919,155.893145075549,0.08713098136723653,0.014931001257050824,29.15810063244146,0,polar
10096106,40119,BRITE-PL2 (HEWELIUSZ),599.5720261704391,67.0,2234399100.0,63.854,20.208,bad,S,646.3841030230797,155.64081151691937,0.08433879796067147,0.01445252513639719,29.41370485059832,0,polar
10057382,40119,BRITE-PL2 (HEWELIUSZ),599.8085060401254,79.0,2234399100.0,63.854,20.208,bad,S,610.0458195904794,155.13824728547493,0.07908732986027987,0.013552619321290723,29.922420455958246,0,polar
10021050,40119,BRITE-PL2 (HEWELIUSZ),600.252595513527,34.0,2234399100.0,52.2179,5.1645,bad,S,987.2892880634408,159.3198866773573,0.13883272190202992,0.02379075172471848,25.670797539630712,0,polar
10016437,40119,BRITE-PL2 (HEWELIUSZ),600.252595513527,28.0,2234399100.0,52.2179,5.1645,bad,S,1126.743639845713,160.4675004826976,0.16536522978400095,0.02833743422871453,24.492104543904446,0,polar
10011535,40119,BRITE-PL2 (HEWELIUSZ),600.252595513527,70.0,2234399100.0,63.854,20.208,bad,S,635.1761048561211,155.4888812109652,0.08261666755690146,0.014157416200172534,29.56765239589251,0,polar
9969338,40119,BRITE-PL2 (HEWELIUSZ),600.4413403313392,63.0,2234399100.0,63.854,20.208,bad,S,666.5247180349834,155.907323373871,0.08713098136723653,0.014931001257050824,29.143922334119452,0,polar
9921369,40119,BRITE-PL2 (HEWELIUSZ),600.6400207068618,69.0,2234399100.0,63.854,20.208,bad,S,639.3427663490293,155.5456732940616,0.08315756270557967,0.014250105459700188,29.51022672838789,0,polar
9914555,40119,BRITE-PL2 (HEWELIUSZ),600.6697518105148,81.0,2234399100.0,63.854,20.208,bad,S,607.5020128208698,155.10195260131923,0.07860199383376729,0.013469450823607806,29.959283644638163,0,polar
9873823,40119,BRITE-PL2 (HEWELIUSZ),600.8527537887649,63.0,2234399100.0,63.854,20.208,bad,S,666.9768905830942,155.91321391194822,0.08713098136723653,0.014931001257050824,29.13803179604224,0,polar
9822835,40119,BRITE-PL2 (HEWELIUSZ),600.9839160757547,66.0,2234399100.0,63.854,20.208,bad,S,652.3359210306089,155.72042405129926,0.08498129152486586,0.014562624575931802,29.333339723214692,0,polar
9778072,40119,BRITE-PL2 (HEWELIUSZ),601.1237372289988,71.0,2234399100.0,63.854,20.208,bad,S,632.5468341815731,155.4528519068484,0.08210761254260329,0.014070183152419306,29.604277988071317,0,polar
9764491,40119,BRITE-PL2 (HEWELIUSZ),601.1891380352745,64.0,2234399100.0,63.854,20.208,bad,S,662.1652585272495,155.85032599944822,0.08637604262823743,0.014801632907422313,29.20180401563087,0,polar
9742731,40119,BRITE-PL2 (HEWELIUSZ),601.271468544729,89.0,2234399100.0,63.854,20.208,bad,S,601.3551669889139,155.01361911483616,0.07764609873406739,0.013305646047037314,30.048736830997484,0,polar
9720657,40119,BRITE-PL2 (HEWELIUSZ),601.3386697399701,72.0,2234399100.0,63.854,20.208,bad,S,629.4345912900471,155.41001030468118,0.08162950521549198,0.013988253384269253,29.647679627333815,0,polar
9718288,40119,BRITE-PL2 (HEWELIUSZ),601.3437761469204,74.0,2234399100.0,52.2179,5.1645,bad,S,623.3769525943835,155.32601300838303,0.08076289025681141,0.013839747894782085,29.732692044080125,0,polar
9711033,40119,BRITE-PL2 (HEWELIUSZ),601.3741803997773,81.0,2234399100.0,63.854,20.208,bad,S,608.2137523592037,155.1121228927054,0.07860199383376729,0.013469450823607806,29.949113353251988,0,polar
9676442,40119,BRITE-PL2 (HEWELIUSZ),601.4911972049194,80.0,2234399100.0,63.854,20.208,bad,S,609.9540635668818,155.1369407563398,0.07883190665354203,0.013508849307903538,29.92402617831351,0,polar
9633050,40119,BRITE-PL2 (HEWELIUSZ),601.6719526957968,57.0,2234399100.0,52.2179,5.1645,bad,S,704.8155598524972,156.39250784126665,0.09256825722086728,0.01586274759264323,28.65236884453458,0,polar
9632805,40119,BRITE-PL2 (HEWELIUSZ),601.6719526957968,76.0,2234399100.0,63.854,20.208,bad,S,618.4385324420509,155.25692899538643,0.08001093971124029,0.013710891610083055,29.802656863907004,0,polar
9630392,40119,BRITE-PL2 (HEWELIUSZ),601.6719526957968,85.0,2234399100.0,52.2179,5.1645,bad,S,603.7711171261626,155.04844484995104,0.07793082316725305,0.013354437198050411,30.013577580298403,0,polar
9625307,40119,BRITE-PL2 (HEWELIUSZ),601.6887208727439,65.0,2234399100.0,63.854,20.208,bad,S,657.7795135666383,155.79260504368835,0.08565994242528055,0.01467892003465598,29.26036378446645,0,polar
9622627,40119,BRITE-PL2 (HEWELIUSZ),601.6961001527034,85.0,2234399100.0,52.2179,5.1645,bad,S,603.7953415323555,155.04879333680617,0.07793082316725305,0.013354437198050411,30.01322909344327,0,polar
9616789,40119,BRITE-PL2 (HEWELIUSZ),601.7185600379862,67.0,2234399100.0,52.2179,5.1645,bad,S,648.6821581996355,155.6716372363343,0.08433879796067147,0.01445252513639719,29.382879131183387,0,polar
9616893,40119,BRITE-PL2 (HEWELIUSZ),601.7185600379862,67.0,2234399100.0,52.2179,5.1645,bad,S,648.6821581996355,155.6716372363343,0.08433879796067147,0.01445252513639719,29.382879131183387,0,polar
9616539,40119,BRITE-PL2 (HEWELIUSZ),601.7185600379862,64.0,2234399100.0,63.854,20.208,bad,S,662.743069228115,155.8579020712299,0.08637604262823743,0.014801632907422313,29.1942279438492,0,polar
9614961,40119,BRITE-PL2 (HEWELIUSZ),601.7220481187624,25.0,2234399100.0,52.2179,5.1645,bad,S,1216.4661568472447,161.13299879677797,0.18369833934146448,0.031479045599926155,23.805131508895386,0,polar
9603527,40119,BRITE-PL2 (HEWELIUSZ),601.7579012159658,62.0,2234399100.0,63.854,20.208,bad,S,673.419644467429,155.9967137997967,0.087926252345021,0.01506728104849434,29.05360035742453,0,polar
9600877,40119,BRITE-PL2 (HEWELIUSZ),601.7618425530572,32.0,2234399100.0,52.2179,5.1645,bad,S,1031.6853258166275,159.7019432450295,0.1465020770088061,0.0251049932142916,25.279757375362152,0,polar
9588043,40119,BRITE-PL2 (HEWELIUSZ),601.8028596689092,76.0,2234399100.0,52.2179,5.1645,bad,S,618.5727603598943,155.25881400466986,0.08001093971124029,0.013710891610083055,29.800771854623576,0,polar
9574395,40119,BRITE-PL2 (HEWELIUSZ),601.886436681234,67.0,2234399100.0,63.854,20.208,bad,S,648.8618807033345,155.67404339719786,0.08433879796067147,0.01445252513639719,29.38047297031983,0,polar
9569044,40119,BRITE-PL2 (HEWELIUSZ),601.910698519674,55.0,2234399100.0,52.2179,5.1645,bad,S,719.8753639884189,156.5761443997094,0.09477394752097325,0.016240720664067062,28.46614862272034,0,polar
9563767,40119,BRITE-PL2 (HEWELIUSZ),601.9392334871145,43.0,2234399100.0,52.2179,5.1645,bad,S,842.6425447365364,157.94386583164118,0.11383351838269587,0.019506820414462375,27.076101520176422,0,polar
9561452,40119,BRITE-PL2 (HEWELIUSZ),601.9416684595017,65.0,2234399100.0,63.854,20.208,bad,S,658.0537342362968,155.79622533601884,0.08565994242528055,0.01467892003465598,29.256743492135968,0,polar
9551016,40119,BRITE-PL2 (HEWELIUSZ),602.0268406912382,18.0,2234399100.0,52.2179,5.1645,bad,S,1482.5542309753619,162.85120994847975,0.2512297843494811,0.0430514171546015,22.007816540630927,0,polar
9541098,40119,BRITE-PL2 (HEWELIUSZ),602.1128939158398,82.0,2234399100.0,52.2179,5.1645,bad,S,607.5130906861305,155.10211098801716,0.07839722930357662,0.013434361818414689,29.95936511147559,0,polar
9538371,40119,BRITE-PL2 (HEWELIUSZ),602.1555448387817,83.0,2234399100.0,63.854,20.208,bad,S,606.2836258519164,155.08451496164713,0.07821729269592462,0.013403527393358487,29.977171908878347,0,polar
9533892,40119,BRITE-PL2 (HEWELIUSZ),602.1555448387817,75.0,2234399100.0,52.2179,5.1645,bad,S,621.4783817056968,155.29951870090673,0.08037291347245705,0.01377292041543953,29.75964315582013,0,polar
9534202,40119,BRITE-PL2 (HEWELIUSZ),602.1555448387817,75.0,2234399100.0,52.2179,5.1645,bad,S,621.4783817056968,155.29951870090673,0.08037291347245705,0.01377292041543953,29.75964315582013,0,polar
9527914,40119,BRITE-PL2 (HEWELIUSZ),602.1818471912347,58.0,2234399100.0,52.2179,5.1645,bad,S,698.4992265761157,156.31431676855476,0.09154465791386306,0.015687340839502455,28.731758923306643,0,polar
9875417,60243,ROBUSTA-3A (MEDITERRANEE),580.181092232744,77.0,2202000000.0,59.453,17.89,good,S,594.1248512748325,154.78168388634663,0.07920135414714144,0.013296052609751932,30.27912639751125,1,polar
9875414,60243,ROBUSTA-3A (MEDITERRANEE),580.2122528109512,46.0,2202000000.0,59.453,17.89,good,S,777.4135365911843,157.11717148350974,0.10728091026674427,0.018009952510138875,27.910845344328123,1,polar
9866633,60243,ROBUSTA-3A (MEDITERRANEE),580.4668261220695,68.0,2202000000.0,63.854,20.208,good,S,621.8471295830768,155.17780219431916,0.08323206685634722,0.013972714881672569,29.878300714557582,1,polar
9830772,60243,ROBUSTA-3A (MEDITERRANEE),580.5529918552265,67.0,2202000000.0,53.1094,6.1076,good,S,626.0180094734278,155.2358660606733,0.083835982267763,0.014074098136649579,29.819531549537032,1,polar
13527225,60243,ROBUSTA-3A (MEDITERRANEE),536.3663429029921,76.0,2202000000.0,44.255672,-76.38549,bad,S,551.459913487116,154.1344084817057,0.07953392608211642,0.04056628974019671,30.898798993086757,0,temperate
13219280,60243,ROBUSTA-3A (MEDITERRANEE),539.6883951643858,29.0,2202000000.0,52.2179,5.1645,bad,S,998.9383569454626,159.29490330185195,0.15917883092381072,0.026722398033622287,25.67250315980536,0,polar
13219279,60243,ROBUSTA-3A (MEDITERRANEE),539.6883951643858,29.0,2202000000.0,53.1094,6.1076,bad,S,998.9383569454626,159.29490330185195,0.15917883092381072,0.026722398033622287,25.67250315980536,0,polar
13219281,60243,ROBUSTA-3A (MEDITERRANEE),539.6883951643858,29.0,2202000000.0,52.2179,5.1645,bad,S,998.9383569454626,159.29490330185195,0.15917883092381072,0.026722398033622287,25.67250315980536,0,polar
12974175,60243,ROBUSTA-3A (MEDITERRANEE),541.5393328137998,44.0,2202000000.0,51.721268,5.029,bad,S,749.309842255775,156.79735825729273,0.11109263467225963,0.018649851774177363,28.226206946875607,0,polar
12840334,60243,ROBUSTA-3A (MEDITERRANEE),542.4980896907,26.0,2202000000.0,52.30446825839176,19.16926930632765,bad,S,1081.1372705551648,159.98174629948855,0.17604130458102357,0.02955321247222807,24.96596687407296,0,polar
12704030,60243,ROBUSTA-3A (MEDITERRANEE),544.3209247122368,28.0,2202000000.0,46.64,6.636,bad,S,1031.3072027459198,159.57189053286885,0.16437934624513925,0.08384170775374088,25.333196103747014,0,temperate
12488154,60243,ROBUSTA-3A (MEDITERRANEE),546.9301234463228,13.0,2202000000.0,46.64,6.636,bad,S,1620.4701582607997,163.49695026859024,0.3430587546989785,0.17497716416842457,21.13832150315713,0,temperate
12488152,60243,ROBUSTA-3A (MEDITERRANEE),546.8551227969838,11.0,2202000000.0,52.0,4.2,bad,S,1742.0459116745558,164.12532144794096,0.404443346180496,0.0678965664966989,20.55564632999659,0,polar
12488156,60243,ROBUSTA-3A (MEDITERRANEE),546.8551227969838,16.0,2202000000.0,39.5856507,32.6616518,bad,S,1461.5176536206563,162.60021082565814,0.27997449163844157,0.14280102727410932,22.13032134604404,0,temperate
12488153,60243,ROBUSTA-3A (MEDITERRANEE),546.9301234463228,79.0,2202000000.0,46.64,6.636,bad,S,556.3379517748717,154.21090326003358,0.07861582265925811,0.04009801096536691,30.82369059695654,0,temperate
12488158,60243,ROBUSTA-3A (MEDITERRANEE),546.9301234463228,62.0,2202000000.0,52.2179,5.1645,bad,S,612.6685540939488,155.04864131957413,0.08740204876888844,0.014672757191401977,30.002591565080337,0,polar
12488155,60243,ROBUSTA-3A (MEDITERRANEE),546.8551227969838,14.0,2202000000.0,59.453,17.89,bad,S,1564.3620507768608,163.19087495528933,0.3189931542994018,0.05355148036782198,21.589888100658214,0,polar
12488159,60243,ROBUSTA-3A (MEDITERRANEE),546.8551227969838,62.0,2202000000.0,52.2179,5.1645,bad,S,612.5853756654042,155.04746200705097,0.08740204876888844,0.014672757191401977,30.0037708776035,0,polar
12488157,60243,ROBUSTA-3A (MEDITERRANEE),546.8551227969838,52.0,2202000000.0,53.1094,6.1076,bad,S,677.9902991840017,155.9285991134438,0.09793194854031528,0.016440480771938253,29.110336147858703,0,polar
12488151,60243,ROBUSTA-3A (MEDITERRANEE),546.8551227969838,69.0,2202000000.0,52.0,4.2,bad,S,582.3914679022564,154.60842959241086,0.0826617893661033,0.013876978645921424,30.448339330191857,0,polar
11847209,60243,ROBUSTA-3A (MEDITERRANEE),551.9042074664358,68.0,2202000000.0,63.854,20.208,bad,S,591.4272512475964,154.74215614815276,0.08323206685634722,0.013972714881672569,30.31394676072398,0,polar
11813621,60243,ROBUSTA-3A (MEDITERRANEE),552.0666731604688,65.0,2202000000.0,63.854,20.208,bad,S,603.9502424649745,154.92415271374134,0.08514925026050543,0.014294565078285033,30.12971116153463,0,polar
11798519,60243,ROBUSTA-3A (MEDITERRANEE),552.1441054539018,68.0,2202000000.0,63.854,20.208,bad,S,591.6828185177092,154.74590868005077,0.08323206685634722,0.013972714881672569,30.310194228825964,0,polar
11739541,60243,ROBUSTA-3A (MEDITERRANEE),552.6686571972095,62.0,2202000000.0,63.854,20.208,bad,S,619.0321815706311,155.1383940593056,0.08740204876888844,0.014672757191401977,29.91283882534887,0,polar
10849448,60243,ROBUSTA-3A (MEDITERRANEE),564.9976145449054,23.0,2202000000.0,52.0,4.2,bad,S,1214.240519728758,160.99022394204866,0.19750519716666767,0.033156497392061585,23.93242205400736,0,polar
10849445,60243,ROBUSTA-3A (MEDITERRANEE),564.9976145449054,23.0,2202000000.0,52.0,4.2,bad,S,1214.240519728758,160.99022394204866,0.19750519716666767,0.033156497392061585,23.93242205400736,0,polar
10849403,60243,ROBUSTA-3A (MEDITERRANEE),564.9976145449054,7.0,2202000000.0,52.0,4.2,bad,S,2074.13553236392,165.64087214519193,0.6332308553995953,0.10630463150755504,18.77290005851566,0,polar
10818666,60243,ROBUSTA-3A (MEDITERRANEE),565.5431963176161,48.0,2202000000.0,52.0,4.2,bad,S,737.393611784355,156.65811693240516,0.10384440007619491,0.01743304292595922,28.37391331520743,0,polar
10818658,60243,ROBUSTA-3A (MEDITERRANEE),565.5431963176161,70.0,2202000000.0,63.854,20.208,bad,S,598.6255576494523,154.84723460695287,0.08212411895592682,0.013786716375315143,30.210162248330647,0,polar
10804555,60243,ROBUSTA-3A (MEDITERRANEE),565.9008994855221,65.0,2202000000.0,63.854,20.208,bad,S,618.9642461749936,155.13744077812254,0.08514925026050543,0.014294565078285033,29.916423097153427,0,polar
10797794,60243,ROBUSTA-3A (MEDITERRANEE),565.946245474016,61.0,2202000000.0,63.854,20.208,bad,S,639.1678878327803,155.41642846752052,0.08823426678073822,0.014812467106560508,29.633832489206924,0,polar
10772855,60243,ROBUSTA-3A (MEDITERRANEE),566.3577719454061,65.0,2202000000.0,63.854,20.208,bad,S,619.4599898279148,155.14439473584216,0.08514925026050543,0.014294565078285033,29.90946913943381,0,polar
10745655,60243,ROBUSTA-3A (MEDITERRANEE),566.7037187138258,63.0,2202000000.0,63.854,20.208,bad,S,629.4257031485758,155.28301898927745,0.08661151908144026,0.0145400457696458,29.769137136486222,0,polar
10715285,60243,ROBUSTA-3A (MEDITERRANEE),567.1105479997932,67.0,2202000000.0,63.854,20.208,bad,S,611.6185427045721,155.03374238727812,0.083835982267763,0.014074098136649579,30.021655222932196,0,polar
10685819,60243,ROBUSTA-3A (MEDITERRANEE),567.5691106908125,22.0,2202000000.0,52.0,4.2,bad,S,1253.6350663222702,161.26755214643265,0.20600659445881123,0.03458368291016201,23.645165266813137,0,polar
10624370,60243,ROBUSTA-3A (MEDITERRANEE),568.4728246357099,70.0,2202000000.0,63.854,20.208,bad,S,601.7113557625826,154.89189366992525,0.08212411895592682,0.013786716375315143,30.16550318535826,0,polar
10612100,60243,ROBUSTA-3A (MEDITERRANEE),568.6190812498007,55.0,2202000000.0,46.64,6.636,bad,S,680.748976738324,155.96386945873132,0.09420891897841979,0.04805127184899052,29.047178041056014,0,temperate
10580120,60243,ROBUSTA-3A (MEDITERRANEE),568.9633420407399,63.0,2202000000.0,63.854,20.208,bad,S,631.9116385246462,155.3172565997377,0.08661151908144026,0.0145400457696458,29.73489952602597,0,polar
10410349,60243,ROBUSTA-3A (MEDITERRANEE),571.98936765486,70.0,2202000000.0,63.854,20.208,bad,S,605.4151672599146,154.94519545436867,0.08212411895592682,0.013786716375315143,30.11220140091484,0,polar
10395559,60243,ROBUSTA-3A (MEDITERRANEE),572.2410803499715,68.0,2202000000.0,63.854,20.208,bad,S,613.0882325720913,155.05458912443513,0.08323206685634722,0.013972714881672569,30.001513784441613,0,polar
10360634,60243,ROBUSTA-3A (MEDITERRANEE),573.217305346041,70.0,2202000000.0,63.854,20.208,bad,S,606.7084487617885,154.96373037029704,0.08212411895592682,0.013786716375315143,30.09366648498647,0,polar
10351731,60243,ROBUSTA-3A (MEDITERRANEE),573.5931576791763,65.0,2202000000.0,63.854,20.208,bad,S,627.3101994265426,155.25377649023412,0.08514925026050543,0.014294565078285033,29.80008738504185,0,polar
10346303,60243,ROBUSTA-3A (MEDITERRANEE),573.7521694517054,60.0,2202000000.0,63.854,20.208,bad,S,653.6365110124061,155.61085557750715,0.08910989011892453,0.014959463759537207,29.438382759229142,0,polar
10341604,60243,ROBUSTA-3A (MEDITERRANEE),573.8930226750099,70.0,2202000000.0,63.854,20.208,bad,S,607.4201132508233,154.97391288327373,0.08212411895592682,0.013786716375315143,30.083483972009788,0,polar
10318902,60243,ROBUSTA-3A (MEDITERRANEE),574.387515159824,68.0,2202000000.0,63.854,20.208,bad,S,615.3739221660335,155.08691127679955,0.08323206685634722,0.013972714881672569,29.969191632077184,0,polar
10303950,60243,ROBUSTA-3A (MEDITERRANEE),574.6826370930003,61.0,2202000000.0,63.854,20.208,bad,S,648.9235311038019,155.54799996905513,0.08823426678073822,0.014812467106560508,29.502260987672315,0,polar
10299785,60243,ROBUSTA-3A (MEDITERRANEE),574.786175054538,65.0,2202000000.0,63.854,20.208,bad,S,628.6044539729637,155.2716785922645,0.08514925026050543,0.014294565078285033,29.782185283011472,0,polar
10293194,60243,ROBUSTA-3A (MEDITERRANEE),574.8461563412975,69.0,2202000000.0,63.854,20.208,bad,S,612.0370406168013,155.03968364537505,0.0826617893661033,0.013876978645921424,30.017085277227665,0,polar
10282573,60243,ROBUSTA-3A (MEDITERRANEE),574.988814044752,70.0,2202000000.0,63.854,20.208,bad,S,608.5741830387669,154.99040000965746,0.08212411895592682,0.013786716375315143,30.06699684562605,0,polar
10277774,60243,ROBUSTA-3A (MEDITERRANEE),575.047852403286,67.0,2202000000.0,63.854,20.208,bad,S,620.1214327881125,155.15366435055984,0.083835982267763,0.014074098136649579,29.901733259650484,0,polar
10270977,60243,ROBUSTA-3A (MEDITERRANEE),575.1073625785875,66.0,2202000000.0,63.854,20.208,bad,S,624.4538409032502,155.21413633895628,0.08447464537842378,0.014181314716601955,29.84051539156343,0,polar
10270655,60243,ROBUSTA-3A (MEDITERRANEE),575.1073625785875,63.0,2202000000.0,63.854,20.208,bad,S,638.6701530296696,155.40966192958814,0.08661151908144026,0.0145400457696458,29.642494196175534,0,polar
10265829,60243,ROBUSTA-3A (MEDITERRANEE),575.1660752905154,69.0,2202000000.0,63.854,20.208,bad,S,612.3757859164361,155.04448971126942,0.0826617893661033,0.013876978645921424,30.012279211333293,0,polar
10243496,60243,ROBUSTA-3A (MEDITERRANEE),575.4682587134648,67.0,2202000000.0,63.854,20.208,bad,S,620.5717558994656,155.1599696274069,0.083835982267763,0.014074098136649579,29.895427982803426,0,polar
10030126,60243,ROBUSTA-3A (MEDITERRANEE),578.4687893487599,27.0,2202000000.0,52.2179,5.1645,bad,S,1116.656409498377,160.26252077612892,0.16998467724699445,0.02853644657803257,24.692265790660798,0,polar
9945041,60243,ROBUSTA-3A (MEDITERRANEE),579.598003742245,70.0,2202000000.0,63.854,20.208,bad,S,613.4282899511854,155.0594055307156,0.08212411895592682,0.013786716375315143,29.99799132456792,0,polar
9940591,60243,ROBUSTA-3A (MEDITERRANEE),579.6462032093932,67.0,2202000000.0,63.854,20.208,bad,S,625.0467918236345,155.222380122924,0.083835982267763,0.014074098136649579,29.833017487286327,0,polar
9898822,60243,ROBUSTA-3A (MEDITERRANEE),580.0681268187118,42.0,2202000000.0,46.64,6.636,bad,S,826.3233592571623,157.6471301137931,0.11533089031955165,0.05882453618431108,27.332022150317783,0,temperate
9875426,60243,ROBUSTA-3A (MEDITERRANEE),580.181092232744,77.0,2202000000.0,52.2179,5.1645,bad,S,594.1248512748325,154.78168388634663,0.07920135414714144,0.013296052609751932,30.27912639751125,0,polar
9875430,60243,ROBUSTA-3A (MEDITERRANEE),580.181092232744,77.0,2202000000.0,52.2179,5.1645,bad,S,594.1248512748325,154.78168388634663,0.07920135414714144,0.013296052609751932,30.27912639751125,0,polar
9875422,60243,ROBUSTA-3A (MEDITERRANEE),580.181092232744,89.0,2202000000.0,53.1094,6.1076,bad,S,580.2620996820178,154.5766136180652,0.07718318394418841,0.012957249094548831,30.486553639510817,0,polar
9875406,60243,ROBUSTA-3A (MEDITERRANEE),580.181092232744,48.0,2202000000.0,52.0,4.2,bad,S,755.9386142345893,156.87386011823077,0.10384440007619491,0.01743304292595922,28.15817012938183,0,polar
9875413,60243,ROBUSTA-3A (MEDITERRANEE),580.181092232744,40.0,2202000000.0,63.854,20.208,bad,S,854.5859957754037,157.9392449484552,0.12005743018142784,0.020154831000973452,27.073850480977143,0,polar
9875416,60243,ROBUSTA-3A (MEDITERRANEE),580.2122528109512,63.0,2202000000.0,59.453,17.89,bad,S,644.2846555512906,155.48568527861147,0.08661151908144026,0.0145400457696458,29.566470847152203,0,polar
9875412,60243,ROBUSTA-3A (MEDITERRANEE),580.2122528109512,68.0,2202000000.0,63.854,20.208,bad,S,621.5760768951268,155.17401533597732,0.08323206685634722,0.013972714881672569,29.882087572899422,0,polar
9875415,60243,ROBUSTA-3A (MEDITERRANEE),580.2122528109512,75.0,2202000000.0,59.453,17.89,bad,S,598.892351512678,154.8511048490139,0.07989374180821812,0.013412288283587955,30.208896811509078,0,polar
9875411,60243,ROBUSTA-3A (MEDITERRANEE),580.2122528109512,62.0,2202000000.0,63.854,20.208,bad,S,649.5593145135881,155.55650581107076,0.08740204876888844,0.014672757191401977,29.494727073583704,0,polar
9875421,60243,ROBUSTA-3A (MEDITERRANEE),580.2122528109512,46.0,2202000000.0,53.1094,6.1076,bad,S,777.4135365911843,157.11717148350974,0.10728091026674427,0.018009952510138875,27.910845344328123,0,polar
9875425,60243,ROBUSTA-3A (MEDITERRANEE),580.2122528109512,43.0,2202000000.0,52.2179,5.1645,bad,S,813.3990372405242,157.51020259513894,0.11315485944036077,0.018996051019191103,27.51095418501626,0,polar
9875429,60243,ROBUSTA-3A (MEDITERRANEE),580.2122528109512,43.0,2202000000.0,52.2179,5.1645,bad,S,813.3990372405242,157.51020259513894,0.11315485944036077,0.018996051019191103,27.51095418501626,0,polar
9875405,60243,ROBUSTA-3A (MEDITERRANEE),580.2122528109512,36.0,2202000000.0,52.0,4.2,bad,S,919.3016125063086,158.57328995248048,0.13129187619193486,0.02204083139586077,26.42668503054648,0,polar
9875410,60243,ROBUSTA-3A (MEDITERRANEE),580.2122528109512,31.0,2202000000.0,63.854,20.208,bad,S,1019.5617173774622,159.47239991786603,0.14983635643812496,0.02515401535122308,25.505917400959362,0,polar
9875420,60243,ROBUSTA-3A (MEDITERRANEE),580.2122528109512,46.0,2202000000.0,53.1094,6.1076,bad,S,777.4135365911843,157.11717148350974,0.10728091026674427,0.018009952510138875,27.910845344328123,0,polar
9875424,60243,ROBUSTA-3A (MEDITERRANEE),580.2122528109512,47.0,2202000000.0,52.2179,5.1645,bad,S,766.4562782744852,156.99387723472168,0.10551861349792303,0.01771410415243641,28.03619773824269,0,polar
9875428,60243,ROBUSTA-3A (MEDITERRANEE),580.2122528109512,47.0,2202000000.0,52.2179,5.1645,bad,S,766.4562782744852,156.99387723472168,0.10551861349792303,0.01771410415243641,28.03619773824269,0,polar
9875404,60243,ROBUSTA-3A (MEDITERRANEE),580.2122528109512,35.0,2202000000.0,52.0,4.2,bad,S,937.4653966518995,158.7432344384228,0.1345442798563596,0.022586833805743837,26.252942138529846,0,polar
9875423,60243,ROBUSTA-3A (MEDITERRANEE),580.2795251203506,57.0,2202000000.0,52.2179,5.1645,bad,S,680.1390796583046,155.95608410260687,0.09201637868428268,0.015447395124988984,29.0897598141986,0,polar
9875427,60243,ROBUSTA-3A (MEDITERRANEE),580.2795251203506,57.0,2202000000.0,52.2179,5.1645,bad,S,680.1390796583046,155.95608410260687,0.09201637868428268,0.015447395124988984,29.0897598141986,0,polar
9875419,60243,ROBUSTA-3A (MEDITERRANEE),580.2795251203506,66.0,2202000000.0,53.1094,6.1076,bad,S,630.028200003313,155.2913292919787,0.08447464537842378,0.014181314716601955,29.763322438540996,0,polar
9875403,60243,ROBUSTA-3A (MEDITERRANEE),580.2795251203506,31.0,2202000000.0,52.0,4.2,bad,S,1019.6704630313784,159.4733262986465,0.14983635643812496,0.02515401535122308,25.504991020178892,0,polar
9875409,60243,ROBUSTA-3A (MEDITERRANEE),580.2795251203506,47.0,2202000000.0,63.854,20.208,bad,S,766.5424671043211,156.9948539174059,0.10551861349792303,0.01771410415243641,28.03522105555848,0,polar
9875408,60243,ROBUSTA-3A (MEDITERRANEE),580.2795251203506,70.0,2202000000.0,63.854,20.208,bad,S,614.1459953721687,155.06956200086023,0.08212411895592682,0.013786716375315143,29.987834854423284,0,polar
9875418,60243,ROBUSTA-3A (MEDITERRANEE),580.2795251203506,30.0,2202000000.0,53.1094,6.1076,bad,S,1042.8444060025831,159.668519831637,0.15434285714285717,0.025910551285503774,25.30453445054937,0,polar
9875407,60243,ROBUSTA-3A (MEDITERRANEE),580.2795251203506,55.0,2202000000.0,63.854,20.208,bad,S,694.4611812704588,156.1370890090525,0.09420891897841979,0.015815471295071742,28.906194291288784,0,polar
9866958,60243,ROBUSTA-3A (MEDITERRANEE),580.4668261220695,61.0,2202000000.0,63.854,20.208,bad,S,655.3808825542046,155.63400489201254,0.08823426678073822,0.014812467106560508,29.4162560647149,0,polar
9861369,60243,ROBUSTA-3A (MEDITERRANEE),580.4668261220695,64.0,2202000000.0,63.854,20.208,bad,S,639.5423404988469,155.42151555379394,0.08586108117781387,0.014414064819516697,29.631516990823485,0,polar
9830775,60243,ROBUSTA-3A (MEDITERRANEE),580.5529918552265,58.0,2202000000.0,53.1094,6.1076,bad,S,673.7674919934507,155.87433057987047,0.09099888192802921,0.015276581247536024,29.172701647568715,0,polar
9830774,60243,ROBUSTA-3A (MEDITERRANEE),580.5529918552265,27.0,2202000000.0,53.1094,6.1076,bad,S,1120.268983372719,160.29057575316273,0.16998467724699445,0.02853644657803257,24.664210813626994,0,polar
9830773,60243,ROBUSTA-3A (MEDITERRANEE),580.5529918552265,28.0,2202000000.0,53.1094,6.1076,bad,S,1093.2970136557574,160.07889275119044,0.16437934624513925,0.027595442769470412,24.882440150409707,0,polar
9830771,60243,ROBUSTA-3A (MEDITERRANEE),580.5529918552265,27.0,2202000000.0,53.1094,6.1076,bad,S,1120.268983372719,160.29057575316273,0.16998467724699445,0.02853644657803257,24.664210813626994,0,polar
9830770,60243,ROBUSTA-3A (MEDITERRANEE),580.0038988576061,45.0,2202000000.0,53.1094,6.1076,bad,S,788.599385179491,157.24125819751208,0.10913688091342086,0.018321526518261532,27.784591085670996,0,polar
9830769,60243,ROBUSTA-3A (MEDITERRANEE),580.0038988576061,25.0,2202000000.0,53.1094,6.1076,bad,S,1177.5831367881533,160.72396107178494,0.18260315645985423,0.030654793736056514,24.216088668633887,0,polar
9830768,60243,ROBUSTA-3A (MEDITERRANEE),576.8140040227472,32.0,2202000000.0,53.1094,6.1076,bad,S,992.1064636625688,159.2352950967995,0.14562865285355478,0.02444764045613291,25.747936300505557,0,polar
9830767,60243,ROBUSTA-3A (MEDITERRANEE),580.9441971695387,89.0,2202000000.0,53.1094,6.1076,bad,S,581.0253022705037,154.5880304204835,0.07718318394418841,0.012957249094548831,30.47513683709252,0,polar
12752137,60237,GRBBETA,553.3709620698637,27.0,2405000000.0,49.979,21.913,good,S,1072.9817622547598,160.68193164036802,0.17635280924585792,0.10230340629644595,24.192719834704434,1,temperate
12750135,60237,GRBBETA,553.3709620698637,61.0,2405000000.0,49.979,21.913,good,S,625.1201452906362,155.9893547324722,0.09153978505910768,0.05310282191272313,29.01931035117073,1,temperate
12746308,60237,GRBBETA,553.386283628226,14.0,2405000000.0,41.742714,-111.807429,good,S,1578.8900886901936,164.03712280626831,0.3309435873985023,0.19198251747513664,20.59325877947279,1,temperate
12746304,60237,GRBBETA,553.386283628226,88.0,2405000000.0,41.742714,-111.807429,good,S,553.6966452117267,154.93552267960968,0.0801113016404244,0.046473084697118146,30.09120062466755,1,temperate
12734407,60237,GRBBETA,553.5391168141396,19.0,2405000000.0,49.979,21.913,good,S,1340.9998739718017,162.6186595768058,0.24591625103350168,0.14265760920942072,22.14607425356604,1,temperate
12720131,60237,GRBBETA,553.7352651821102,36.0,2405000000.0,49.979,21.913,good,S,879.7435372362388,158.95720653825796,0.1362104606873704,0.07901657002865932,25.98087412164074,1,temperate
12716815,60237,GRBBETA,553.8196349669288,32.0,2405000000.0,49.979,21.913,good,S,955.4338588672272,159.674097392876,0.15108433567866367,0.08764500119992269,25.240480960860168,1,temperate
12712129,60237,GRBBETA,553.8196349669288,62.0,2405000000.0,49.979,21.913,good,S,620.3083887076609,155.92223792334272,0.0906763896832912,0.05260196066586039,29.08779141692287,1,temperate
12704002,60237,GRBBETA,553.8472416448294,76.0,2405000000.0,49.979,21.913,good,S,569.3918503160476,155.17830977237995,0.08251350369982621,0.047866617662881854,29.844617796872086,1,temperate
12659666,60237,GRBBETA,554.1730709783669,75.0,2405000000.0,49.979,21.913,good,S,572.0849442124118,155.21929520438064,0.08288679919408226,0.04808316879569805,29.803042518244325,1,temperate
12643104,60237,GRBBETA,554.2569870416937,31.0,2405000000.0,49.979,21.913,good,S,977.477243241527,159.87221794261137,0.15544967236447915,0.09017736127118847,25.035462714367696,1,temperate
12614229,60237,GRBBETA,554.4523350132695,62.0,2405000000.0,49.979,21.913,good,S,621.0099074542277,155.9320554134728,0.0906763896832912,0.05260196066586039,29.077973926792794,1,temperate
12609437,60237,GRBBETA,554.4884261460238,49.0,2405000000.0,49.979,21.913,good,S,713.7275643033208,157.14073422851658,0.1060838527799892,0.06153992975135153,27.844949679566838,1,temperate
12603127,60237,GRBBETA,554.5178648124393,38.0,2405000000.0,49.979,21.913,good,S,848.2262333275353,158.64031883362168,0.1300430564664622,0.07543881891426472,26.307506981612335,1,temperate
12587552,60237,GRBBETA,554.6665932412234,75.0,2405000000.0,49.979,21.913,good,S,572.5930827557186,155.22700678002715,0.08288679919408226,0.04808316879569805,29.795330942597815,1,temperate
12565519,60237,GRBBETA,554.7923631532749,36.0,2405000000.0,49.979,21.913,good,S,881.3264751797187,158.9728211678716,0.1362104606873704,0.07901657002865932,25.965259492027116,1,temperate
12553046,60237,GRBBETA,554.8670779451559,60.0,2405000000.0,49.979,21.913,good,S,632.3755240407445,156.089585882291,0.09244821185398883,0.0536298061773046,28.91764379029246,1,temperate
12546484,60237,GRBBETA,554.9153573533758,77.0,2405000000.0,49.979,21.913,good,S,568.3021674925112,155.16167108483853,0.0821684726302084,0.04766646290577335,29.861801670240254,1,temperate
12540014,60237,GRBBETA,554.9385768855627,83.0,2405000000.0,49.979,21.913,good,S,558.7691248532674,155.01473285377418,0.08066375540079905,0.046793566699924315,30.01111751473985,1,temperate
12517413,60237,GRBBETA,555.0906043150162,32.0,2405000000.0,49.979,21.913,good,S,957.4657790758702,159.69255005079222,0.15108433567866367,0.08764500119992269,25.222028302943954,1,temperate
12473660,60237,GRBBETA,555.5431522301933,26.0,2405000000.0,49.979,21.913,good,S,1104.3748833975906,160.93241525602124,0.18263633586843278,0.1059485207677875,23.93230757795729,1,temperate
12342740,60237,GRBBETA,556.520802754957,24.0,2405000000.0,49.979,21.913,good,S,1165.9422198364073,161.40362541181338,0.19684112892941244,0.11418881317984879,23.438652336692115,1,temperate
12312060,60237,GRBBETA,556.6677104010132,26.0,2405000000.0,49.979,21.913,good,S,1106.3736602306822,160.94812139298912,0.18263633586843278,0.1059485207677875,23.91660144098941,1,temperate
9961859,60237,GRBBETA,576.0882116437033,38.0,2405000000.0,47.212456,7.621808,good,S,879.4898395898613,158.95470136776476,0.1300430564664622,0.07543881891426472,25.993124447469256,1,temperate
13723617,60237,GRBBETA,548.314325621559,34.0,2405000000.0,41.742714,-111.807429,bad,S,907.2926785243471,159.2250329623815,0.14317510022583524,0.08305680251182061,25.702042825495568,0,temperate
13699315,60237,GRBBETA,548.4052301403581,57.0,2405000000.0,41.742714,-111.807429,bad,S,643.324777629563,156.23869040724227,0.09546358613267804,0.05537904431696207,28.763774652922848,0,temperate
13699314,60237,GRBBETA,548.4052301403581,18.0,2405000000.0,41.742714,-111.807429,bad,S,1372.8490511365003,162.82254059374503,0.25908769244857693,0.15029844764209757,21.921380956779046,0,temperate
13699308,60237,GRBBETA,548.4249089330233,77.0,2405000000.0,41.742714,-111.807429,bad,S,561.6679680491088,155.05967797102926,0.0821684726302084,0.04766646290577335,29.963794784049526,0,temperate
13289378,60237,GRBBETA,550.633157246596,51.0,2405000000.0,46.64,6.636,bad,S,690.9578508799168,156.85911595176773,0.1030211877443217,0.059763257937425374,28.131407293165267,0,temperate
11540028,60237,GRBBETA,559.75269744056,66.0,2405000000.0,44.141,28.617,bad,S,607.9012126483894,155.74674503049988,0.08763931704789037,0.05084013516900612,29.268083207897973,0,temperate
9987775,60237,GRBBETA,575.8376028143548,21.0,2405000000.0,59.453,17.89,bad,S,1306.1663319058002,162.39005453763633,0.22340865052687844,0.04232197682136571,22.49752252563016,0,polar
9987781,60237,GRBBETA,575.8745117422777,63.0,2405000000.0,47.212456,7.621808,bad,S,639.5139405214959,156.18708515484678,0.08985624440060101,0.0521261890780078,28.824240102289366,0,temperate
9987774,60237,GRBBETA,575.8745117422777,21.0,2405000000.0,59.453,17.89,bad,S,1306.2377879209698,162.39052970076838,0.22340865052687844,0.04232197682136571,22.497047362498108,0,polar
9987773,60237,GRBBETA,575.8745117422777,65.0,2405000000.0,59.453,17.89,bad,S,629.7851105668205,156.05393261197634,0.08833919463693449,0.016734756416214292,28.99430112758526,0,polar
9987772,60237,GRBBETA,575.8745117422777,70.0,2405000000.0,59.453,17.89,bad,S,609.5069710498383,155.76965837794657,0.08520073290885272,0.016140214064352048,29.282308365694973,0,polar
9987771,60237,GRBBETA,575.8745117422777,54.0,2405000000.0,59.453,17.89,bad,S,696.8946491180604,156.93342743491797,0.0989626924485769,0.018747245310828813,28.10217031793738,0,polar
9987780,60237,GRBBETA,575.8745117422777,70.0,2405000000.0,47.212456,7.621808,bad,S,609.5069710498383,155.76965837794657,0.08520073290885272,0.04942549672331946,29.249023083036008,0,temperate
9987779,60237,GRBBETA,575.8940579724331,29.0,2405000000.0,47.212456,7.621808,bad,S,1059.8663512029757,160.57510692261155,0.1651421437539118,0.09580002667022633,24.31725859757907,0,temperate
9987778,60237,GRBBETA,575.8940579724331,45.0,2405000000.0,47.212456,7.621808,bad,S,783.2011949110474,157.94755166384306,0.11322547333749593,0.06568283006937876,27.026847723364796,0,temperate
9987770,60237,GRBBETA,575.8940579724331,27.0,2405000000.0,59.453,17.89,bad,S,1112.190596315069,160.99366921112565,0.17635280924585792,0.033407835765016526,23.94987783447823,0,polar
9987769,60237,GRBBETA,575.8940579724331,61.0,2405000000.0,59.453,17.89,bad,S,650.276046357264,156.3320399677081,0.09153978505910768,0.01734106827272677,28.71238686957483,0,polar
9987768,60237,GRBBETA,575.8940579724331,62.0,2405000000.0,59.453,17.89,bad,S,644.7751950887587,156.25825126675778,0.0906763896832912,0.01717750880895129,28.787202525364734,0,polar
9987767,60237,GRBBETA,575.8940579724331,78.0,2405000000.0,59.453,17.89,bad,S,587.6624453897257,155.4526435957099,0.0818511438763814,0.015505676283209613,29.603307274745276,0,polar
9987777,60237,GRBBETA,575.8940579724331,23.0,2405000000.0,47.212456,7.621808,bad,S,1234.6127919561131,161.9007002846065,0.20490432976137413,0.11886632818110977,22.928836748065777,0,temperate
9987766,60237,GRBBETA,575.8940579724331,42.0,2405000000.0,59.453,17.89,bad,S,820.6204075390569,158.35293109580033,0.11965152877353522,0.022666486796514132,26.65805857924437,0,polar
9987776,60237,GRBBETA,575.8940579724331,80.0,2405000000.0,47.212456,7.621808,bad,S,584.0272010527306,155.39874633284884,0.08129759311410245,0.04716126006067871,29.62610250459113,0,temperate
9961863,60237,GRBBETA,576.0418049122045,58.0,2405000000.0,47.212456,7.621808,bad,S,668.6061461999052,156.5734921271113,0.09440797091917784,0.054766675097887914,28.430640917486386,0,temperate
9961860,60237,GRBBETA,576.0882116437033,41.0,2405000000.0,47.212456,7.621808,bad,S,834.5403963597364,158.49903211154458,0.12203551275438425,0.07079359096855509,26.46144647534723,0,temperate
9838588,60237,GRBBETA,576.8140040227472,25.0,2405000000.0,47.212456,7.621808,bad,S,1171.849464606611,161.44752135488164,0.1894440142511469,0.10989769906838036,23.406444622413602,0,temperate
9838587,60237,GRBBETA,576.8140040227472,68.0,2405000000.0,47.212456,7.621808,bad,S,617.9577211591131,155.88926009528703,0.08635018783562402,0.05009230296755114,29.127605104524548,0,temperate
9838582,60237,GRBBETA,576.8140040227472,13.0,2405000000.0,47.212456,7.621808,bad,S,1687.6139307508367,164.6155468700076,0.35591075682452566,0.20646613408881787,19.975383929693805,0,temperate
9838581,60237,GRBBETA,576.8140040227472,32.0,2405000000.0,47.212456,7.621808,bad,S,992.1064636625688,160.00125041828184,0.15108433567866367,0.08764500119992269,24.913327935454333,0,temperate
9838580,60237,GRBBETA,576.8140040227472,44.0,2405000000.0,47.212456,7.621808,bad,S,796.338532437203,158.09203944496642,0.11525449545378472,0.06685987893429239,26.879153871260257,0,temperate
13644028,60240,OOV-CUBE (TUBSAT-30),559.707181570534,2.0,2263000000.0,52.0,4.2,bad,S,2516.4933548261447,167.55739005929183,2.2362172672038683,0.15618681753400565,15.203513546585043,0,polar
13535759,60240,OOV-CUBE (TUBSAT-30),560.0672157550662,80.0,2263000000.0,44.255672,-76.38549,bad,S,567.9952483035477,154.62836835167084,0.07924679401045463,0.0420958283068957,30.403596716626566,0,temperate
13490010,60240,OOV-CUBE (TUBSAT-30),560.2543112054364,77.0,2263000000.0,44.255672,-76.38549,bad,S,573.7591606262276,154.71606695171565,0.08009570486964711,0.04254676901967345,30.314598265009778,0,temperate
13007731,60240,OOV-CUBE (TUBSAT-30),561.8205774471808,72.0,2263000000.0,51.721268,5.029,bad,S,588.2296581705732,154.9324126525495,0.08205911615733791,0.014313111635675559,30.124522810272254,0,polar
12974457,60240,OOV-CUBE (TUBSAT-30),561.8912729211152,44.0,2263000000.0,51.721268,5.029,bad,S,776.4660093732018,157.34392327651906,0.11234710537107633,0.019596075810005255,27.677441232914617,0,polar
12446537,60240,OOV-CUBE (TUBSAT-30),564.167738773398,3.0,2263000000.0,52.0,4.2,bad,S,2427.786010335648,167.24568239199124,1.491190048779881,0.15618681753400565,16.260248432309623,0,polar
10612104,60240,OOV-CUBE (TUBSAT-30),572.8447981682348,88.0,2263000000.0,46.64,6.636,bad,S,573.165172792551,154.7070701712296,0.07809042772149233,0.04148156753625029,30.326665524127435,0,temperate
10500595,60240,OOV-CUBE (TUBSAT-30),573.6670154899311,68.0,2263000000.0,63.854,20.208,bad,S,614.6066890013481,155.31341995178235,0.08417193284639482,0.014681638407012053,29.741034167578988,0,polar
10410348,60240,OOV-CUBE (TUBSAT-30),574.4153827851878,70.0,2263000000.0,63.854,20.208,bad,S,607.9702569669535,155.2191209669889,0.08305147387194155,0.014486203029012183,29.836649046724915,0,polar
10400447,60240,OOV-CUBE (TUBSAT-30),574.4740127981622,66.0,2263000000.0,63.854,20.208,bad,S,623.7711946680975,155.44198061015254,0.08542854270683618,0.014900821820839006,29.61099771593453,0,polar
10380891,60240,OOV-CUBE (TUBSAT-30),574.6864257919833,67.0,2263000000.0,63.854,20.208,bad,S,619.7342832593376,155.38558473449336,0.0847826677395019,0.014788165470843486,29.668152122911067,0,polar
10370959,60240,OOV-CUBE (TUBSAT-30),574.7578951174673,69.0,2263000000.0,63.854,20.208,bad,S,611.943585130296,155.2757020316039,0.08359521571770127,0.014581044871135186,29.779429398421996,0,polar
10365458,60240,OOV-CUBE (TUBSAT-30),574.9009011901026,70.0,2263000000.0,63.854,20.208,bad,S,608.4815953716561,155.22642323580294,0.08305147387194155,0.014486203029012183,29.82934677791087,0,polar
9894357,60240,OOV-CUBE (TUBSAT-30),578.1727572201435,42.0,2263000000.0,52.0,4.2,bad,S,823.7341190472862,157.85721539744137,0.11663321988443366,0.02034367873806198,27.159115394550895,0,polar
9894356,60240,OOV-CUBE (TUBSAT-30),578.1727572201435,22.0,2263000000.0,52.0,4.2,bad,S,1273.81182951862,161.64357985566687,0.20833284441475114,0.0363383302078073,23.265056660325342,0,polar
9894355,60240,OOV-CUBE (TUBSAT-30),578.1727572201435,26.0,2263000000.0,52.0,4.2,bad,S,1144.4631604757815,160.71351065255513,0.17802918306666637,0.031052632430936256,24.230715222562026,0,polar
9894397,60240,OOV-CUBE (TUBSAT-30),578.1727572201435,69.0,2263000000.0,52.2179,5.1645,bad,S,615.5593105866146,155.32687239253133,0.08359521571770127,0.014581044871135186,29.72825903749458,0,polar
9894354,60240,OOV-CUBE (TUBSAT-30),578.1727572201435,71.0,2263000000.0,52.0,4.2,bad,S,608.5033276085442,155.22673345133256,0.0825397397331826,0.014396944111796952,29.829637555437188,0,polar
9894353,60240,OOV-CUBE (TUBSAT-30),578.1727572201435,23.0,2263000000.0,52.0,4.2,bad,S,1238.8630667141383,161.40194041789496,0.19973544837495472,0.03483873461067976,23.516793089734165,0,polar
9894352,60240,OOV-CUBE (TUBSAT-30),578.1958961383771,12.0,2263000000.0,52.0,4.2,bad,S,1750.9951617958513,164.40717322255244,0.37536541036195975,0.06547288435791253,20.30529617334244,0,polar
9894351,60240,OOV-CUBE (TUBSAT-30),578.2023270934333,66.0,2263000000.0,52.0,4.2,bad,S,627.7895558275259,155.49775602732808,0.08542854270683618,0.014900821820839006,29.55522229875899,0,polar
9894350,60240,OOV-CUBE (TUBSAT-30),578.2023270934333,34.0,2263000000.0,52.0,4.2,bad,S,953.4269623994987,159.12722288853888,0.1395633897684823,0.02434325973216028,25.86217815257524,0,polar
9894360,60240,OOV-CUBE (TUBSAT-30),578.2023270934333,59.0,2263000000.0,63.854,20.208,bad,S,664.7159738692317,155.99419661062367,0.09104740355696214,0.015880888221493115,29.052182788212633,0,polar
9894380,60240,OOV-CUBE (TUBSAT-30),578.2023270934333,22.0,2263000000.0,52.2179,5.1645,bad,S,1273.867983004427,161.6439627475658,0.20833284441475114,0.0363383302078073,23.264673768426405,0,polar
9894393,60240,OOV-CUBE (TUBSAT-30),578.2023270934333,22.0,2263000000.0,52.2179,5.1645,bad,S,1273.867983004427,161.6439627475658,0.20833284441475114,0.0363383302078073,23.264673768426405,0,polar
9894349,60240,OOV-CUBE (TUBSAT-30),578.2023270934333,22.0,2263000000.0,52.0,4.2,bad,S,1273.867983004427,161.6439627475658,0.20833284441475114,0.0363383302078073,23.264673768426405,0,polar
9894359,60240,OOV-CUBE (TUBSAT-30),578.2023270934333,69.0,2263000000.0,63.854,20.208,bad,S,615.5906188312701,155.32731415831697,0.08359521571770127,0.014581044871135186,29.727817271708943,0,polar
9894348,60240,OOV-CUBE (TUBSAT-30),578.2023270934333,30.0,2263000000.0,52.0,4.2,bad,S,1039.4280579494061,159.87736301767907,0.1560857142857143,0.02722515617913845,25.09263380247083,0,polar
9894347,60240,OOV-CUBE (TUBSAT-30),578.2023270934333,84.0,2263000000.0,52.0,4.2,bad,S,581.1205506378301,154.82679898135194,0.07847273901793557,0.01368755997526677,30.234348410269604,0,polar
9894346,60240,OOV-CUBE (TUBSAT-30),578.2023270934333,16.0,2263000000.0,52.0,4.2,bad,S,1528.4004305090584,163.22621732788588,0.28313599552402924,0.04938582453463554,21.59456854267023,0,polar
9894365,60240,OOV-CUBE (TUBSAT-30),578.2236996657875,14.0,2263000000.0,53.1094,6.1076,bad,S,1633.654793038135,163.8046801268219,0.32259526137312694,0.056268483081396294,20.96976381933834,0,polar
9894389,60240,OOV-CUBE (TUBSAT-30),578.2236996657875,16.0,2263000000.0,52.2179,5.1645,bad,S,1528.445668965076,163.22647441393053,0.28313599552402924,0.04938582453463554,21.594311456625576,0,polar
9894345,60240,OOV-CUBE (TUBSAT-30),578.2236996657875,18.0,2263000000.0,52.0,4.2,bad,S,1434.1871012002584,162.6735905454418,0.2525519908725907,0.04405122804687023,22.18311392625347,0,polar
9894377,60240,OOV-CUBE (TUBSAT-30),578.2236996657875,85.0,2263000000.0,52.2179,5.1645,bad,S,580.2478895832974,154.81374569218866,0.07834096817856152,0.013664575926417509,30.247556454321114,0,polar
9894388,60240,OOV-CUBE (TUBSAT-30),578.2236996657875,85.0,2263000000.0,52.2179,5.1645,bad,S,580.2478895832974,154.81374569218866,0.07834096817856152,0.013664575926417509,30.247556454321114,0,polar
9894344,60240,OOV-CUBE (TUBSAT-30),578.2236996657875,89.0,2263000000.0,52.0,4.2,bad,S,578.3044565368637,154.78460508261654,0.07805474525862667,0.013614651666962149,30.27703321107262,0,polar
9875479,60240,OOV-CUBE (TUBSAT-30),578.256434483651,2.0,2263000000.0,52.0,4.2,bad,S,2563.142399283008,167.71692899590676,2.2362172672038683,0.15618681753400565,15.043974609970121,0,polar
9875491,60240,OOV-CUBE (TUBSAT-30),578.256434483651,3.0,2263000000.0,63.854,20.208,bad,S,2463.014510508583,167.37081370962557,1.491190048779881,0.15618681753400565,16.135117114675296,0,polar
9875504,60240,OOV-CUBE (TUBSAT-30),578.256434483651,21.0,2263000000.0,53.1094,6.1076,bad,S,1310.8470105266038,161.89251446031435,0.21777298232690298,0.037984920545603915,23.00503532742792,0,polar
9875519,60240,OOV-CUBE (TUBSAT-30),578.256434483651,23.0,2263000000.0,52.2179,5.1645,bad,S,1239.019077525526,161.4030341686167,0.19973544837495472,0.03483873461067976,23.51569933901243,0,polar
9875534,60240,OOV-CUBE (TUBSAT-30),578.256434483651,23.0,2263000000.0,52.2179,5.1645,bad,S,1239.019077525526,161.4030341686167,0.19973544837495472,0.03483873461067976,23.51569933901243,0,polar
9875478,60240,OOV-CUBE (TUBSAT-30),578.256434483651,25.0,2263000000.0,52.0,4.2,bad,S,1174.4428857922926,160.93811233094112,0.18466513212517283,0.03221010382632571,23.998320123722152,0,polar
9875490,60240,OOV-CUBE (TUBSAT-30),578.256434483651,17.0,2263000000.0,63.854,20.208,bad,S,1480.091055854389,162.9472429850753,0.26693026678784487,0.04655915011501665,21.89257528863658,0,polar
9875518,60240,OOV-CUBE (TUBSAT-30),578.256434483651,33.0,2263000000.0,52.2179,5.1645,bad,S,973.457443357383,159.30781370532972,0.14329280886138443,0.024993761398673233,25.67720741502498,0,polar
9875533,60240,OOV-CUBE (TUBSAT-30),578.256434483651,33.0,2263000000.0,52.2179,5.1645,bad,S,973.457443357383,159.30781370532972,0.14329280886138443,0.024993761398673233,25.67720741502498,0,polar
9875503,60240,OOV-CUBE (TUBSAT-30),578.256434483651,34.0,2263000000.0,53.1094,6.1076,bad,S,953.5102332784745,159.1279814679687,0.1395633897684823,0.02434325973216028,25.86141957314541,0,polar
9875477,60240,OOV-CUBE (TUBSAT-30),578.256434483651,33.0,2263000000.0,52.0,4.2,bad,S,973.457443357383,159.30781370532972,0.14329280886138443,0.024993761398673233,25.67720741502498,0,polar
9875489,60240,OOV-CUBE (TUBSAT-30),578.256434483651,28.0,2263000000.0,63.854,20.208,bad,S,1089.386200060762,160.28511169079746,0.16623553656741866,0.028995532783265582,24.672964930466605,0,polar
9875517,60240,OOV-CUBE (TUBSAT-30),578.256434483651,27.0,2263000000.0,52.2179,5.1645,bad,S,1116.2882103699449,160.49700106063543,0.17190416360613303,0.02998427962122275,24.45441818675195,0,polar
9875532,60240,OOV-CUBE (TUBSAT-30),578.256434483651,27.0,2263000000.0,52.2179,5.1645,bad,S,1116.2882103699449,160.49700106063543,0.17190416360613303,0.02998427962122275,24.45441818675195,0,polar
9875476,60240,OOV-CUBE (TUBSAT-30),578.256434483651,25.0,2263000000.0,52.0,4.2,bad,S,1174.4428857922926,160.93811233094112,0.18466513212517283,0.03221010382632571,23.998320123722152,0,polar
9875488,60240,OOV-CUBE (TUBSAT-30),578.2736512556085,32.0,2263000000.0,63.854,20.208,bad,S,994.4280866538875,159.4929419416171,0.14727310820788037,0.025688022701470713,25.487404618088306,0,polar
9875502,60240,OOV-CUBE (TUBSAT-30),578.2736512556085,26.0,2263000000.0,53.1094,6.1076,bad,S,1144.6412717598118,160.714862320865,0.17802918306666637,0.031052632430936256,24.22936355425216,0,polar
9875516,60240,OOV-CUBE (TUBSAT-30),578.2736512556085,23.0,2263000000.0,52.2179,5.1645,bad,S,1239.051176499845,161.40325918899134,0.19973544837495472,0.03483873461067976,23.515474318637786,0,polar
9875531,60240,OOV-CUBE (TUBSAT-30),578.2736512556085,23.0,2263000000.0,52.2179,5.1645,bad,S,1239.051176499845,161.40325918899134,0.19973544837495472,0.03483873461067976,23.515474318637786,0,polar
9875475,60240,OOV-CUBE (TUBSAT-30),578.2736512556085,23.0,2263000000.0,52.0,4.2,bad,S,1239.051176499845,161.40325918899134,0.19973544837495472,0.03483873461067976,23.515474318637786,0,polar
9875487,60240,OOV-CUBE (TUBSAT-30),578.2736512556085,30.0,2263000000.0,63.854,20.208,bad,S,1039.5453929708074,159.87834346218372,0.1560857142857143,0.02722515617913845,25.09165335796618,0,polar
9875501,60240,OOV-CUBE (TUBSAT-30),578.2736512556085,29.0,2263000000.0,53.1094,6.1076,bad,S,1063.8505676028358,160.07908689355747,0.16097629643405736,0.028078193008324637,24.885166307614895,0,polar
9875515,60240,OOV-CUBE (TUBSAT-30),578.2736512556085,28.0,2263000000.0,52.2179,5.1645,bad,S,1089.4155276754746,160.28534552246882,0.16623553656741866,0.028995532783265582,24.672731098795254,0,polar
9875530,60240,OOV-CUBE (TUBSAT-30),578.2736512556085,28.0,2263000000.0,52.2179,5.1645,bad,S,1089.4155276754746,160.28534552246882,0.16623553656741866,0.028995532783265582,24.672731098795254,0,polar
9875474,60240,OOV-CUBE (TUBSAT-30),578.2736512556085,28.0,2263000000.0,52.0,4.2,bad,S,1089.4155276754746,160.28534552246882,0.16623553656741866,0.028995532783265582,24.672731098795254,0,polar
9875486,60240,OOV-CUBE (TUBSAT-30),578.2736512556085,23.0,2263000000.0,63.854,20.208,bad,S,1239.051176499845,161.40325918899134,0.19973544837495472,0.03483873461067976,23.515474318637786,0,polar
9875500,60240,OOV-CUBE (TUBSAT-30),578.2736512556085,27.0,2263000000.0,53.1094,6.1076,bad,S,1116.3180631299483,160.49723334322093,0.17190416360613303,0.02998427962122275,24.45418590416645,0,polar
9875514,60240,OOV-CUBE (TUBSAT-30),578.2736512556085,27.0,2263000000.0,52.2179,5.1645,bad,S,1116.3180631299483,160.49723334322093,0.17190416360613303,0.02998427962122275,24.45418590416645,0,polar
9875529,60240,OOV-CUBE (TUBSAT-30),578.2736512556085,27.0,2263000000.0,52.2179,5.1645,bad,S,1116.3180631299483,160.49723334322093,0.17190416360613303,0.02998427962122275,24.45418590416645,0,polar
9875473,60240,OOV-CUBE (TUBSAT-30),578.2736512556085,26.0,2263000000.0,52.0,4.2,bad,S,1144.6412717598118,160.714862320865,0.17802918306666637,0.031052632430936256,24.22936355425216,0,polar
9875485,60240,OOV-CUBE (TUBSAT-30),578.2736512556085,10.0,2263000000.0,63.854,20.208,bad,S,1882.0448777766505,165.03407380223294,0.449430902134481,0.07839171290169901,19.591411273345642,0,polar
9875499,60240,OOV-CUBE (TUBSAT-30),578.2736512556085,7.0,2263000000.0,53.1094,6.1076,bad,S,2106.311539213816,166.01192644095914,0.6403813704272472,0.11169813268226945,18.389301746546096,0,polar
9875472,60240,OOV-CUBE (TUBSAT-30),578.2736512556085,6.0,2263000000.0,52.0,4.2,bad,S,2189.087141831664,166.34673530175974,0.7466182387377319,0.13022843409371793,17.92972571602357,0,polar
9875513,60240,OOV-CUBE (TUBSAT-30),578.2736512556085,7.0,2263000000.0,52.2179,5.1645,bad,S,2106.311539213816,166.01192644095914,0.6403813704272472,0.11169813268226945,18.389301746546096,0,polar
9875528,60240,OOV-CUBE (TUBSAT-30),578.2736512556085,7.0,2263000000.0,52.2179,5.1645,bad,S,2106.311539213816,166.01192644095914,0.6403813704272472,0.11169813268226945,18.389301746546096,0,polar
9875498,60240,OOV-CUBE (TUBSAT-30),578.2942154423699,3.0,2263000000.0,53.1094,6.1076,bad,S,2463.1084798999927,167.37114508899424,1.491190048779881,0.15618681753400565,16.13478573530662,0,polar
9875512,60240,OOV-CUBE (TUBSAT-30),578.2942154423699,4.0,2263000000.0,52.2179,5.1645,bad,S,2367.4232882746805,167.0269926097639,1.1187901703450096,0.15618681753400565,16.851338092971815,0,polar
9875527,60240,OOV-CUBE (TUBSAT-30),578.2942154423699,4.0,2263000000.0,52.2179,5.1645,bad,S,2367.4232882746805,167.0269926097639,1.1187901703450096,0.15618681753400565,16.851338092971815,0,polar
9875471,60240,OOV-CUBE (TUBSAT-30),578.2942154423699,5.0,2263000000.0,52.0,4.2,bad,S,2276.125463616639,166.68539824853724,0.8954413637299202,0.15618681753400565,17.416281260813577,0,polar
9875484,60240,OOV-CUBE (TUBSAT-30),578.3044867449371,5.0,2263000000.0,63.854,20.208,bad,S,2276.150693462032,166.6854945272537,0.8954413637299202,0.15618681753400565,17.41618498209712,0,polar
9875511,60240,OOV-CUBE (TUBSAT-30),578.3044867449371,34.0,2263000000.0,52.2179,5.1645,bad,S,953.5841846150752,159.12865509287434,0.1395633897684823,0.02434325973216028,25.86074594823978,0,polar
9875526,60240,OOV-CUBE (TUBSAT-30),578.3044867449371,34.0,2263000000.0,52.2179,5.1645,bad,S,953.5841846150752,159.12865509287434,0.1395633897684823,0.02434325973216028,25.86074594823978,0,polar
9875497,60240,OOV-CUBE (TUBSAT-30),578.3044867449371,29.0,2263000000.0,53.1094,6.1076,bad,S,1063.9021801581453,160.0795082780063,0.16097629643405736,0.028078193008324637,24.884744923166068,0,polar
9875470,60240,OOV-CUBE (TUBSAT-30),578.3044867449371,36.0,2263000000.0,52.0,4.2,bad,S,916.4574949055732,158.7837208466582,0.13277443902934838,0.023159101111294655,26.213653303815875,0,polar
9875483,60240,OOV-CUBE (TUBSAT-30),578.3044867449371,21.0,2263000000.0,63.854,20.208,bad,S,1310.9399511782735,161.89313027865157,0.21777298232690298,0.037984920545603915,23.004419509090695,0,polar
9875510,60240,OOV-CUBE (TUBSAT-30),578.3044867449371,24.0,2263000000.0,52.2179,5.1645,bad,S,1205.9667156739529,161.1681807323738,0.19187564846060087,0.03346779377099879,23.75978351600935,0,polar
9875525,60240,OOV-CUBE (TUBSAT-30),578.3044867449371,24.0,2263000000.0,52.2179,5.1645,bad,S,1205.9667156739529,161.1681807323738,0.19187564846060087,0.03346779377099879,23.75978351600935,0,polar
9875496,60240,OOV-CUBE (TUBSAT-30),578.3044867449371,24.0,2263000000.0,53.1094,6.1076,bad,S,1205.9667156739529,161.1681807323738,0.19187564846060087,0.03346779377099879,23.75978351600935,0,polar
9875469,60240,OOV-CUBE (TUBSAT-30),578.3044867449371,23.0,2263000000.0,52.0,4.2,bad,S,1239.1086657387332,161.40366218574397,0.19973544837495472,0.03483873461067976,23.51507132188516,0,polar
9875482,60240,OOV-CUBE (TUBSAT-30),578.3044867449371,23.0,2263000000.0,63.854,20.208,bad,S,1239.1086657387332,161.40366218574397,0.19973544837495472,0.03483873461067976,23.51507132188516,0,polar
9875495,60240,OOV-CUBE (TUBSAT-30),578.3044867449371,28.0,2263000000.0,53.1094,6.1076,bad,S,1089.4680535155758,160.28576429991458,0.16623553656741866,0.028995532783265582,24.672312321349494,0,polar
9875509,60240,OOV-CUBE (TUBSAT-30),578.3044867449371,24.0,2263000000.0,52.2179,5.1645,bad,S,1205.9667156739529,161.1681807323738,0.19187564846060087,0.03346779377099879,23.75978351600935,0,polar
9875524,60240,OOV-CUBE (TUBSAT-30),578.3044867449371,24.0,2263000000.0,52.2179,5.1645,bad,S,1205.9667156739529,161.1681807323738,0.19187564846060087,0.03346779377099879,23.75978351600935,0,polar
9875468,60240,OOV-CUBE (TUBSAT-30),578.3044867449371,23.0,2263000000.0,52.0,4.2,bad,S,1239.1086657387332,161.40366218574397,0.19973544837495472,0.03483873461067976,23.51507132188516,0,polar
9875481,60240,OOV-CUBE (TUBSAT-30),578.3044867449371,24.0,2263000000.0,63.854,20.208,bad,S,1205.9667156739529,161.1681807323738,0.19187564846060087,0.03346779377099879,23.75978351600935,0,polar
9875494,60240,OOV-CUBE (TUBSAT-30),578.3044867449371,28.0,2263000000.0,53.1094,6.1076,bad,S,1089.4680535155758,160.28576429991458,0.16623553656741866,0.028995532783265582,24.672312321349494,0,polar
9875508,60240,OOV-CUBE (TUBSAT-30),578.3044867449371,25.0,2263000000.0,52.2179,5.1645,bad,S,1174.529260807567,160.93875111574027,0.18466513212517283,0.03221010382632571,23.997681338923,0,polar
9875523,60240,OOV-CUBE (TUBSAT-30),578.3044867449371,25.0,2263000000.0,52.2179,5.1645,bad,S,1174.529260807567,160.93875111574027,0.18466513212517283,0.03221010382632571,23.997681338923,0,polar
9875467,60240,OOV-CUBE (TUBSAT-30),578.3044867449371,25.0,2263000000.0,52.0,4.2,bad,S,1174.529260807567,160.93875111574027,0.18466513212517283,0.03221010382632571,23.997681338923,0,polar
9875507,60240,OOV-CUBE (TUBSAT-30),578.3044867449371,15.0,2263000000.0,52.2179,5.1645,bad,S,1579.7788775829463,163.51340035695148,0.301534445086696,0.052594962956366474,21.28577792562021,0,polar
9875522,60240,OOV-CUBE (TUBSAT-30),578.3044867449371,15.0,2263000000.0,52.2179,5.1645,bad,S,1579.7788775829463,163.51340035695148,0.301534445086696,0.052594962956366474,21.28577792562021,0,polar
9875466,60240,OOV-CUBE (TUBSAT-30),578.3044867449371,17.0,2263000000.0,52.0,4.2,bad,S,1480.1909897269195,162.94782942553934,0.26693026678784487,0.04655915011501665,21.89198884817253,0,polar
9875493,60240,OOV-CUBE (TUBSAT-30),578.3044867449371,30.0,2263000000.0,53.1094,6.1076,bad,S,1039.5961196440503,159.87876729700488,0.1560857142857143,0.02722515617913845,25.091229523145017,0,polar
9875506,60240,OOV-CUBE (TUBSAT-30),578.3044867449371,30.0,2263000000.0,52.2179,5.1645,bad,S,1039.5961196440503,159.87876729700488,0.1560857142857143,0.02722515617913845,25.091229523145017,0,polar
